user_id,gender,age,age_group,mod_price,price_group,fre_city,fre_community_type,fre_city_level
1,M,61,60+,1999,1001-2000,开封,乡村,四线城市
2,F,52,46-60,1199,1001-2000,滁州,城区,三线城市
3,F,22,19-25,899,<=1000,广安,乡村,五线城市
4,M,53,46-60,1398,1001-2000,铁岭,镇区,五线城市
5,M,75,60+,1469,1001-2000,青岛,unknown,新一线城市
6,M,73,60+,1299,1001-2000,石家庄,乡村,二线城市
8,M,52,46-60,699,<=1000,太原,unknown,二线城市
9,F,38,36-45,899,<=1000,陵水黎族自治县,乡村,五线城市
10,F,31,26-35,1899,1001-2000,西安,unknown,新一线城市
11,M,55,46-60,1299,1001-2000,四平,unknown,五线城市
12,M,73,60+,2499,2001-4000,大理白族自治州,乡村,四线城市
13,F,42,36-45,1548,1001-2000,兴安盟,unknown,五线城市
14,M,57,46-60,1548,1001-2000,淄博,unknown,三线城市
16,M,67,60+,16999,7000+,北京,城区,一线城市
17,F,35,26-35,1398,1001-2000,阜新,乡村,五线城市
18,M,32,26-35,1099,1001-2000,凉山彝族自治州,乡村,五线城市
19,F,58,46-60,1799,1001-2000,黄石,乡村,四线城市
20,M,36,36-45,1199,1001-2000,菏泽,unknown,四线城市
21,M,76,60+,1279,1001-2000,石家庄,城区,二线城市
23,M,72,60+,1299,1001-2000,大连,unknown,二线城市
24,M,41,36-45,1899,1001-2000,长沙,unknown,新一线城市
25,F,36,36-45,999,<=1000,池州,乡村,五线城市
26,M,58,46-60,499,<=1000,柳州,unknown,三线城市
27,M,32,26-35,1556,1001-2000,商洛,unknown,五线城市
28,F,40,36-45,3399,2001-4000,桂林,unknown,三线城市
29,F,34,26-35,1599,1001-2000,文山壮族苗族自治州,unknown,五线城市
30,F,70,60+,2699,2001-4000,崇左,乡村,五线城市
31,F,49,46-60,1099,1001-2000,湛江,unknown,三线城市
32,M,56,46-60,1668,1001-2000,阳江,unknown,四线城市
33,F,33,26-35,799,<=1000,东莞,镇区,新一线城市
35,M,72,60+,1398,1001-2000,北海,乡村,四线城市
37,M,28,26-35,1068,1001-2000,娄底,乡村,四线城市
38,M,57,46-60,1068,1001-2000,德州,乡村,四线城市
39,M,36,36-45,699,<=1000,普洱,乡村,五线城市
40,M,58,46-60,3199,2001-4000,呼伦贝尔,乡村,五线城市
41,F,60,46-60,899,<=1000,济宁,unknown,三线城市
42,F,39,36-45,2699,2001-4000,枣庄,城区,四线城市
43,M,31,26-35,1688,1001-2000,拉萨,乡村,四线城市
44,M,29,26-35,1298,1001-2000,孝感,城区,四线城市
46,F,39,36-45,1798,1001-2000,商洛,unknown,五线城市
47,M,61,60+,1498,1001-2000,楚雄彝族自治州,乡村,五线城市
48,M,52,46-60,1068,1001-2000,昭通,乡村,五线城市
49,F,51,46-60,1199,1001-2000,大连,城区,二线城市
50,M,66,60+,1798,1001-2000,吉林,乡村,三线城市
51,M,54,46-60,3199,2001-4000,济宁,镇区,三线城市
52,M,57,46-60,1068,1001-2000,滨州,乡村,四线城市
53,M,78,60+,1398,1001-2000,烟台,unknown,二线城市
54,M,51,46-60,2399,2001-4000,石家庄,unknown,二线城市
55,M,35,26-35,1068,1001-2000,吴忠,乡村,五线城市
56,M,79,60+,1068,1001-2000,呼和浩特,乡村,三线城市
57,M,34,26-35,17799,7000+,长治,unknown,五线城市
58,M,56,46-60,1599,1001-2000,渭南,城区,四线城市
59,M,52,46-60,1699,1001-2000,银川,unknown,三线城市
60,M,58,46-60,1599,1001-2000,杭州,城区,新一线城市
61,F,75,60+,1348,1001-2000,呼和浩特,城区,三线城市
62,F,53,46-60,1099,1001-2000,包头,镇区,三线城市
63,F,47,46-60,3999,2001-4000,来宾,乡村,五线城市
64,M,51,46-60,1699,1001-2000,赤峰,城区,四线城市
65,F,64,60+,5269,4001-7000,榆林,unknown,四线城市
66,M,39,36-45,1400,1001-2000,珠海,城区,二线城市
67,M,57,46-60,1299,1001-2000,苏州,unknown,新一线城市
68,F,60,46-60,1199,1001-2000,贵港,乡村,五线城市
69,M,61,60+,1149,1001-2000,菏泽,乡村,四线城市
70,M,44,36-45,1699,1001-2000,太原,乡村,二线城市
72,F,28,26-35,2399,2001-4000,驻马店,乡村,四线城市
73,M,72,60+,1599,1001-2000,防城港,unknown,五线城市
74,M,61,60+,6499,4001-7000,三明,unknown,三线城市
76,M,33,26-35,1548,1001-2000,郑州,unknown,新一线城市
77,M,54,46-60,999,<=1000,西安,城区,新一线城市
78,F,34,26-35,1580,1001-2000,石家庄,城区,二线城市
79,F,68,60+,1498,1001-2000,菏泽,unknown,四线城市
81,M,35,26-35,1068,1001-2000,金昌,乡村,五线城市
82,F,40,36-45,1688,1001-2000,岳阳,乡村,三线城市
83,M,70,60+,899,<=1000,邯郸,unknown,三线城市
84,M,77,60+,1299,1001-2000,丹东,unknown,四线城市
86,M,64,60+,1098,1001-2000,濮阳,unknown,五线城市
87,M,50,46-60,1199,1001-2000,平顶山,乡村,四线城市
88,M,59,46-60,999,<=1000,菏泽,unknown,四线城市
90,M,79,60+,1099,1001-2000,烟台,镇区,二线城市
91,M,34,26-35,1199,1001-2000,红河哈尼族彝族自治州,unknown,四线城市
92,M,43,36-45,799,<=1000,亳州,乡村,五线城市
93,F,37,36-45,1499,1001-2000,邯郸,镇区,三线城市
94,F,67,60+,1099,1001-2000,伊犁哈萨克自治州,乡村,五线城市
95,F,61,60+,649,<=1000,德州,乡村,四线城市
96,M,44,36-45,4399,4001-7000,六盘水,unknown,四线城市
97,F,69,60+,899,<=1000,南通,unknown,二线城市
98,M,73,60+,3199,2001-4000,通辽,乡村,五线城市
99,F,69,60+,1398,1001-2000,普洱,乡村,五线城市
100,M,62,60+,1068,1001-2000,衡阳,城区,三线城市
101,M,58,46-60,1548,1001-2000,铁岭,城区,五线城市
102,M,51,46-60,1199,1001-2000,青岛,unknown,新一线城市
103,M,59,46-60,1599,1001-2000,张家口,乡村,四线城市
104,M,76,60+,3498,2001-4000,聊城,镇区,四线城市
105,M,71,60+,3699,2001-4000,海口,unknown,二线城市
106,M,50,46-60,599,<=1000,潍坊,乡村,三线城市
107,M,51,46-60,899,<=1000,信阳,unknown,三线城市
109,F,64,60+,2498,2001-4000,百色,乡村,四线城市
110,F,59,46-60,1199,1001-2000,临沂,乡村,三线城市
111,F,57,46-60,1799,1001-2000,赣州,城区,三线城市
112,M,66,60+,999,<=1000,枣庄,乡村,四线城市
113,F,51,46-60,1299,1001-2000,衡水,unknown,五线城市
115,F,63,60+,1699,1001-2000,抚顺,城区,五线城市
117,M,42,36-45,3299,2001-4000,南阳,unknown,三线城市
118,M,58,46-60,3999,2001-4000,重庆,unknown,新一线城市
119,F,72,60+,1099,1001-2000,泰安,城区,三线城市
120,M,24,19-25,1798,1001-2000,黔南布依族苗族自治州,镇区,四线城市
121,M,74,60+,1129,1001-2000,武威,unknown,五线城市
122,M,75,60+,1199,1001-2000,汉中,unknown,五线城市
123,F,64,60+,1599,1001-2000,芜湖,unknown,三线城市
124,F,21,19-25,4899,4001-7000,永州,unknown,四线城市
125,F,34,26-35,1499,1001-2000,运城,乡村,四线城市
126,M,71,60+,1139,1001-2000,伊春,unknown,五线城市
127,F,33,26-35,1099,1001-2000,蚌埠,乡村,三线城市
128,M,56,46-60,1068,1001-2000,濮阳,乡村,五线城市
129,M,54,46-60,1068,1001-2000,临沂,乡村,三线城市
130,M,71,60+,1599,1001-2000,来宾,乡村,五线城市
131,M,62,60+,1498,1001-2000,哈尔滨,unknown,二线城市
132,F,73,60+,3299,2001-4000,绥化,镇区,四线城市
133,F,52,46-60,999,<=1000,钦州,乡村,五线城市
134,M,68,60+,1398,1001-2000,吉林,乡村,三线城市
137,M,63,60+,1599,1001-2000,邵阳,unknown,四线城市
138,M,65,60+,999,<=1000,汕头,unknown,三线城市
139,M,73,60+,2999,2001-4000,桂林,unknown,三线城市
140,M,69,60+,1199,1001-2000,威海,乡村,三线城市
141,M,63,60+,1068,1001-2000,邢台,乡村,四线城市
143,M,39,36-45,1798,1001-2000,安顺,乡村,四线城市
144,F,33,26-35,1189,1001-2000,长沙,unknown,新一线城市
145,M,33,26-35,1498,1001-2000,百色,unknown,四线城市
146,M,66,60+,1599,1001-2000,普洱,unknown,五线城市
147,M,75,60+,1699,1001-2000,吉安,unknown,四线城市
148,M,58,46-60,1448,1001-2000,鞍山,城区,三线城市
150,F,79,60+,1798,1001-2000,大连,unknown,二线城市
151,M,56,46-60,1580,1001-2000,临沂,unknown,三线城市
152,F,64,60+,1049,1001-2000,济宁,乡村,三线城市
153,F,77,60+,743,<=1000,赤峰,城区,四线城市
154,M,27,26-35,2499,2001-4000,毕节,unknown,四线城市
155,M,40,36-45,999,<=1000,唐山,乡村,三线城市
156,M,56,46-60,6399,4001-7000,鄂尔多斯,镇区,四线城市
157,M,34,26-35,1098,1001-2000,东莞,镇区,新一线城市
159,F,34,26-35,2699,2001-4000,黔西南布依族苗族自治州,镇区,五线城市
160,F,40,36-45,1999,1001-2000,银川,城区,三线城市
161,F,40,36-45,2299,2001-4000,信阳,乡村,三线城市
162,M,52,46-60,4399,4001-7000,晋中,乡村,四线城市
163,M,57,46-60,1099,1001-2000,张家界,unknown,五线城市
165,M,65,60+,1399,1001-2000,徐州,乡村,二线城市
167,M,26,26-35,1199,1001-2000,伊犁哈萨克自治州,unknown,五线城市
168,M,69,60+,1299,1001-2000,南京,unknown,新一线城市
169,F,53,46-60,999,<=1000,兰州,unknown,二线城市
170,M,54,46-60,1189,1001-2000,酒泉,unknown,五线城市
171,F,46,46-60,1899,1001-2000,临沂,unknown,三线城市
172,F,63,60+,1299,1001-2000,北京,城区,一线城市
173,M,50,46-60,599,<=1000,济宁,unknown,三线城市
174,M,66,60+,999,<=1000,武汉,unknown,新一线城市
175,M,39,36-45,3498,2001-4000,临沧,乡村,五线城市
177,M,77,60+,1099,1001-2000,朔州,城区,五线城市
179,M,53,46-60,3599,2001-4000,濮阳,unknown,五线城市
180,F,55,46-60,1499,1001-2000,盐城,镇区,三线城市
181,M,31,26-35,1899,1001-2000,北京,unknown,一线城市
182,M,64,60+,4099,4001-7000,榆林,unknown,四线城市
183,M,35,26-35,1398,1001-2000,汉中,乡村,五线城市
184,M,55,46-60,1599,1001-2000,厦门,unknown,二线城市
186,M,33,26-35,1068,1001-2000,文山壮族苗族自治州,乡村,五线城市
187,M,49,46-60,1899,1001-2000,鄂尔多斯,城区,四线城市
188,M,24,19-25,799,<=1000,遵义,乡村,三线城市
189,F,76,60+,1199,1001-2000,南宁,unknown,二线城市
190,M,56,46-60,1068,1001-2000,周口,乡村,四线城市
191,M,55,46-60,899,<=1000,驻马店,乡村,四线城市
192,F,50,46-60,1999,1001-2000,赣州,unknown,三线城市
193,M,46,46-60,1498,1001-2000,鄂尔多斯,镇区,四线城市
194,F,37,36-45,3999,2001-4000,贵阳,城区,二线城市
195,M,70,60+,1068,1001-2000,南充,乡村,四线城市
196,F,36,36-45,1099,1001-2000,东莞,镇区,新一线城市
198,M,63,60+,1199,1001-2000,咸阳,镇区,三线城市
199,M,37,36-45,899,<=1000,曲靖,乡村,四线城市
200,M,64,60+,1199,1001-2000,聊城,乡村,四线城市
201,M,73,60+,1099,1001-2000,通辽,乡村,五线城市
202,F,25,19-25,1298,1001-2000,邯郸,镇区,三线城市
203,M,52,46-60,1099,1001-2000,枣庄,乡村,四线城市
204,M,77,60+,1200,1001-2000,洛阳,乡村,三线城市
206,F,59,46-60,2100,2001-4000,济宁,城区,三线城市
207,F,38,36-45,1068,1001-2000,梧州,乡村,四线城市
208,M,61,60+,3999,2001-4000,西安,城区,新一线城市
210,M,35,26-35,1299,1001-2000,贺州,unknown,五线城市
211,F,74,60+,1298,1001-2000,伊犁哈萨克自治州,乡村,五线城市
212,F,70,60+,799,<=1000,菏泽,乡村,四线城市
213,F,51,46-60,1299,1001-2000,郑州,乡村,新一线城市
215,M,38,36-45,549,<=1000,张家口,乡村,四线城市
216,M,67,60+,1498,1001-2000,牡丹江,乡村,四线城市
217,M,33,26-35,1068,1001-2000,邯郸,城区,三线城市
218,M,60,46-60,999,<=1000,陇南,unknown,五线城市
219,M,71,60+,1398,1001-2000,铁岭,乡村,五线城市
220,F,77,60+,899,<=1000,衢州,乡村,四线城市
221,M,62,60+,1158,1001-2000,徐州,城区,二线城市
222,M,35,26-35,1189,1001-2000,普洱,unknown,五线城市
223,F,39,36-45,2999,2001-4000,昌都,unknown,五线城市
225,F,58,46-60,799,<=1000,西宁,城区,四线城市
227,M,77,60+,1599,1001-2000,东营,unknown,四线城市
228,M,74,60+,938,<=1000,株洲,镇区,三线城市
230,M,52,46-60,899,<=1000,西安,unknown,新一线城市
231,F,66,60+,2149,2001-4000,济宁,unknown,三线城市
232,M,55,46-60,599,<=1000,邯郸,乡村,三线城市
233,F,33,26-35,3299,2001-4000,驻马店,unknown,四线城市
234,M,54,46-60,1199,1001-2000,沧州,unknown,三线城市
235,M,32,26-35,2199,2001-4000,海口,unknown,二线城市
237,M,34,26-35,899,<=1000,防城港,unknown,五线城市
238,M,73,60+,4999,4001-7000,三亚,城区,三线城市
239,M,36,36-45,1789,1001-2000,天水,乡村,五线城市
240,M,64,60+,3199,2001-4000,唐山,unknown,三线城市
241,M,61,60+,1789,1001-2000,宣城,unknown,四线城市
242,M,60,46-60,1899,1001-2000,东营,unknown,四线城市
244,F,67,60+,1099,1001-2000,贵港,乡村,五线城市
245,F,58,46-60,3098,2001-4000,南阳,unknown,三线城市
246,F,53,46-60,2288,2001-4000,乌鲁木齐,unknown,三线城市
247,F,75,60+,999,<=1000,葫芦岛,unknown,五线城市
248,M,71,60+,1699,1001-2000,潍坊,unknown,三线城市
249,F,25,19-25,3498,2001-4000,贺州,乡村,五线城市
250,M,77,60+,899,<=1000,大同,乡村,四线城市
252,M,58,46-60,1199,1001-2000,沈阳,乡村,新一线城市
253,M,31,26-35,9299,7000+,台南,城区,三线城市
254,M,74,60+,1399,1001-2000,邵阳,镇区,四线城市
255,M,68,60+,3110,2001-4000,石家庄,unknown,二线城市
256,M,54,46-60,1099,1001-2000,朝阳,乡村,五线城市
258,M,77,60+,999,<=1000,徐州,城区,二线城市
259,M,65,60+,899,<=1000,潍坊,乡村,三线城市
260,M,27,26-35,6499,4001-7000,六盘水,unknown,四线城市
261,F,51,46-60,2458,2001-4000,无锡,unknown,二线城市
262,F,75,60+,3299,2001-4000,内江,城区,五线城市
263,F,40,36-45,3999,2001-4000,昆明,unknown,新一线城市
264,M,51,46-60,1899,1001-2000,济南,城区,二线城市
265,M,69,60+,1499,1001-2000,丽江,unknown,四线城市
266,M,67,60+,1399,1001-2000,百色,乡村,四线城市
267,M,61,60+,1068,1001-2000,临沂,城区,三线城市
268,F,70,60+,799,<=1000,玉溪,城区,五线城市
269,M,76,60+,1299,1001-2000,沈阳,unknown,新一线城市
270,M,24,19-25,1299,1001-2000,宝鸡,镇区,四线城市
271,M,55,46-60,799,<=1000,扬州,乡村,二线城市
272,M,39,36-45,899,<=1000,邯郸,乡村,三线城市
273,M,63,60+,3488,2001-4000,长沙,城区,新一线城市
274,M,69,60+,1599,1001-2000,百色,镇区,四线城市
275,F,58,46-60,1068,1001-2000,保定,镇区,三线城市
276,M,75,60+,1199,1001-2000,廊坊,乡村,三线城市
277,M,61,60+,1199,1001-2000,佳木斯,乡村,四线城市
278,M,56,46-60,2399,2001-4000,牡丹江,unknown,四线城市
279,M,71,60+,1068,1001-2000,绥化,镇区,四线城市
280,M,72,60+,1199,1001-2000,三门峡,unknown,五线城市
281,M,50,46-60,949,<=1000,济源,乡村,五线城市
282,M,59,46-60,1348,1001-2000,石家庄,乡村,二线城市
283,M,61,60+,1799,1001-2000,牡丹江,乡村,四线城市
284,F,20,19-25,1199,1001-2000,天津,unknown,新一线城市
285,M,66,60+,1299,1001-2000,济南,unknown,二线城市
286,M,59,46-60,1299,1001-2000,嘉兴,unknown,二线城市
288,F,27,26-35,1398,1001-2000,上饶,unknown,三线城市
291,M,67,60+,1199,1001-2000,衡水,乡村,五线城市
292,F,40,36-45,3499,2001-4000,徐州,unknown,二线城市
293,M,45,36-45,1399,1001-2000,泉州,unknown,二线城市
294,M,27,26-35,999,<=1000,厦门,城区,二线城市
295,M,52,46-60,1398,1001-2000,张家口,镇区,四线城市
296,M,51,46-60,1199,1001-2000,赤峰,乡村,四线城市
297,M,72,60+,2100,2001-4000,邢台,乡村,四线城市
298,F,57,46-60,599,<=1000,无锡,unknown,二线城市
299,M,69,60+,1299,1001-2000,株洲,乡村,三线城市
300,M,75,60+,1199,1001-2000,丹东,unknown,四线城市
301,M,55,46-60,999,<=1000,武汉,城区,新一线城市
302,F,74,60+,1068,1001-2000,六盘水,镇区,四线城市
303,M,75,60+,1150,1001-2000,合肥,镇区,二线城市
305,M,36,36-45,1068,1001-2000,沧州,乡村,三线城市
306,M,58,46-60,1299,1001-2000,黔东南苗族侗族自治州,乡村,四线城市
307,M,35,26-35,1398,1001-2000,巴音郭楞蒙古自治州,镇区,五线城市
308,F,72,60+,999,<=1000,大连,unknown,二线城市
309,F,31,26-35,1548,1001-2000,永州,乡村,四线城市
310,M,32,26-35,1099,1001-2000,南通,乡村,二线城市
311,M,33,26-35,1699,1001-2000,濮阳,镇区,五线城市
312,M,57,46-60,2299,2001-4000,黄石,城区,四线城市
313,M,50,46-60,1189,1001-2000,株洲,unknown,三线城市
314,M,56,46-60,1099,1001-2000,中山,unknown,二线城市
315,M,39,36-45,1398,1001-2000,临沧,乡村,五线城市
316,M,74,60+,1199,1001-2000,乌鲁木齐,unknown,三线城市
317,M,60,46-60,1599,1001-2000,平凉,城区,五线城市
318,M,50,46-60,1199,1001-2000,鄂尔多斯,镇区,四线城市
319,M,40,36-45,1599,1001-2000,昆明,unknown,新一线城市
320,F,33,26-35,999,<=1000,石家庄,unknown,二线城市
322,M,66,60+,999,<=1000,双鸭山,乡村,五线城市
323,F,70,60+,1498,1001-2000,吴忠,乡村,五线城市
325,M,60,46-60,999,<=1000,平凉,乡村,五线城市
326,F,76,60+,1199,1001-2000,天津,城区,新一线城市
327,M,68,60+,1999,1001-2000,深圳,城区,一线城市
328,M,43,36-45,3599,2001-4000,天津,城区,新一线城市
329,M,64,60+,599,<=1000,哈尔滨,镇区,二线城市
330,M,39,36-45,1189,1001-2000,桂林,城区,三线城市
331,F,39,36-45,2699,2001-4000,银川,unknown,三线城市
332,M,75,60+,1399,1001-2000,长春,城区,二线城市
333,M,32,26-35,499,<=1000,南平,乡村,三线城市
334,M,55,46-60,1999,1001-2000,临汾,unknown,四线城市
335,M,63,60+,558,<=1000,淮北,镇区,五线城市
336,M,69,60+,2999,2001-4000,邯郸,unknown,三线城市
337,F,51,46-60,999,<=1000,廊坊,unknown,三线城市
338,F,77,60+,3399,2001-4000,泰州,unknown,三线城市
339,F,54,46-60,849,<=1000,太原,unknown,二线城市
340,M,50,46-60,1099,1001-2000,安康,镇区,五线城市
341,M,62,60+,1699,1001-2000,廊坊,镇区,三线城市
342,M,37,36-45,1789,1001-2000,延安,乡村,五线城市
343,M,76,60+,3699,2001-4000,巴音郭楞蒙古自治州,unknown,五线城市
344,M,70,60+,1099,1001-2000,贵阳,乡村,二线城市
345,F,20,19-25,599,<=1000,金华,乡村,二线城市
346,M,50,46-60,599,<=1000,厦门,unknown,二线城市
347,M,26,26-35,5849,4001-7000,南宁,城区,二线城市
348,F,59,46-60,1699,1001-2000,沧州,乡村,三线城市
349,M,53,46-60,1699,1001-2000,娄底,unknown,四线城市
350,M,70,60+,1699,1001-2000,盐城,unknown,三线城市
352,M,54,46-60,1898,1001-2000,德州,镇区,四线城市
353,F,60,46-60,1099,1001-2000,贺州,乡村,五线城市
354,M,36,36-45,1399,1001-2000,信阳,镇区,三线城市
355,F,61,60+,2999,2001-4000,郑州,城区,新一线城市
356,M,68,60+,1068,1001-2000,鞍山,城区,三线城市
357,M,29,26-35,2698,2001-4000,南京,城区,新一线城市
358,F,79,60+,999,<=1000,石家庄,unknown,二线城市
359,M,79,60+,1068,1001-2000,防城港,乡村,五线城市
360,M,57,46-60,738,<=1000,枣庄,unknown,四线城市
361,M,53,46-60,1499,1001-2000,济南,unknown,二线城市
362,M,32,26-35,999,<=1000,新乡,unknown,三线城市
363,M,57,46-60,799,<=1000,青岛,城区,新一线城市
364,M,76,60+,899,<=1000,沈阳,镇区,新一线城市
365,F,65,60+,1299,1001-2000,德州,unknown,四线城市
366,F,69,60+,899,<=1000,淮安,城区,三线城市
367,F,36,36-45,1998,1001-2000,秦皇岛,unknown,三线城市
368,M,67,60+,1899,1001-2000,六安,镇区,四线城市
369,M,68,60+,1399,1001-2000,赣州,unknown,三线城市
370,M,33,26-35,2699,2001-4000,衡阳,unknown,三线城市
371,F,77,60+,1299,1001-2000,克孜勒苏柯尔克孜自治州,城区,五线城市
372,F,31,26-35,1198,1001-2000,唐山,乡村,三线城市
373,M,69,60+,1649,1001-2000,咸宁,unknown,四线城市
374,F,31,26-35,1798,1001-2000,漯河,城区,五线城市
375,M,50,46-60,1548,1001-2000,唐山,乡村,三线城市
377,M,38,36-45,1899,1001-2000,石家庄,unknown,二线城市
378,M,73,60+,2999,2001-4000,三门峡,乡村,五线城市
379,M,78,60+,999,<=1000,平顶山,unknown,四线城市
381,M,31,26-35,1199,1001-2000,永州,unknown,四线城市
382,M,35,26-35,999,<=1000,盐城,镇区,三线城市
383,M,49,46-60,599,<=1000,兰州,乡村,二线城市
384,F,75,60+,1599,1001-2000,西安,城区,新一线城市
385,F,76,60+,1398,1001-2000,铁岭,乡村,五线城市
386,F,65,60+,1999,1001-2000,遵义,镇区,三线城市
387,F,54,46-60,1699,1001-2000,北海,乡村,四线城市
388,M,40,36-45,1799,1001-2000,防城港,unknown,五线城市
389,M,34,26-35,1398,1001-2000,钦州,unknown,五线城市
390,M,66,60+,1199,1001-2000,邯郸,unknown,三线城市
391,M,58,46-60,1099,1001-2000,临沧,乡村,五线城市
392,M,25,19-25,1699,1001-2000,陵水黎族自治县,乡村,五线城市
393,M,48,46-60,899,<=1000,普洱,乡村,五线城市
395,M,44,36-45,899,<=1000,福州,unknown,二线城市
396,M,57,46-60,796,<=1000,沈阳,乡村,新一线城市
397,M,73,60+,599,<=1000,玉林,乡村,四线城市
398,M,38,36-45,1299,1001-2000,昆明,unknown,新一线城市
401,M,67,60+,3199,2001-4000,秦皇岛,unknown,三线城市
402,M,61,60+,3498,2001-4000,怀化,unknown,四线城市
403,M,52,46-60,6499,4001-7000,茂名,unknown,四线城市
404,F,57,46-60,2699,2001-4000,威海,unknown,三线城市
405,M,21,19-25,1199,1001-2000,上饶,乡村,三线城市
407,M,28,26-35,989,<=1000,咸宁,镇区,四线城市
408,F,22,19-25,1399,1001-2000,南宁,乡村,二线城市
409,M,54,46-60,1068,1001-2000,台州,乡村,二线城市
410,F,65,60+,2458,2001-4000,沧州,城区,三线城市
411,M,37,36-45,2788,2001-4000,安康,unknown,五线城市
412,M,38,36-45,1998,1001-2000,宿州,乡村,四线城市
413,M,70,60+,901,<=1000,武汉,乡村,新一线城市
414,F,69,60+,1798,1001-2000,宁波,乡村,新一线城市
415,F,57,46-60,1068,1001-2000,邵阳,乡村,四线城市
416,F,55,46-60,1299,1001-2000,石家庄,unknown,二线城市
417,M,79,60+,1398,1001-2000,亳州,乡村,五线城市
418,F,59,46-60,899,<=1000,菏泽,乡村,四线城市
419,M,59,46-60,1399,1001-2000,孝感,unknown,四线城市
420,F,34,26-35,1798,1001-2000,保定,城区,三线城市
421,F,55,46-60,999,<=1000,烟台,城区,二线城市
422,M,38,36-45,1798,1001-2000,铜陵,乡村,四线城市
423,M,59,46-60,1799,1001-2000,琼海,乡村,五线城市
424,M,74,60+,999,<=1000,开封,乡村,四线城市
425,M,32,26-35,3199,2001-4000,昭通,乡村,五线城市
428,M,71,60+,2099,2001-4000,驻马店,乡村,四线城市
429,M,65,60+,1899,1001-2000,新乡,城区,三线城市
430,M,66,60+,1599,1001-2000,驻马店,unknown,四线城市
431,M,32,26-35,1599,1001-2000,遵义,乡村,三线城市
432,M,54,46-60,1299,1001-2000,苏州,unknown,新一线城市
433,F,63,60+,899,<=1000,石家庄,unknown,二线城市
434,F,73,60+,899,<=1000,马鞍山,城区,三线城市
435,F,77,60+,1899,1001-2000,沈阳,城区,新一线城市
436,M,52,46-60,2198,2001-4000,嘉峪关,unknown,五线城市
437,M,75,60+,3699,2001-4000,长春,乡村,二线城市
438,M,60,46-60,2299,2001-4000,成都,unknown,新一线城市
439,M,72,60+,999,<=1000,齐齐哈尔,乡村,四线城市
440,M,72,60+,2499,2001-4000,厦门,unknown,二线城市
441,M,65,60+,1199,1001-2000,连云港,unknown,三线城市
442,M,56,46-60,1789,1001-2000,北京,unknown,一线城市
443,M,59,46-60,3199,2001-4000,梧州,unknown,四线城市
444,M,31,26-35,6399,4001-7000,石家庄,城区,二线城市
445,F,39,36-45,1199,1001-2000,晋城,乡村,五线城市
446,F,47,46-60,599,<=1000,临沂,城区,三线城市
447,M,54,46-60,945,<=1000,菏泽,unknown,四线城市
448,M,70,60+,1199,1001-2000,红河哈尼族彝族自治州,乡村,四线城市
449,F,24,19-25,2998,2001-4000,遵义,乡村,三线城市
450,M,67,60+,1199,1001-2000,东营,城区,四线城市
451,M,60,46-60,1599,1001-2000,贵阳,城区,二线城市
452,F,79,60+,1299,1001-2000,威海,乡村,三线城市
453,M,36,36-45,999,<=1000,洛阳,乡村,三线城市
454,M,73,60+,1299,1001-2000,恩施土家族苗族自治州,unknown,四线城市
455,M,53,46-60,1099,1001-2000,丽江,unknown,四线城市
456,M,38,36-45,2699,2001-4000,兰州,镇区,二线城市
457,F,40,36-45,999,<=1000,永州,unknown,四线城市
458,M,32,26-35,2999,2001-4000,常德,unknown,四线城市
459,M,63,60+,799,<=1000,周口,乡村,四线城市
461,M,62,60+,1068,1001-2000,保山,乡村,四线城市
463,M,56,46-60,799,<=1000,黔南布依族苗族自治州,乡村,四线城市
464,F,37,36-45,3599,2001-4000,定西,unknown,五线城市
465,F,36,36-45,1458,1001-2000,沈阳,城区,新一线城市
466,F,61,60+,2288,2001-4000,淮北,乡村,五线城市
468,F,72,60+,1798,1001-2000,白城,城区,五线城市
469,M,54,46-60,1099,1001-2000,潍坊,镇区,三线城市
470,F,52,46-60,999,<=1000,泉州,乡村,二线城市
471,M,73,60+,1399,1001-2000,焦作,unknown,四线城市
474,M,37,36-45,1299,1001-2000,恩施土家族苗族自治州,镇区,四线城市
475,M,38,36-45,1449,1001-2000,合肥,unknown,二线城市
476,M,51,46-60,1798,1001-2000,无锡,unknown,二线城市
478,M,53,46-60,899,<=1000,包头,unknown,三线城市
483,M,56,46-60,1299,1001-2000,盘锦,乡村,四线城市
484,M,68,60+,1963,1001-2000,济宁,乡村,三线城市
486,M,52,46-60,1798,1001-2000,西安,unknown,新一线城市
487,M,33,26-35,2699,2001-4000,东莞,镇区,新一线城市
488,F,76,60+,3498,2001-4000,渭南,镇区,四线城市
489,M,75,60+,2799,2001-4000,六安,unknown,四线城市
490,M,50,46-60,999,<=1000,益阳,乡村,四线城市
492,M,75,60+,899,<=1000,南通,乡村,二线城市
493,F,34,26-35,1099,1001-2000,文昌,unknown,五线城市
495,M,30,26-35,2100,2001-4000,黔南布依族苗族自治州,乡村,四线城市
496,M,70,60+,3299,2001-4000,淄博,unknown,三线城市
499,M,65,60+,1598,1001-2000,烟台,unknown,二线城市
500,M,60,46-60,1599,1001-2000,长春,城区,二线城市
501,M,38,36-45,3298,2001-4000,揭阳,城区,三线城市
502,F,39,36-45,3199,2001-4000,嘉兴,unknown,二线城市
503,M,24,19-25,5499,4001-7000,广州,unknown,一线城市
504,M,57,46-60,2299,2001-4000,青岛,城区,新一线城市
505,M,52,46-60,1599,1001-2000,上饶,unknown,三线城市
506,F,67,60+,2458,2001-4000,贺州,unknown,五线城市
507,M,76,60+,1789,1001-2000,塔城地区,unknown,五线城市
508,F,27,26-35,2921,2001-4000,北京,unknown,一线城市
509,F,52,46-60,1899,1001-2000,徐州,镇区,二线城市
512,M,55,46-60,1499,1001-2000,聊城,unknown,四线城市
513,F,55,46-60,4399,4001-7000,石家庄,unknown,二线城市
515,F,39,36-45,2999,2001-4000,贵阳,unknown,二线城市
516,M,65,60+,3699,2001-4000,长沙,unknown,新一线城市
517,F,25,19-25,3299,2001-4000,喀什地区,unknown,五线城市
518,F,67,60+,1199,1001-2000,六安,unknown,四线城市
519,M,51,46-60,899,<=1000,邵阳,unknown,四线城市
520,M,56,46-60,1998,1001-2000,北京,乡村,一线城市
521,M,58,46-60,2199,2001-4000,上海,unknown,一线城市
522,M,63,60+,999,<=1000,枣庄,乡村,四线城市
524,M,40,36-45,2299,2001-4000,南宁,unknown,二线城市
525,M,64,60+,2399,2001-4000,朝阳,乡村,五线城市
526,M,54,46-60,3699,2001-4000,郑州,乡村,新一线城市
527,M,72,60+,3399,2001-4000,张家口,乡村,四线城市
528,M,60,46-60,1149,1001-2000,铁岭,unknown,五线城市
529,M,59,46-60,999,<=1000,绥化,unknown,四线城市
530,M,31,26-35,999,<=1000,南平,乡村,三线城市
531,M,74,60+,899,<=1000,迪庆藏族自治州,unknown,五线城市
532,M,71,60+,1068,1001-2000,大理白族自治州,乡村,四线城市
535,M,36,36-45,1899,1001-2000,阜阳,乡村,三线城市
536,M,70,60+,1068,1001-2000,资阳,unknown,五线城市
538,M,77,60+,1098,1001-2000,钦州,乡村,五线城市
539,F,40,36-45,1068,1001-2000,桂林,乡村,三线城市
540,M,56,46-60,1199,1001-2000,黔南布依族苗族自治州,unknown,四线城市
542,M,61,60+,999,<=1000,上饶,unknown,三线城市
545,F,55,46-60,1199,1001-2000,苏州,乡村,新一线城市
546,M,52,46-60,899,<=1000,沧州,乡村,三线城市
547,F,71,60+,1798,1001-2000,苏州,镇区,新一线城市
549,M,23,19-25,901,<=1000,贵港,乡村,五线城市
550,M,50,46-60,1599,1001-2000,日照,镇区,四线城市
551,M,62,60+,1049,1001-2000,临沂,乡村,三线城市
554,M,37,36-45,1299,1001-2000,商丘,unknown,三线城市
555,M,47,46-60,1899,1001-2000,惠州,unknown,二线城市
556,F,78,60+,999,<=1000,包头,unknown,三线城市
557,M,39,36-45,788,<=1000,钦州,乡村,五线城市
558,M,57,46-60,1398,1001-2000,苏州,镇区,新一线城市
559,M,58,46-60,1699,1001-2000,南通,镇区,二线城市
560,M,75,60+,1139,1001-2000,深圳,unknown,一线城市
561,M,76,60+,1199,1001-2000,青岛,unknown,新一线城市
562,M,33,26-35,1099,1001-2000,怀化,乡村,四线城市
563,M,70,60+,2699,2001-4000,临沂,unknown,三线城市
564,M,71,60+,1199,1001-2000,常德,unknown,四线城市
565,M,33,26-35,1199,1001-2000,开封,unknown,四线城市
566,M,68,60+,1149,1001-2000,吉安,unknown,四线城市
567,F,79,60+,2899,2001-4000,庆阳,镇区,五线城市
569,M,32,26-35,1449,1001-2000,益阳,unknown,四线城市
570,M,55,46-60,599,<=1000,日照,unknown,四线城市
571,M,58,46-60,899,<=1000,铜仁,乡村,四线城市
572,F,66,60+,1999,1001-2000,白银,unknown,五线城市
574,M,72,60+,1398,1001-2000,烟台,unknown,二线城市
576,M,43,36-45,1199,1001-2000,银川,unknown,三线城市
577,F,45,36-45,1799,1001-2000,六盘水,镇区,四线城市
578,M,56,46-60,3399,2001-4000,南阳,unknown,三线城市
579,M,53,46-60,1799,1001-2000,兰州,乡村,二线城市
580,M,37,36-45,1599,1001-2000,上海,乡村,一线城市
581,M,52,46-60,1699,1001-2000,徐州,unknown,二线城市
582,M,45,36-45,2399,2001-4000,深圳,unknown,一线城市
583,M,61,60+,1699,1001-2000,阜阳,unknown,三线城市
584,M,54,46-60,499,<=1000,成都,unknown,新一线城市
585,M,72,60+,999,<=1000,北京,乡村,一线城市
586,M,78,60+,1068,1001-2000,平凉,乡村,五线城市
588,M,54,46-60,1499,1001-2000,无锡,unknown,二线城市
589,F,34,26-35,999,<=1000,孝感,unknown,四线城市
591,M,60,46-60,1599,1001-2000,济南,城区,二线城市
592,F,49,46-60,1060,1001-2000,昌都,乡村,五线城市
593,F,55,46-60,6399,4001-7000,长春,unknown,二线城市
594,M,78,60+,999,<=1000,张家口,unknown,四线城市
595,F,65,60+,599,<=1000,乌鲁木齐,城区,三线城市
597,M,61,60+,999,<=1000,沈阳,乡村,新一线城市
598,F,57,46-60,1199,1001-2000,河池,unknown,五线城市
599,M,56,46-60,2399,2001-4000,保定,unknown,三线城市
600,F,57,46-60,1799,1001-2000,东营,unknown,四线城市
601,F,74,60+,1299,1001-2000,阜阳,unknown,三线城市
602,M,52,46-60,999,<=1000,上海,镇区,一线城市
603,F,62,60+,1149,1001-2000,丽江,乡村,四线城市
604,M,59,46-60,4999,4001-7000,遵义,unknown,三线城市
605,M,35,26-35,899,<=1000,泰安,unknown,三线城市
606,M,60,46-60,999,<=1000,廊坊,城区,三线城市
607,F,29,26-35,1068,1001-2000,塔城地区,乡村,五线城市
608,F,33,26-35,3298,2001-4000,赣州,unknown,三线城市
609,F,57,46-60,1199,1001-2000,佳木斯,乡村,四线城市
610,M,60,46-60,899,<=1000,榆林,城区,四线城市
614,M,32,26-35,1980,1001-2000,保定,乡村,三线城市
615,F,40,36-45,1899,1001-2000,毕节,unknown,四线城市
616,M,39,36-45,999,<=1000,普洱,乡村,五线城市
617,M,67,60+,1699,1001-2000,漳州,乡村,三线城市
618,M,55,46-60,1199,1001-2000,保定,乡村,三线城市
619,M,70,60+,799,<=1000,徐州,乡村,二线城市
620,F,51,46-60,1068,1001-2000,葫芦岛,乡村,五线城市
621,M,59,46-60,3498,2001-4000,保定,镇区,三线城市
622,F,33,26-35,1199,1001-2000,肇庆,unknown,三线城市
623,M,35,26-35,1199,1001-2000,台州,unknown,二线城市
624,M,72,60+,1798,1001-2000,毕节,乡村,四线城市
625,M,67,60+,999,<=1000,锡林郭勒盟,unknown,五线城市
626,M,78,60+,999,<=1000,邵阳,unknown,四线城市
627,M,64,60+,1999,1001-2000,南宁,unknown,二线城市
628,M,69,60+,999,<=1000,南通,unknown,二线城市
629,F,78,60+,2288,2001-4000,广州,unknown,一线城市
630,M,55,46-60,999,<=1000,陇南,乡村,五线城市
631,M,29,26-35,6222,4001-7000,深圳,城区,一线城市
632,F,57,46-60,1198,1001-2000,包头,unknown,三线城市
633,M,54,46-60,999,<=1000,日照,镇区,四线城市
634,M,49,46-60,1599,1001-2000,宁波,乡村,新一线城市
635,M,63,60+,1199,1001-2000,兰州,unknown,二线城市
636,M,33,26-35,1149,1001-2000,六盘水,镇区,四线城市
637,F,39,36-45,1449,1001-2000,济南,unknown,二线城市
638,F,65,60+,2699,2001-4000,宁波,unknown,新一线城市
639,M,71,60+,2599,2001-4000,北京,unknown,一线城市
640,F,35,26-35,1068,1001-2000,曲靖,城区,四线城市
641,M,30,26-35,6222,4001-7000,阿坝藏族羌族自治州,unknown,五线城市
642,F,37,36-45,1699,1001-2000,松原,unknown,五线城市
643,M,27,26-35,599,<=1000,文山壮族苗族自治州,unknown,五线城市
644,M,54,46-60,999,<=1000,九江,乡村,三线城市
646,M,37,36-45,1149,1001-2000,武汉,unknown,新一线城市
647,M,78,60+,1599,1001-2000,本溪,unknown,五线城市
649,F,30,26-35,1068,1001-2000,和田地区,乡村,五线城市
650,F,47,46-60,2399,2001-4000,宣城,乡村,四线城市
651,M,69,60+,1199,1001-2000,济宁,乡村,三线城市
652,F,20,19-25,1699,1001-2000,南阳,城区,三线城市
653,F,39,36-45,899,<=1000,辽阳,unknown,五线城市
654,F,33,26-35,4499,4001-7000,三亚,unknown,三线城市
655,F,36,36-45,1068,1001-2000,宜宾,乡村,四线城市
657,F,32,26-35,5999,4001-7000,德宏傣族景颇族自治州,unknown,四线城市
660,M,69,60+,1189,1001-2000,济南,unknown,二线城市
661,M,61,60+,1298,1001-2000,咸阳,unknown,三线城市
662,M,72,60+,1149,1001-2000,大同,城区,四线城市
663,M,70,60+,1398,1001-2000,来宾,unknown,五线城市
664,F,39,36-45,2499,2001-4000,益阳,城区,四线城市
665,M,62,60+,899,<=1000,菏泽,unknown,四线城市
666,F,34,26-35,1149,1001-2000,聊城,unknown,四线城市
667,M,54,46-60,3699,2001-4000,崇左,unknown,五线城市
668,M,33,26-35,3399,2001-4000,焦作,unknown,四线城市
669,M,79,60+,2399,2001-4000,荆门,城区,五线城市
670,M,54,46-60,970,<=1000,昆明,城区,新一线城市
671,M,73,60+,999,<=1000,徐州,乡村,二线城市
672,M,53,46-60,1399,1001-2000,唐山,unknown,三线城市
673,M,34,26-35,2699,2001-4000,上海,unknown,一线城市
674,F,54,46-60,1398,1001-2000,丹东,乡村,四线城市
675,M,59,46-60,599,<=1000,郑州,乡村,新一线城市
676,M,71,60+,1599,1001-2000,临沂,城区,三线城市
677,F,29,26-35,1998,1001-2000,阜阳,镇区,三线城市
678,M,70,60+,1199,1001-2000,绥化,城区,四线城市
679,M,31,26-35,1899,1001-2000,乌鲁木齐,unknown,三线城市
680,M,57,46-60,1299,1001-2000,桂林,unknown,三线城市
681,F,56,46-60,899,<=1000,遵义,乡村,三线城市
682,F,36,36-45,899,<=1000,毕节,unknown,四线城市
683,M,66,60+,1999,1001-2000,商丘,unknown,三线城市
684,M,69,60+,1498,1001-2000,宣城,unknown,四线城市
685,F,66,60+,599,<=1000,临沂,乡村,三线城市
686,M,52,46-60,1398,1001-2000,临沂,镇区,三线城市
687,M,33,26-35,3799,2001-4000,东莞,unknown,新一线城市
688,M,71,60+,1499,1001-2000,上饶,unknown,三线城市
689,M,57,46-60,1299,1001-2000,忻州,unknown,五线城市
690,M,50,46-60,1398,1001-2000,商丘,unknown,三线城市
691,M,37,36-45,3199,2001-4000,昆明,unknown,新一线城市
693,M,61,60+,1099,1001-2000,铜仁,乡村,四线城市
694,M,27,26-35,1199,1001-2000,娄底,unknown,四线城市
697,F,69,60+,1799,1001-2000,安顺,unknown,四线城市
698,F,33,26-35,2699,2001-4000,泉州,城区,二线城市
699,M,39,36-45,3699,2001-4000,曲靖,城区,四线城市
700,M,76,60+,4999,4001-7000,天津,城区,新一线城市
701,M,38,36-45,1798,1001-2000,东莞,镇区,新一线城市
702,F,34,26-35,1499,1001-2000,南京,unknown,新一线城市
704,F,70,60+,899,<=1000,咸阳,乡村,三线城市
705,M,40,36-45,3650,2001-4000,连云港,乡村,三线城市
706,F,59,46-60,1199,1001-2000,牡丹江,unknown,四线城市
707,M,35,26-35,2799,2001-4000,深圳,unknown,一线城市
708,M,39,36-45,1398,1001-2000,德州,乡村,四线城市
710,M,67,60+,599,<=1000,大理白族自治州,unknown,四线城市
711,M,57,46-60,1068,1001-2000,陇南,乡村,五线城市
712,F,55,46-60,1299,1001-2000,辽源,乡村,五线城市
713,M,54,46-60,899,<=1000,哈尔滨,unknown,二线城市
714,M,54,46-60,3999,2001-4000,纽约,unknown,unknown
717,M,52,46-60,1099,1001-2000,楚雄彝族自治州,乡村,五线城市
718,F,32,26-35,1498,1001-2000,赣州,unknown,三线城市
719,M,49,46-60,2969,2001-4000,长治,unknown,五线城市
720,F,40,36-45,5999,4001-7000,邯郸,unknown,三线城市
721,M,35,26-35,1099,1001-2000,那曲,乡村,五线城市
723,M,25,19-25,1548,1001-2000,广州,unknown,一线城市
724,F,72,60+,999,<=1000,周口,乡村,四线城市
725,M,33,26-35,7799,7000+,天津,unknown,新一线城市
726,F,74,60+,1199,1001-2000,盘锦,城区,四线城市
727,M,64,60+,5799,4001-7000,绵阳,unknown,三线城市
728,F,54,46-60,1699,1001-2000,镇江,镇区,三线城市
730,M,70,60+,1698,1001-2000,阜阳,unknown,三线城市
732,F,37,36-45,5999,4001-7000,贵阳,城区,二线城市
733,F,73,60+,1498,1001-2000,南阳,unknown,三线城市
734,M,53,46-60,899,<=1000,宁波,unknown,新一线城市
735,M,24,19-25,4999,4001-7000,深圳,城区,一线城市
736,M,62,60+,899,<=1000,吉安,unknown,四线城市
738,F,76,60+,1799,1001-2000,长春,乡村,二线城市
739,F,55,46-60,2299,2001-4000,抚顺,城区,五线城市
741,F,50,46-60,3599,2001-4000,长春,unknown,二线城市
742,M,34,26-35,1499,1001-2000,嘉兴,unknown,二线城市
744,F,37,36-45,1699,1001-2000,新乡,unknown,三线城市
745,M,56,46-60,1299,1001-2000,河池,乡村,五线城市
746,F,58,46-60,1099,1001-2000,北京,unknown,一线城市
747,M,79,60+,1799,1001-2000,西安,unknown,新一线城市
748,M,71,60+,1699,1001-2000,沧州,乡村,三线城市
749,F,74,60+,899,<=1000,青岛,城区,新一线城市
750,M,69,60+,1068,1001-2000,巴音郭楞蒙古自治州,乡村,五线城市
751,F,71,60+,599,<=1000,郑州,城区,新一线城市
753,M,37,36-45,2188,2001-4000,昆明,城区,新一线城市
754,F,65,60+,1399,1001-2000,临汾,unknown,四线城市
755,M,50,46-60,1599,1001-2000,伊春,unknown,五线城市
757,M,60,46-60,629,<=1000,厦门,unknown,二线城市
758,F,56,46-60,1199,1001-2000,包头,unknown,三线城市
759,M,72,60+,599,<=1000,临沂,unknown,三线城市
762,M,47,46-60,1798,1001-2000,河源,unknown,四线城市
764,M,38,36-45,1699,1001-2000,沧州,unknown,三线城市
765,F,26,26-35,1799,1001-2000,鄂尔多斯,城区,四线城市
767,M,77,60+,1068,1001-2000,鄂尔多斯,乡村,四线城市
768,M,59,46-60,599,<=1000,株洲,unknown,三线城市
769,M,73,60+,1798,1001-2000,昭通,unknown,五线城市
770,M,59,46-60,3399,2001-4000,黑河,unknown,五线城市
772,M,62,60+,2399,2001-4000,郑州,乡村,新一线城市
773,F,79,60+,999,<=1000,苏州,城区,新一线城市
774,M,51,46-60,2288,2001-4000,临沂,unknown,三线城市
775,M,61,60+,999,<=1000,张掖,unknown,五线城市
776,M,45,36-45,2499,2001-4000,广州,unknown,一线城市
777,F,56,46-60,494,<=1000,营口,乡村,四线城市
779,M,34,26-35,1899,1001-2000,沧州,unknown,三线城市
780,F,78,60+,1068,1001-2000,安顺,城区,四线城市
781,F,39,36-45,4999,4001-7000,遵义,unknown,三线城市
782,F,39,36-45,2499,2001-4000,福州,unknown,二线城市
784,M,39,36-45,1999,1001-2000,济南,城区,二线城市
785,M,39,36-45,2699,2001-4000,凉山彝族自治州,unknown,五线城市
786,M,72,60+,599,<=1000,澄迈,unknown,五线城市
787,F,49,46-60,1999,1001-2000,长春,城区,二线城市
788,M,52,46-60,505,<=1000,威海,乡村,三线城市
789,F,31,26-35,3699,2001-4000,杭州,城区,新一线城市
790,F,38,36-45,1199,1001-2000,开封,unknown,四线城市
791,M,33,26-35,1799,1001-2000,贵阳,unknown,二线城市
792,M,50,46-60,2999,2001-4000,河池,镇区,五线城市
794,M,64,60+,2199,2001-4000,天津,unknown,新一线城市
795,F,26,26-35,1688,1001-2000,衡水,unknown,五线城市
796,M,52,46-60,1199,1001-2000,海东,乡村,五线城市
798,M,67,60+,4999,4001-7000,鹤岗,unknown,五线城市
800,M,38,36-45,3899,2001-4000,济南,unknown,二线城市
802,M,65,60+,1158,1001-2000,锦州,unknown,四线城市
804,M,68,60+,1499,1001-2000,大庆,城区,三线城市
805,M,61,60+,1149,1001-2000,湖州,乡村,三线城市
806,M,70,60+,999,<=1000,衡水,unknown,五线城市
807,M,37,36-45,899,<=1000,遵义,乡村,三线城市
808,F,56,46-60,849,<=1000,南京,城区,新一线城市
809,M,64,60+,1699,1001-2000,文山壮族苗族自治州,unknown,五线城市
810,M,79,60+,1399,1001-2000,中卫,unknown,五线城市
811,M,66,60+,899,<=1000,无锡,unknown,二线城市
813,M,67,60+,1099,1001-2000,宿州,unknown,四线城市
814,F,35,26-35,2999,2001-4000,乌海,unknown,五线城市
816,F,33,26-35,2699,2001-4000,湛江,城区,三线城市
817,F,31,26-35,899,<=1000,襄阳,城区,三线城市
818,F,65,60+,1129,1001-2000,葫芦岛,unknown,五线城市
819,M,28,26-35,2969,2001-4000,徐州,unknown,二线城市
820,F,32,26-35,1399,1001-2000,邯郸,乡村,三线城市
821,F,28,26-35,848,<=1000,九江,unknown,三线城市
822,M,49,46-60,3299,2001-4000,西安,城区,新一线城市
823,F,62,60+,1199,1001-2000,丹东,unknown,四线城市
824,M,44,36-45,1199,1001-2000,大连,城区,二线城市
825,F,68,60+,5499,4001-7000,天津,城区,新一线城市
827,M,41,36-45,899,<=1000,深圳,unknown,一线城市
828,M,67,60+,2399,2001-4000,大庆,乡村,三线城市
830,F,39,36-45,1068,1001-2000,柳州,乡村,三线城市
831,M,63,60+,1699,1001-2000,济宁,乡村,三线城市
832,F,73,60+,400,<=1000,孝感,乡村,四线城市
833,F,52,46-60,1799,1001-2000,赤峰,镇区,四线城市
835,M,77,60+,1299,1001-2000,龙岩,unknown,三线城市
837,F,67,60+,899,<=1000,滨州,unknown,四线城市
839,M,50,46-60,3199,2001-4000,沈阳,unknown,新一线城市
840,M,78,60+,1198,1001-2000,济南,unknown,二线城市
842,M,60,46-60,1998,1001-2000,枣庄,乡村,四线城市
843,M,59,46-60,599,<=1000,长沙,unknown,新一线城市
844,M,47,46-60,2699,2001-4000,大庆,unknown,三线城市
845,M,69,60+,599,<=1000,丽江,乡村,四线城市
846,M,62,60+,7799,7000+,中卫,镇区,五线城市
849,M,37,36-45,799,<=1000,福州,unknown,二线城市
852,F,27,26-35,2799,2001-4000,台州,unknown,二线城市
853,M,64,60+,1099,1001-2000,温州,unknown,二线城市
854,F,76,60+,1398,1001-2000,乌兰察布,乡村,五线城市
856,M,53,46-60,1158,1001-2000,沈阳,城区,新一线城市
857,M,70,60+,2799,2001-4000,沧州,unknown,三线城市
859,M,52,46-60,1499,1001-2000,宣城,镇区,四线城市
860,F,23,19-25,1399,1001-2000,长春,乡村,二线城市
861,M,76,60+,1150,1001-2000,临沂,乡村,三线城市
862,M,76,60+,1099,1001-2000,呼和浩特,乡村,三线城市
863,M,77,60+,849,<=1000,合肥,unknown,二线城市
864,M,59,46-60,1699,1001-2000,哈尔滨,城区,二线城市
865,M,73,60+,899,<=1000,辽源,unknown,五线城市
866,M,67,60+,1448,1001-2000,商丘,unknown,三线城市
867,F,67,60+,899,<=1000,安康,镇区,五线城市
869,M,66,60+,1199,1001-2000,商丘,镇区,三线城市
870,M,56,46-60,1599,1001-2000,成都,城区,新一线城市
871,F,56,46-60,1299,1001-2000,绥化,unknown,四线城市
872,F,56,46-60,1399,1001-2000,重庆,乡村,新一线城市
874,F,27,26-35,1699,1001-2000,天水,unknown,五线城市
875,M,47,46-60,1789,1001-2000,安顺,unknown,四线城市
876,M,69,60+,1999,1001-2000,酒泉,unknown,五线城市
878,M,74,60+,999,<=1000,渭南,乡村,四线城市
881,F,33,26-35,3288,2001-4000,枣庄,unknown,四线城市
882,M,22,19-25,8999,7000+,呼和浩特,乡村,三线城市
883,M,20,19-25,1398,1001-2000,宿州,unknown,四线城市
886,F,26,26-35,5599,4001-7000,武汉,unknown,新一线城市
888,M,35,26-35,1348,1001-2000,银川,unknown,三线城市
889,M,38,36-45,14999,7000+,长春,乡村,二线城市
890,M,20,19-25,5599,4001-7000,贵港,乡村,五线城市
891,M,23,19-25,5999,4001-7000,长沙,城区,新一线城市
892,M,21,19-25,3499,2001-4000,宿迁,城区,三线城市
894,M,36,36-45,899,<=1000,贵阳,unknown,二线城市
900,F,64,60+,2699,2001-4000,延安,城区,五线城市
907,M,50,46-60,1799,1001-2000,宁波,镇区,新一线城市
911,M,36,36-45,1699,1001-2000,嘉兴,城区,二线城市
912,F,56,46-60,1798,1001-2000,天水,unknown,五线城市
913,F,30,26-35,1400,1001-2000,广州,城区,一线城市
914,M,26,26-35,1699,1001-2000,巴中,乡村,五线城市
915,M,47,46-60,899,<=1000,本溪,乡村,五线城市
921,M,30,26-35,1599,1001-2000,克拉玛依,unknown,五线城市
922,M,71,60+,989,<=1000,沧州,unknown,三线城市
925,F,76,60+,2699,2001-4000,红河哈尼族彝族自治州,unknown,四线城市
928,F,34,26-35,3488,2001-4000,清远,unknown,三线城市
930,M,31,26-35,2788,2001-4000,开封,unknown,四线城市
931,M,27,26-35,1198,1001-2000,中山,乡村,二线城市
934,M,62,60+,1699,1001-2000,随州,unknown,五线城市
936,F,37,36-45,4299,4001-7000,毕节,unknown,四线城市
937,F,27,26-35,2699,2001-4000,成都,城区,新一线城市
940,M,22,19-25,3999,2001-4000,崇左,乡村,五线城市
941,M,37,36-45,1999,1001-2000,南京,unknown,新一线城市
943,M,68,60+,1998,1001-2000,临夏回族自治州,镇区,五线城市
944,M,56,46-60,3488,2001-4000,喀什地区,unknown,五线城市
946,M,33,26-35,1199,1001-2000,天津,城区,新一线城市
947,M,60,46-60,2799,2001-4000,石家庄,unknown,二线城市
950,M,67,60+,1598,1001-2000,济宁,unknown,三线城市
951,M,29,26-35,1999,1001-2000,亳州,unknown,五线城市
952,M,30,26-35,1798,1001-2000,肇庆,城区,三线城市
954,M,33,26-35,2998,2001-4000,保山,乡村,四线城市
955,F,36,36-45,1199,1001-2000,榆林,乡村,四线城市
956,F,44,36-45,1999,1001-2000,嘉兴,镇区,二线城市
957,M,26,26-35,2399,2001-4000,深圳,城区,一线城市
958,M,47,46-60,999,<=1000,新乡,乡村,三线城市
961,M,26,26-35,1899,1001-2000,青岛,城区,新一线城市
962,M,49,46-60,3199,2001-4000,雅安,乡村,五线城市
963,F,26,26-35,3399,2001-4000,丹东,unknown,四线城市
964,M,26,26-35,6222,4001-7000,香港,城区,一线城市
967,M,35,26-35,1089,1001-2000,成都,城区,新一线城市
969,M,40,36-45,2399,2001-4000,南宁,unknown,二线城市
970,M,38,36-45,6499,4001-7000,天水,城区,五线城市
972,F,42,36-45,3548,2001-4000,儋州,镇区,五线城市
974,M,27,26-35,2299,2001-4000,昭通,镇区,五线城市
977,F,38,36-45,2299,2001-4000,巴彦淖尔,unknown,五线城市
979,M,43,36-45,2399,2001-4000,衡水,镇区,五线城市
981,M,21,19-25,1999,1001-2000,北京,城区,一线城市
982,M,24,19-25,3798,2001-4000,湛江,城区,三线城市
984,M,37,36-45,3498,2001-4000,广州,城区,一线城市
985,F,74,60+,1299,1001-2000,葫芦岛,城区,五线城市
988,M,62,60+,999,<=1000,北京,城区,一线城市
991,M,20,19-25,1399,1001-2000,沧州,unknown,三线城市
992,M,23,19-25,1599,1001-2000,文山壮族苗族自治州,镇区,五线城市
995,M,33,26-35,1548,1001-2000,临夏回族自治州,unknown,五线城市
996,M,37,36-45,2799,2001-4000,昆明,unknown,新一线城市
998,M,43,36-45,1399,1001-2000,郴州,乡村,三线城市
999,M,64,60+,1999,1001-2000,黔东南苗族侗族自治州,乡村,四线城市
1001,F,39,36-45,2299,2001-4000,汕头,城区,三线城市
1002,M,27,26-35,2969,2001-4000,广州,城区,一线城市
1004,M,23,19-25,899,<=1000,南宁,乡村,二线城市
1006,F,78,60+,999,<=1000,临夏回族自治州,乡村,五线城市
1007,M,34,26-35,1299,1001-2000,克孜勒苏柯尔克孜自治州,unknown,五线城市
1011,M,26,26-35,1799,1001-2000,大连,城区,二线城市
1012,M,72,60+,2288,2001-4000,佛山,unknown,二线城市
1013,M,25,19-25,1199,1001-2000,成都,城区,新一线城市
1015,F,26,26-35,1139,1001-2000,东莞,城区,新一线城市
1016,M,72,60+,1999,1001-2000,大连,unknown,二线城市
1017,M,20,19-25,1599,1001-2000,云浮,城区,五线城市
1018,M,22,19-25,3999,2001-4000,迪庆藏族自治州,乡村,五线城市
1022,M,52,46-60,1399,1001-2000,崇左,镇区,五线城市
1024,M,49,46-60,6399,4001-7000,泰州,镇区,三线城市
1025,M,62,60+,1999,1001-2000,重庆,unknown,新一线城市
1026,M,40,36-45,2999,2001-4000,漯河,unknown,五线城市
1029,M,31,26-35,1399,1001-2000,西宁,乡村,四线城市
1030,M,20,19-25,3999,2001-4000,上饶,乡村,三线城市
1031,M,44,36-45,2999,2001-4000,南京,unknown,新一线城市
1032,M,46,46-60,3199,2001-4000,和田地区,镇区,五线城市
1033,M,69,60+,1198,1001-2000,淄博,城区,三线城市
1034,F,20,19-25,1399,1001-2000,永州,乡村,四线城市
1035,F,32,26-35,899,<=1000,许昌,乡村,四线城市
1036,F,36,36-45,2799,2001-4000,镇江,镇区,三线城市
1037,M,48,46-60,1199,1001-2000,常州,unknown,二线城市
1038,F,39,36-45,1399,1001-2000,惠州,乡村,二线城市
1039,F,29,26-35,1399,1001-2000,昆明,城区,新一线城市
1042,M,22,19-25,999,<=1000,阿克苏地区,乡村,五线城市
1043,F,21,19-25,2699,2001-4000,武汉,城区,新一线城市
1044,M,23,19-25,1200,1001-2000,梧州,乡村,四线城市
1047,M,66,60+,2999,2001-4000,临沧,unknown,五线城市
1048,M,52,46-60,1599,1001-2000,襄阳,城区,三线城市
1049,M,28,26-35,1199,1001-2000,惠州,城区,二线城市
1051,M,21,19-25,1599,1001-2000,佳木斯,城区,四线城市
1055,F,33,26-35,4088,4001-7000,中山,乡村,二线城市
1056,M,69,60+,2288,2001-4000,榆林,乡村,四线城市
1058,M,21,19-25,1199,1001-2000,孝感,镇区,四线城市
1061,M,54,46-60,1499,1001-2000,沈阳,unknown,新一线城市
1062,M,43,36-45,2299,2001-4000,保定,乡村,三线城市
1063,F,45,36-45,4999,4001-7000,孝感,城区,四线城市
1064,M,23,19-25,8499,7000+,宁波,城区,新一线城市
1067,M,67,60+,1498,1001-2000,廊坊,unknown,三线城市
1069,F,25,19-25,2798,2001-4000,常德,unknown,四线城市
1071,M,65,60+,2359,2001-4000,大同,unknown,四线城市
1072,F,57,46-60,1198,1001-2000,宝鸡,unknown,四线城市
1074,M,22,19-25,2699,2001-4000,海西蒙古族藏族自治州,乡村,五线城市
1077,M,30,26-35,5999,4001-7000,黔东南苗族侗族自治州,乡村,四线城市
1080,F,29,26-35,2149,2001-4000,伊犁哈萨克自治州,乡村,五线城市
1081,M,29,26-35,1799,1001-2000,凉山彝族自治州,乡村,五线城市
1082,F,20,19-25,400,<=1000,毕节,镇区,四线城市
1084,F,42,36-45,4999,4001-7000,成都,城区,新一线城市
1085,M,34,26-35,2699,2001-4000,无锡,镇区,二线城市
1089,M,23,19-25,1399,1001-2000,昌都,乡村,五线城市
1090,M,25,19-25,3399,2001-4000,济宁,乡村,三线城市
1093,F,21,19-25,3548,2001-4000,宁波,城区,新一线城市
1095,M,31,26-35,5999,4001-7000,泉州,unknown,二线城市
1101,F,23,19-25,999,<=1000,南昌,乡村,二线城市
1103,M,40,36-45,2799,2001-4000,上海,城区,一线城市
1105,M,29,26-35,2999,2001-4000,无锡,城区,二线城市
1106,M,47,46-60,2299,2001-4000,潍坊,乡村,三线城市
1107,M,21,19-25,2399,2001-4000,娄底,乡村,四线城市
1108,M,34,26-35,1398,1001-2000,衢州,乡村,四线城市
1109,F,40,36-45,1799,1001-2000,伊犁哈萨克自治州,乡村,五线城市
1110,M,20,19-25,1999,1001-2000,肇庆,城区,三线城市
1111,M,23,19-25,1699,1001-2000,宁波,城区,新一线城市
1113,M,38,36-45,1199,1001-2000,唐山,unknown,三线城市
1116,M,20,19-25,1068,1001-2000,昭通,乡村,五线城市
1121,M,23,19-25,2000,1001-2000,金华,镇区,二线城市
1122,M,29,26-35,1068,1001-2000,东莞,镇区,新一线城市
1123,M,40,36-45,2699,2001-4000,咸阳,城区,三线城市
1124,F,27,26-35,4399,4001-7000,广元,城区,五线城市
1125,M,32,26-35,5999,4001-7000,东莞,镇区,新一线城市
1127,M,39,36-45,1398,1001-2000,嘉峪关,unknown,五线城市
1128,M,20,19-25,1199,1001-2000,重庆,城区,新一线城市
1129,F,60,46-60,1299,1001-2000,包头,城区,三线城市
1130,M,29,26-35,2999,2001-4000,廊坊,乡村,三线城市
1133,M,29,26-35,3488,2001-4000,肇庆,unknown,三线城市
1134,F,74,60+,3699,2001-4000,伊犁哈萨克自治州,城区,五线城市
1136,M,20,19-25,2999,2001-4000,泸州,城区,四线城市
1137,F,29,26-35,3988,2001-4000,洛阳,乡村,三线城市
1138,M,23,19-25,3599,2001-4000,上海,unknown,一线城市
1139,F,39,36-45,6222,4001-7000,阜新,城区,五线城市
1142,M,48,46-60,1398,1001-2000,长春,unknown,二线城市
1144,M,60,46-60,999,<=1000,贵阳,乡村,二线城市
1147,M,46,46-60,1199,1001-2000,黔东南苗族侗族自治州,unknown,四线城市
1148,M,29,26-35,1398,1001-2000,喀什地区,unknown,五线城市
1150,F,48,46-60,3098,2001-4000,张家界,乡村,五线城市
1151,F,22,19-25,1898,1001-2000,扬州,乡村,二线城市
1152,M,66,60+,1899,1001-2000,新乡,unknown,三线城市
1154,M,75,60+,1299,1001-2000,开封,乡村,四线城市
1158,F,22,19-25,2399,2001-4000,茂名,unknown,四线城市
1160,M,54,46-60,1599,1001-2000,丹东,乡村,四线城市
1162,F,73,60+,1299,1001-2000,赤峰,城区,四线城市
1165,M,42,36-45,2699,2001-4000,东莞,镇区,新一线城市
1166,F,35,26-35,4899,4001-7000,周口,镇区,四线城市
1167,M,33,26-35,2499,2001-4000,乌鲁木齐,城区,三线城市
1168,M,20,19-25,11999,7000+,苏州,城区,新一线城市
1169,M,22,19-25,1398,1001-2000,东莞,镇区,新一线城市
1171,M,20,19-25,2499,2001-4000,重庆,镇区,新一线城市
1173,F,30,26-35,2699,2001-4000,哈尔滨,城区,二线城市
1174,F,27,26-35,1099,1001-2000,黔南布依族苗族自治州,unknown,四线城市
1177,M,36,36-45,1699,1001-2000,天津,城区,新一线城市
1179,M,62,60+,1998,1001-2000,聊城,unknown,四线城市
1180,F,33,26-35,6399,4001-7000,保定,unknown,三线城市
1184,F,29,26-35,1899,1001-2000,玉林,乡村,四线城市
1185,M,40,36-45,8399,7000+,沧州,城区,三线城市
1186,M,27,26-35,17799,7000+,北京,城区,一线城市
1187,F,29,26-35,7999,7000+,深圳,城区,一线城市
1188,M,23,19-25,2199,2001-4000,九江,城区,三线城市
1191,F,40,36-45,528,<=1000,长治,城区,五线城市
1193,F,20,19-25,1699,1001-2000,香港,unknown,一线城市
1195,M,38,36-45,2199,2001-4000,湛江,乡村,三线城市
1197,M,21,19-25,4399,4001-7000,南宁,城区,二线城市
1199,M,34,26-35,3548,2001-4000,邯郸,unknown,三线城市
1201,F,70,60+,1298,1001-2000,太原,城区,二线城市
1202,M,20,19-25,2499,2001-4000,安阳,镇区,四线城市
1208,F,32,26-35,2699,2001-4000,深圳,城区,一线城市
1209,F,79,60+,1399,1001-2000,廊坊,乡村,三线城市
1210,F,23,19-25,1399,1001-2000,阿勒泰地区,镇区,五线城市
1214,M,22,19-25,7999,7000+,昆明,城区,新一线城市
1215,F,22,19-25,2458,2001-4000,廊坊,unknown,三线城市
1217,M,39,36-45,1898,1001-2000,广安,城区,五线城市
1219,M,22,19-25,12999,7000+,深圳,城区,一线城市
1221,M,27,26-35,1899,1001-2000,临沂,镇区,三线城市
1222,F,54,46-60,1580,1001-2000,秦皇岛,乡村,三线城市
1223,M,29,26-35,1999,1001-2000,景德镇,城区,四线城市
1224,M,54,46-60,2198,2001-4000,珠海,城区,二线城市
1225,M,64,60+,16999,7000+,南昌,城区,二线城市
1226,F,20,19-25,4399,4001-7000,重庆,城区,新一线城市
1227,M,35,26-35,999,<=1000,鄂尔多斯,乡村,四线城市
1228,M,25,19-25,1798,1001-2000,嘉兴,镇区,二线城市
1230,M,48,46-60,1999,1001-2000,徐州,乡村,二线城市
1231,M,37,36-45,5299,4001-7000,十堰,城区,四线城市
1235,F,23,19-25,1299,1001-2000,桂林,城区,三线城市
1236,M,34,26-35,1699,1001-2000,六安,乡村,四线城市
1237,M,62,60+,899,<=1000,佳木斯,乡村,四线城市
1238,M,52,46-60,1068,1001-2000,毕节,乡村,四线城市
1239,M,71,60+,568,<=1000,唐山,乡村,三线城市
1240,M,55,46-60,3299,2001-4000,徐州,乡村,二线城市
1241,F,23,19-25,6222,4001-7000,西安,城区,新一线城市
1242,M,40,36-45,1498,1001-2000,西安,城区,新一线城市
1244,M,54,46-60,1068,1001-2000,兰州,乡村,二线城市
1245,M,37,36-45,4909,4001-7000,哈尔滨,城区,二线城市
1248,M,66,60+,1099,1001-2000,潍坊,城区,三线城市
1250,M,43,36-45,1999,1001-2000,湛江,乡村,三线城市
1251,M,50,46-60,999,<=1000,郴州,城区,三线城市
1252,F,39,36-45,3498,2001-4000,湛江,乡村,三线城市
1253,F,27,26-35,1999,1001-2000,海南藏族自治州,unknown,五线城市
1256,M,45,36-45,1782,1001-2000,香港,城区,一线城市
1257,M,48,46-60,1688,1001-2000,昭通,unknown,五线城市
1258,F,38,36-45,2299,2001-4000,临沧,乡村,五线城市
1259,M,79,60+,1498,1001-2000,曲靖,城区,四线城市
1263,M,24,19-25,1348,1001-2000,郑州,乡村,新一线城市
1264,M,35,26-35,3498,2001-4000,商丘,镇区,三线城市
1267,M,53,46-60,1899,1001-2000,海口,城区,二线城市
1268,M,20,19-25,2999,2001-4000,神农架林区,乡村,五线城市
1269,M,21,19-25,1199,1001-2000,北京,乡村,一线城市
1270,M,35,26-35,1198,1001-2000,沧州,乡村,三线城市
1272,M,26,26-35,1399,1001-2000,阿克苏地区,城区,五线城市
1275,M,22,19-25,3499,2001-4000,南宁,城区,二线城市
1276,M,62,60+,3999,2001-4000,昌吉回族自治州,城区,五线城市
1277,M,34,26-35,1299,1001-2000,马鞍山,unknown,三线城市
1278,M,21,19-25,2598,2001-4000,茂名,城区,四线城市
1281,M,33,26-35,5599,4001-7000,上海,城区,一线城市
1282,M,40,36-45,4999,4001-7000,南宁,城区,二线城市
1285,M,25,19-25,1099,1001-2000,黔西南布依族苗族自治州,乡村,五线城市
1287,M,41,36-45,3699,2001-4000,乌鲁木齐,城区,三线城市
1290,M,34,26-35,5269,4001-7000,喀什地区,unknown,五线城市
1291,M,40,36-45,2999,2001-4000,齐齐哈尔,城区,四线城市
1293,M,58,46-60,999,<=1000,深圳,城区,一线城市
1294,M,76,60+,1999,1001-2000,益阳,unknown,四线城市
1295,M,23,19-25,3999,2001-4000,淄博,乡村,三线城市
1297,M,31,26-35,2299,2001-4000,六盘水,城区,四线城市
1299,M,68,60+,1149,1001-2000,济宁,镇区,三线城市
1301,M,35,26-35,400,<=1000,南宁,城区,二线城市
1302,M,78,60+,1980,1001-2000,定西,乡村,五线城市
1303,M,60,46-60,999,<=1000,徐州,城区,二线城市
1304,M,20,19-25,3999,2001-4000,喀什地区,城区,五线城市
1307,M,45,36-45,1798,1001-2000,钦州,镇区,五线城市
1309,M,69,60+,999,<=1000,泰安,unknown,三线城市
1310,M,23,19-25,4399,4001-7000,钦州,城区,五线城市
1311,M,47,46-60,1099,1001-2000,大连,城区,二线城市
1312,F,64,60+,1399,1001-2000,揭阳,乡村,三线城市
1313,M,43,36-45,1398,1001-2000,沧州,乡村,三线城市
1315,M,64,60+,899,<=1000,松原,乡村,五线城市
1316,M,28,26-35,8899,7000+,天津,unknown,新一线城市
1320,M,36,36-45,2999,2001-4000,铜陵,unknown,四线城市
1321,M,22,19-25,3498,2001-4000,重庆,乡村,新一线城市
1322,M,21,19-25,2969,2001-4000,苏州,城区,新一线城市
1323,M,52,46-60,999,<=1000,营口,城区,四线城市
1326,M,62,60+,1799,1001-2000,武汉,unknown,新一线城市
1327,F,58,46-60,862,<=1000,四平,城区,五线城市
1328,M,60,46-60,499,<=1000,沈阳,unknown,新一线城市
1330,M,66,60+,699,<=1000,锦州,unknown,四线城市
1331,M,71,60+,2399,2001-4000,哈尔滨,unknown,二线城市
1333,F,57,46-60,1998,1001-2000,雅安,镇区,五线城市
1334,M,71,60+,629,<=1000,天津,城区,新一线城市
1335,M,25,19-25,1499,1001-2000,鹤岗,unknown,五线城市
1336,M,64,60+,1798,1001-2000,保定,unknown,三线城市
1338,F,23,19-25,1999,1001-2000,成都,城区,新一线城市
1339,M,57,46-60,1299,1001-2000,锡林郭勒盟,乡村,五线城市
1341,M,51,46-60,1999,1001-2000,商丘,unknown,三线城市
1342,M,27,26-35,2299,2001-4000,重庆,乡村,新一线城市
1343,M,21,19-25,4399,4001-7000,武汉,乡村,新一线城市
1344,M,28,26-35,3199,2001-4000,长春,unknown,二线城市
1347,M,26,26-35,1899,1001-2000,郑州,城区,新一线城市
1348,M,23,19-25,3548,2001-4000,固原,乡村,五线城市
1349,M,35,26-35,1899,1001-2000,肇庆,乡村,三线城市
1350,M,65,60+,799,<=1000,黄山,乡村,四线城市
1352,M,58,46-60,1348,1001-2000,青岛,城区,新一线城市
1355,M,37,36-45,3599,2001-4000,长沙,unknown,新一线城市
1357,M,48,46-60,2288,2001-4000,福州,镇区,二线城市
1358,M,69,60+,1999,1001-2000,邵阳,unknown,四线城市
1359,F,36,36-45,1348,1001-2000,通化,unknown,五线城市
1360,F,32,26-35,1699,1001-2000,苏州,unknown,新一线城市
1361,M,65,60+,1580,1001-2000,德州,城区,四线城市
1362,M,73,60+,1789,1001-2000,威海,unknown,三线城市
1363,F,48,46-60,1049,1001-2000,齐齐哈尔,乡村,四线城市
1365,F,33,26-35,1449,1001-2000,宣城,unknown,四线城市
1366,M,23,19-25,4699,4001-7000,杭州,unknown,新一线城市
1367,F,77,60+,1598,1001-2000,丽水,乡村,三线城市
1368,M,32,26-35,3298,2001-4000,汕头,乡村,三线城市
1369,M,76,60+,1199,1001-2000,韶关,乡村,四线城市
1370,M,67,60+,638,<=1000,安康,镇区,五线城市
1371,M,59,46-60,1199,1001-2000,唐山,乡村,三线城市
1372,F,64,60+,2299,2001-4000,天津,unknown,新一线城市
1374,M,61,60+,1199,1001-2000,济宁,乡村,三线城市
1375,M,64,60+,2699,2001-4000,枣庄,城区,四线城市
1376,F,74,60+,1199,1001-2000,上饶,乡村,三线城市
1380,M,62,60+,1299,1001-2000,济南,unknown,二线城市
1381,M,74,60+,1899,1001-2000,沧州,城区,三线城市
1382,M,33,26-35,1599,1001-2000,钦州,unknown,五线城市
1383,M,71,60+,3198,2001-4000,龙岩,乡村,三线城市
1384,M,45,36-45,2399,2001-4000,济南,乡村,二线城市
1385,F,35,26-35,1899,1001-2000,南京,城区,新一线城市
1387,M,31,26-35,2000,1001-2000,江门,城区,三线城市
1388,F,25,19-25,899,<=1000,来宾,乡村,五线城市
1391,F,45,36-45,1799,1001-2000,保定,unknown,三线城市
1392,M,53,46-60,1699,1001-2000,大连,乡村,二线城市
1394,M,78,60+,1999,1001-2000,大庆,城区,三线城市
1395,M,21,19-25,899,<=1000,菏泽,乡村,四线城市
1398,M,44,36-45,1599,1001-2000,广州,unknown,一线城市
1399,M,39,36-45,1068,1001-2000,济南,城区,二线城市
1400,F,53,46-60,1400,1001-2000,襄阳,unknown,三线城市
1401,M,24,19-25,6222,4001-7000,南昌,乡村,二线城市
1402,M,73,60+,2499,2001-4000,淮安,城区,三线城市
1403,M,74,60+,1270,1001-2000,松原,乡村,五线城市
1404,M,76,60+,599,<=1000,荆州,镇区,三线城市
1405,M,37,36-45,1699,1001-2000,鞍山,乡村,三线城市
1406,M,37,36-45,3498,2001-4000,清远,城区,三线城市
1408,M,60,46-60,1299,1001-2000,南通,unknown,二线城市
1409,M,40,36-45,8999,7000+,大庆,unknown,三线城市
1410,M,74,60+,2499,2001-4000,东营,镇区,四线城市
1411,M,34,26-35,2999,2001-4000,孝感,乡村,四线城市
1412,M,38,36-45,8499,7000+,武汉,城区,新一线城市
1415,M,78,60+,2399,2001-4000,崇左,unknown,五线城市
1417,M,62,60+,899,<=1000,保定,unknown,三线城市
1419,M,50,46-60,1099,1001-2000,唐山,乡村,三线城市
1420,M,35,26-35,2599,2001-4000,东营,乡村,四线城市
1421,M,47,46-60,899,<=1000,青岛,城区,新一线城市
1423,M,34,26-35,1068,1001-2000,辽源,乡村,五线城市
1424,M,72,60+,999,<=1000,九江,乡村,三线城市
1426,M,78,60+,1198,1001-2000,齐齐哈尔,乡村,四线城市
1427,M,40,36-45,4899,4001-7000,新乡,unknown,三线城市
1428,F,40,36-45,2699,2001-4000,潍坊,unknown,三线城市
1431,M,50,46-60,999,<=1000,绥化,乡村,四线城市
1432,M,54,46-60,1399,1001-2000,淮南,unknown,四线城市
1433,M,57,46-60,2699,2001-4000,唐山,乡村,三线城市
1435,M,69,60+,1999,1001-2000,石家庄,乡村,二线城市
1436,M,56,46-60,899,<=1000,阿勒泰地区,乡村,五线城市
1437,M,50,46-60,899,<=1000,苏州,unknown,新一线城市
1439,F,67,60+,899,<=1000,辽阳,unknown,五线城市
1440,F,73,60+,2699,2001-4000,白银,城区,五线城市
1442,M,63,60+,1399,1001-2000,石家庄,unknown,二线城市
1443,M,67,60+,1898,1001-2000,松原,城区,五线城市
1444,M,35,26-35,1299,1001-2000,廊坊,乡村,三线城市
1445,F,42,36-45,1599,1001-2000,北京,城区,一线城市
1446,F,24,19-25,1299,1001-2000,沧州,乡村,三线城市
1447,M,68,60+,738,<=1000,许昌,乡村,四线城市
1448,M,78,60+,899,<=1000,长春,乡村,二线城市
1450,F,43,36-45,1199,1001-2000,宜宾,unknown,四线城市
1451,M,54,46-60,1999,1001-2000,新乡,unknown,三线城市
1452,M,32,26-35,3399,2001-4000,北京,unknown,一线城市
1453,M,53,46-60,1599,1001-2000,南平,乡村,三线城市
1454,M,41,36-45,1298,1001-2000,荆州,城区,三线城市
1456,M,37,36-45,3299,2001-4000,清远,镇区,三线城市
1457,F,70,60+,1139,1001-2000,本溪,unknown,五线城市
1460,M,37,36-45,2999,2001-4000,哈尔滨,城区,二线城市
1461,F,58,46-60,799,<=1000,绥化,城区,四线城市
1466,M,27,26-35,1099,1001-2000,苏州,城区,新一线城市
1467,F,25,19-25,1798,1001-2000,陇南,unknown,五线城市
1468,M,38,36-45,1299,1001-2000,烟台,镇区,二线城市
1469,M,54,46-60,1099,1001-2000,信阳,unknown,三线城市
1471,M,34,26-35,4499,4001-7000,鞍山,城区,三线城市
1472,M,34,26-35,1049,1001-2000,宁波,unknown,新一线城市
1474,M,37,36-45,3888,2001-4000,遵义,城区,三线城市
1475,F,75,60+,1068,1001-2000,大连,乡村,二线城市
1477,M,38,36-45,1299,1001-2000,商丘,乡村,三线城市
1479,M,41,36-45,999,<=1000,营口,城区,四线城市
1482,M,20,19-25,2699,2001-4000,聊城,城区,四线城市
1483,F,76,60+,899,<=1000,鞍山,乡村,三线城市
1484,F,67,60+,2698,2001-4000,曲靖,乡村,四线城市
1485,M,62,60+,1899,1001-2000,荆门,乡村,五线城市
1486,F,56,46-60,1398,1001-2000,怀化,城区,四线城市
1487,M,66,60+,4599,4001-7000,长春,乡村,二线城市
1488,M,41,36-45,1548,1001-2000,郑州,unknown,新一线城市
1489,M,30,26-35,1599,1001-2000,广州,镇区,一线城市
1490,M,61,60+,2399,2001-4000,滨州,乡村,四线城市
1491,M,51,46-60,899,<=1000,平凉,乡村,五线城市
1493,M,31,26-35,2099,2001-4000,遵义,乡村,三线城市
1494,F,37,36-45,2298,2001-4000,哈尔滨,unknown,二线城市
1495,F,44,36-45,999,<=1000,大连,城区,二线城市
1496,F,51,46-60,899,<=1000,保定,unknown,三线城市
1498,M,58,46-60,1099,1001-2000,南京,unknown,新一线城市
1500,M,32,26-35,1699,1001-2000,绍兴,城区,二线城市
1501,M,54,46-60,1688,1001-2000,益阳,乡村,四线城市
1503,F,23,19-25,3548,2001-4000,泸州,城区,四线城市
1504,M,39,36-45,2499,2001-4000,株洲,城区,三线城市
1505,M,47,46-60,599,<=1000,沧州,unknown,三线城市
1509,M,40,36-45,1498,1001-2000,营口,unknown,四线城市
1510,M,30,26-35,1799,1001-2000,菏泽,unknown,四线城市
1511,M,58,46-60,1599,1001-2000,长治,unknown,五线城市
1512,M,23,19-25,1998,1001-2000,贵港,乡村,五线城市
1514,M,42,36-45,1299,1001-2000,大同,乡村,四线城市
1515,M,51,46-60,2499,2001-4000,上海,城区,一线城市
1517,F,50,46-60,1099,1001-2000,吉林,unknown,三线城市
1519,M,77,60+,1099,1001-2000,临沂,乡村,三线城市
1521,M,52,46-60,2699,2001-4000,钦州,乡村,五线城市
1522,M,75,60+,1798,1001-2000,儋州,镇区,五线城市
1523,F,54,46-60,1599,1001-2000,南京,乡村,新一线城市
1524,F,39,36-45,899,<=1000,武威,乡村,五线城市
1525,M,66,60+,1699,1001-2000,临沂,unknown,三线城市
1526,M,43,36-45,2399,2001-4000,巴音郭楞蒙古自治州,城区,五线城市
1529,M,58,46-60,1899,1001-2000,宁波,城区,新一线城市
1530,F,55,46-60,1399,1001-2000,南平,unknown,三线城市
1531,F,61,60+,1699,1001-2000,绵阳,乡村,三线城市
1533,F,67,60+,1399,1001-2000,滨州,unknown,四线城市
1534,F,56,46-60,2299,2001-4000,锦州,乡村,四线城市
1535,M,45,36-45,2499,2001-4000,杭州,城区,新一线城市
1536,F,77,60+,1688,1001-2000,晋中,unknown,四线城市
1537,M,21,19-25,1699,1001-2000,重庆,乡村,新一线城市
1538,M,31,26-35,2698,2001-4000,潍坊,unknown,三线城市
1540,M,37,36-45,2498,2001-4000,焦作,镇区,四线城市
1541,M,35,26-35,1699,1001-2000,温州,城区,二线城市
1542,M,61,60+,1498,1001-2000,德州,unknown,四线城市
1543,F,37,36-45,3699,2001-4000,南京,城区,新一线城市
1544,F,25,19-25,899,<=1000,安顺,乡村,四线城市
1545,M,54,46-60,799,<=1000,新乡,乡村,三线城市
1546,M,47,46-60,899,<=1000,铜仁,乡村,四线城市
1547,M,50,46-60,1398,1001-2000,河池,unknown,五线城市
1548,F,53,46-60,1599,1001-2000,临沂,乡村,三线城市
1549,M,72,60+,999,<=1000,朝阳,城区,五线城市
1550,M,70,60+,999,<=1000,徐州,镇区,二线城市
1551,M,45,36-45,2299,2001-4000,保定,城区,三线城市
1552,M,39,36-45,1789,1001-2000,吉林,城区,三线城市
1553,M,37,36-45,1999,1001-2000,东莞,镇区,新一线城市
1554,F,62,60+,1498,1001-2000,常德,镇区,四线城市
1555,M,52,46-60,1699,1001-2000,聊城,乡村,四线城市
1556,F,77,60+,1299,1001-2000,遵义,乡村,三线城市
1557,M,71,60+,1199,1001-2000,沈阳,城区,新一线城市
1558,F,42,36-45,2799,2001-4000,聊城,乡村,四线城市
1560,F,60,46-60,1298,1001-2000,辽阳,乡村,五线城市
1563,M,53,46-60,3399,2001-4000,鹤岗,乡村,五线城市
1564,F,37,36-45,1299,1001-2000,海南藏族自治州,unknown,五线城市
1565,M,30,26-35,3199,2001-4000,临沧,unknown,五线城市
1566,M,37,36-45,2399,2001-4000,上海,城区,一线城市
1567,M,72,60+,1498,1001-2000,德宏傣族景颇族自治州,unknown,四线城市
1569,F,32,26-35,1068,1001-2000,南宁,unknown,二线城市
1570,F,55,46-60,999,<=1000,秦皇岛,乡村,三线城市
1571,M,70,60+,999,<=1000,天津,乡村,新一线城市
1572,F,35,26-35,1699,1001-2000,重庆,城区,新一线城市
1573,F,35,26-35,1789,1001-2000,太原,unknown,二线城市
1574,F,42,36-45,999,<=1000,大理白族自治州,乡村,四线城市
1575,F,65,60+,1199,1001-2000,齐齐哈尔,乡村,四线城市
1576,F,69,60+,3699,2001-4000,乌兰察布,unknown,五线城市
1577,M,30,26-35,3999,2001-4000,菏泽,乡村,四线城市
1578,M,28,26-35,2298,2001-4000,绥化,乡村,四线城市
1579,M,68,60+,1499,1001-2000,呼伦贝尔,乡村,五线城市
1580,M,28,26-35,3299,2001-4000,郑州,unknown,新一线城市
1581,M,47,46-60,649,<=1000,中山,unknown,二线城市
1582,M,33,26-35,8399,7000+,南平,乡村,三线城市
1583,M,28,26-35,1099,1001-2000,酒泉,乡村,五线城市
1584,M,74,60+,1699,1001-2000,黔西南布依族苗族自治州,乡村,五线城市
1585,M,50,46-60,2788,2001-4000,济南,unknown,二线城市
1586,F,53,46-60,1799,1001-2000,天津,镇区,新一线城市
1588,M,30,26-35,1980,1001-2000,玉林,乡村,四线城市
1590,M,70,60+,599,<=1000,昭通,乡村,五线城市
1593,M,53,46-60,1199,1001-2000,泉州,乡村,二线城市
1595,M,67,60+,629,<=1000,蚌埠,unknown,三线城市
1596,M,28,26-35,3699,2001-4000,邵阳,乡村,四线城市
1597,M,57,46-60,1699,1001-2000,珠海,镇区,二线城市
1598,M,40,36-45,3499,2001-4000,邯郸,unknown,三线城市
1599,M,33,26-35,3798,2001-4000,惠州,城区,二线城市
1600,F,23,19-25,5999,4001-7000,防城港,乡村,五线城市
1601,F,53,46-60,799,<=1000,邯郸,乡村,三线城市
1602,F,49,46-60,1299,1001-2000,淮安,乡村,三线城市
1603,M,38,36-45,999,<=1000,益阳,unknown,四线城市
1604,M,26,26-35,5599,4001-7000,北京,城区,一线城市
1606,F,37,36-45,1529,1001-2000,聊城,乡村,四线城市
1608,F,55,46-60,1999,1001-2000,济南,unknown,二线城市
1609,M,23,19-25,3699,2001-4000,江门,unknown,三线城市
1610,M,65,60+,1399,1001-2000,惠州,乡村,二线城市
1611,M,61,60+,1099,1001-2000,驻马店,unknown,四线城市
1613,M,37,36-45,1998,1001-2000,潍坊,镇区,三线城市
1615,M,46,46-60,3299,2001-4000,镇江,unknown,三线城市
1616,M,37,36-45,7999,7000+,滨州,unknown,四线城市
1617,M,50,46-60,1008,1001-2000,铁岭,unknown,五线城市
1618,M,58,46-60,1899,1001-2000,呼和浩特,unknown,三线城市
1619,M,36,36-45,1899,1001-2000,沈阳,城区,新一线城市
1620,M,53,46-60,1899,1001-2000,呼伦贝尔,城区,五线城市
1622,M,33,26-35,899,<=1000,福州,unknown,二线城市
1625,M,26,26-35,1699,1001-2000,黔西南布依族苗族自治州,乡村,五线城市
1626,M,42,36-45,1469,1001-2000,大庆,城区,三线城市
1627,M,59,46-60,799,<=1000,桂林,unknown,三线城市
1629,M,49,46-60,3488,2001-4000,德州,镇区,四线城市
1631,F,77,60+,2399,2001-4000,西宁,unknown,四线城市
1632,M,48,46-60,1999,1001-2000,德州,镇区,四线城市
1633,F,42,36-45,1449,1001-2000,河池,乡村,五线城市
1636,F,31,26-35,1599,1001-2000,商丘,unknown,三线城市
1637,M,71,60+,2399,2001-4000,宁波,unknown,新一线城市
1638,M,50,46-60,2299,2001-4000,张掖,unknown,五线城市
1639,M,37,36-45,7799,7000+,上饶,unknown,三线城市
1640,F,33,26-35,3488,2001-4000,西安,城区,新一线城市
1641,M,24,19-25,2198,2001-4000,昆明,城区,新一线城市
1643,F,70,60+,599,<=1000,常德,unknown,四线城市
1644,M,63,60+,1299,1001-2000,吉安,unknown,四线城市
1645,M,76,60+,1699,1001-2000,普洱,乡村,五线城市
1647,F,69,60+,1199,1001-2000,长春,unknown,二线城市
1648,F,23,19-25,1299,1001-2000,柳州,unknown,三线城市
1649,M,33,26-35,1099,1001-2000,徐州,乡村,二线城市
1651,M,20,19-25,2799,2001-4000,成都,城区,新一线城市
1652,M,38,36-45,2499,2001-4000,庆阳,城区,五线城市
1655,F,71,60+,1599,1001-2000,上饶,unknown,三线城市
1656,M,35,26-35,3488,2001-4000,衡阳,镇区,三线城市
1657,M,35,26-35,2199,2001-4000,赤峰,unknown,四线城市
1659,M,37,36-45,1999,1001-2000,长沙,城区,新一线城市
1661,F,51,46-60,3699,2001-4000,长治,乡村,五线城市
1662,M,70,60+,3899,2001-4000,常州,unknown,二线城市
1664,M,51,46-60,1299,1001-2000,唐山,unknown,三线城市
1665,F,29,26-35,5999,4001-7000,西双版纳傣族自治州,城区,四线城市
1667,M,69,60+,2099,2001-4000,三亚,乡村,三线城市
1669,M,59,46-60,1699,1001-2000,郑州,镇区,新一线城市
1671,F,61,60+,1299,1001-2000,定西,unknown,五线城市
1672,M,67,60+,2032,2001-4000,广元,unknown,五线城市
1673,F,65,60+,3999,2001-4000,漳州,unknown,三线城市
1674,M,68,60+,1399,1001-2000,嘉兴,乡村,二线城市
1675,F,72,60+,799,<=1000,衡水,unknown,五线城市
1676,M,35,26-35,1699,1001-2000,聊城,unknown,四线城市
1677,F,29,26-35,1158,1001-2000,泰州,unknown,三线城市
1679,M,54,46-60,2499,2001-4000,石家庄,镇区,二线城市
1680,F,46,46-60,1199,1001-2000,齐齐哈尔,unknown,四线城市
1681,M,25,19-25,3199,2001-4000,吕梁,城区,五线城市
1682,M,33,26-35,3699,2001-4000,九江,乡村,三线城市
1683,M,55,46-60,600,<=1000,锦州,乡村,四线城市
1684,F,56,46-60,799,<=1000,张家口,unknown,四线城市
1686,M,72,60+,400,<=1000,枣庄,城区,四线城市
1687,M,68,60+,5999,4001-7000,芝加哥,unknown,unknown
1688,F,39,36-45,1799,1001-2000,邯郸,乡村,三线城市
1689,M,26,26-35,2699,2001-4000,枣庄,乡村,四线城市
1690,M,62,60+,1299,1001-2000,鸡西,乡村,五线城市
1692,M,50,46-60,1699,1001-2000,哈尔滨,unknown,二线城市
1694,M,36,36-45,1499,1001-2000,重庆,城区,新一线城市
1695,M,37,36-45,2699,2001-4000,深圳,unknown,一线城市
1697,M,77,60+,1999,1001-2000,鞍山,unknown,三线城市
1698,M,22,19-25,1199,1001-2000,淮南,乡村,四线城市
1699,F,62,60+,1498,1001-2000,青岛,unknown,新一线城市
1700,M,74,60+,2299,2001-4000,庆阳,unknown,五线城市
1701,F,71,60+,2288,2001-4000,济南,unknown,二线城市
1702,M,73,60+,2098,2001-4000,商洛,unknown,五线城市
1704,M,34,26-35,599,<=1000,邢台,乡村,四线城市
1707,M,23,19-25,6222,4001-7000,哈尔滨,城区,二线城市
1708,M,42,36-45,1999,1001-2000,河池,unknown,五线城市
1709,M,79,60+,899,<=1000,张家口,乡村,四线城市
1710,F,76,60+,3848,2001-4000,兰州,unknown,二线城市
1712,F,29,26-35,1999,1001-2000,宁德,unknown,三线城市
1714,M,31,26-35,3299,2001-4000,保定,乡村,三线城市
1718,M,54,46-60,2299,2001-4000,济南,unknown,二线城市
1719,M,35,26-35,1529,1001-2000,株洲,乡村,三线城市
1720,F,78,60+,1198,1001-2000,齐齐哈尔,乡村,四线城市
1723,M,64,60+,2969,2001-4000,兰州,城区,二线城市
1725,M,28,26-35,8499,7000+,南昌,城区,二线城市
1726,M,41,36-45,799,<=1000,莆田,unknown,三线城市
1728,F,23,19-25,1999,1001-2000,泰州,城区,三线城市
1729,F,78,60+,6488,4001-7000,石家庄,城区,二线城市
1730,F,56,46-60,1199,1001-2000,天津,unknown,新一线城市
1732,F,64,60+,1199,1001-2000,赤峰,乡村,四线城市
1733,F,77,60+,2499,2001-4000,郑州,乡村,新一线城市
1734,F,34,26-35,1899,1001-2000,保定,乡村,三线城市
1735,M,32,26-35,2699,2001-4000,上海,unknown,一线城市
1739,F,37,36-45,2799,2001-4000,承德,镇区,四线城市
1740,M,56,46-60,1498,1001-2000,北京,unknown,一线城市
1741,M,35,26-35,2499,2001-4000,西安,城区,新一线城市
1742,F,77,60+,1398,1001-2000,徐州,乡村,二线城市
1744,F,24,19-25,9299,7000+,驻马店,unknown,四线城市
1745,F,57,46-60,1599,1001-2000,廊坊,unknown,三线城市
1746,F,31,26-35,699,<=1000,巴彦淖尔,城区,五线城市
1747,F,40,36-45,2699,2001-4000,郑州,乡村,新一线城市
1749,M,33,26-35,1400,1001-2000,聊城,乡村,四线城市
1750,M,36,36-45,3399,2001-4000,漯河,unknown,五线城市
1751,M,32,26-35,2399,2001-4000,昆明,unknown,新一线城市
1752,F,79,60+,1699,1001-2000,滨州,城区,四线城市
1753,F,35,26-35,999,<=1000,衡水,乡村,五线城市
1754,M,20,19-25,3798,2001-4000,济宁,镇区,三线城市
1755,F,33,26-35,1099,1001-2000,新乡,乡村,三线城市
1756,M,58,46-60,1599,1001-2000,丹东,unknown,四线城市
1757,F,21,19-25,3999,2001-4000,南阳,乡村,三线城市
1758,M,31,26-35,2499,2001-4000,榆林,乡村,四线城市
1761,M,46,46-60,1399,1001-2000,济南,unknown,二线城市
1762,M,59,46-60,1498,1001-2000,沧州,unknown,三线城市
1763,M,41,36-45,1999,1001-2000,临沂,镇区,三线城市
1764,M,50,46-60,999,<=1000,唐山,乡村,三线城市
1765,F,65,60+,1899,1001-2000,邯郸,乡村,三线城市
1766,M,70,60+,1599,1001-2000,盐城,unknown,三线城市
1767,M,75,60+,949,<=1000,兰州,unknown,二线城市
1768,F,39,36-45,1398,1001-2000,天津,城区,新一线城市
1769,M,26,26-35,1399,1001-2000,三门峡,unknown,五线城市
1770,M,29,26-35,3999,2001-4000,通辽,城区,五线城市
1771,M,46,46-60,1399,1001-2000,通辽,城区,五线城市
1773,M,47,46-60,1899,1001-2000,潍坊,unknown,三线城市
1774,F,40,36-45,1139,1001-2000,哈尔滨,城区,二线城市
1776,F,50,46-60,699,<=1000,朝阳,unknown,五线城市
1778,F,39,36-45,3498,2001-4000,德州,乡村,四线城市
1779,M,64,60+,3199,2001-4000,兴安盟,unknown,五线城市
1780,M,32,26-35,3199,2001-4000,苏州,城区,新一线城市
1781,M,35,26-35,1789,1001-2000,濮阳,unknown,五线城市
1783,M,44,36-45,2499,2001-4000,宜宾,unknown,四线城市
1785,M,39,36-45,1189,1001-2000,滨州,镇区,四线城市
1786,F,42,36-45,1598,1001-2000,沈阳,unknown,新一线城市
1789,M,46,46-60,1055,1001-2000,大庆,乡村,三线城市
1790,F,27,26-35,1999,1001-2000,杭州,城区,新一线城市
1791,M,40,36-45,2699,2001-4000,保定,镇区,三线城市
1793,M,29,26-35,945,<=1000,牡丹江,乡村,四线城市
1794,F,32,26-35,2288,2001-4000,济南,unknown,二线城市
1795,F,27,26-35,849,<=1000,徐州,unknown,二线城市
1797,M,26,26-35,7999,7000+,厦门,镇区,二线城市
1798,F,58,46-60,899,<=1000,黑河,乡村,五线城市
1801,F,73,60+,1149,1001-2000,齐齐哈尔,城区,四线城市
1805,M,39,36-45,3299,2001-4000,东莞,unknown,新一线城市
1806,F,74,60+,1399,1001-2000,锦州,乡村,四线城市
1807,M,58,46-60,2699,2001-4000,重庆,unknown,新一线城市
1808,F,28,26-35,1099,1001-2000,温州,城区,二线城市
1809,M,35,26-35,1688,1001-2000,天津,乡村,新一线城市
1812,M,51,46-60,1199,1001-2000,兰州,unknown,二线城市
1813,F,35,26-35,2699,2001-4000,临沂,unknown,三线城市
1814,M,29,26-35,2000,1001-2000,北京,城区,一线城市
1815,M,38,36-45,1798,1001-2000,广州,乡村,一线城市
1816,F,39,36-45,1199,1001-2000,商丘,城区,三线城市
1817,F,31,26-35,9299,7000+,福州,unknown,二线城市
1819,F,38,36-45,6222,4001-7000,保定,城区,三线城市
1820,M,62,60+,1458,1001-2000,金昌,乡村,五线城市
1822,F,60,46-60,1398,1001-2000,滨州,城区,四线城市
1823,M,20,19-25,4399,4001-7000,惠州,乡村,二线城市
1825,M,50,46-60,1250,1001-2000,丹东,乡村,四线城市
1826,F,31,26-35,796,<=1000,海西蒙古族藏族自治州,城区,五线城市
1827,M,51,46-60,1998,1001-2000,周口,乡村,四线城市
1828,M,46,46-60,1298,1001-2000,河池,unknown,五线城市
1829,F,31,26-35,849,<=1000,徐州,unknown,二线城市
1831,F,24,19-25,2999,2001-4000,漳州,乡村,三线城市
1832,M,71,60+,749,<=1000,吉安,unknown,四线城市
1833,M,55,46-60,599,<=1000,荆州,unknown,三线城市
1834,M,54,46-60,528,<=1000,安顺,城区,四线城市
1838,F,52,46-60,1498,1001-2000,鞍山,unknown,三线城市
1839,F,35,26-35,1458,1001-2000,重庆,unknown,新一线城市
1841,M,39,36-45,1529,1001-2000,东营,乡村,四线城市
1843,M,33,26-35,3799,2001-4000,济源,unknown,五线城市
1844,M,42,36-45,1129,1001-2000,上海,乡村,一线城市
1845,M,63,60+,1999,1001-2000,唐山,乡村,三线城市
1846,F,27,26-35,1299,1001-2000,西双版纳傣族自治州,镇区,四线城市
1848,F,57,46-60,599,<=1000,唐山,镇区,三线城市
1849,F,64,60+,1068,1001-2000,濮阳,乡村,五线城市
1850,F,61,60+,3469,2001-4000,惠州,城区,二线城市
1851,M,59,46-60,1699,1001-2000,东莞,镇区,新一线城市
1852,M,29,26-35,1999,1001-2000,青岛,城区,新一线城市
1854,F,75,60+,999,<=1000,大连,unknown,二线城市
1855,F,38,36-45,1398,1001-2000,大连,unknown,二线城市
1857,M,59,46-60,2998,2001-4000,贵阳,乡村,二线城市
1859,M,55,46-60,1149,1001-2000,重庆,城区,新一线城市
1860,M,47,46-60,848,<=1000,河池,乡村,五线城市
1861,M,61,60+,1999,1001-2000,濮阳,unknown,五线城市
1862,M,29,26-35,2999,2001-4000,福州,镇区,二线城市
1864,M,62,60+,1199,1001-2000,天津,乡村,新一线城市
1865,M,22,19-25,1348,1001-2000,平顶山,unknown,四线城市
1866,F,28,26-35,919,<=1000,巴音郭楞蒙古自治州,镇区,五线城市
1867,M,70,60+,799,<=1000,连云港,unknown,三线城市
1868,M,37,36-45,4999,4001-7000,上海,unknown,一线城市
1870,M,55,46-60,899,<=1000,邯郸,乡村,三线城市
1871,M,32,26-35,1799,1001-2000,北京,城区,一线城市
1872,M,50,46-60,899,<=1000,德州,乡村,四线城市
1873,F,38,36-45,1699,1001-2000,怀化,unknown,四线城市
1874,F,72,60+,1688,1001-2000,哈尔滨,乡村,二线城市
1875,M,35,26-35,1099,1001-2000,洛阳,unknown,三线城市
1876,M,34,26-35,1599,1001-2000,普洱,乡村,五线城市
1877,F,32,26-35,849,<=1000,徐州,unknown,二线城市
1878,F,20,19-25,3198,2001-4000,株洲,unknown,三线城市
1879,M,32,26-35,1399,1001-2000,遵义,镇区,三线城市
1880,M,24,19-25,6222,4001-7000,长沙,镇区,新一线城市
1881,F,71,60+,1498,1001-2000,聊城,乡村,四线城市
1882,M,69,60+,2199,2001-4000,周口,乡村,四线城市
1883,M,55,46-60,2458,2001-4000,新乡,unknown,三线城市
1887,M,25,19-25,1999,1001-2000,上海,镇区,一线城市
1889,M,53,46-60,899,<=1000,晋中,镇区,四线城市
1892,M,34,26-35,899,<=1000,滨州,镇区,四线城市
1894,F,69,60+,400,<=1000,赤峰,乡村,四线城市
1897,M,34,26-35,1299,1001-2000,江门,乡村,三线城市
1898,F,36,36-45,1499,1001-2000,武汉,城区,新一线城市
1899,M,36,36-45,1999,1001-2000,南宁,unknown,二线城市
1901,M,66,60+,3699,2001-4000,开封,乡村,四线城市
1902,M,60,46-60,1099,1001-2000,保定,乡村,三线城市
1903,M,68,60+,1299,1001-2000,赤峰,乡村,四线城市
1904,M,36,36-45,3299,2001-4000,温州,镇区,二线城市
1905,M,59,46-60,1298,1001-2000,百色,乡村,四线城市
1906,M,20,19-25,1699,1001-2000,郑州,unknown,新一线城市
1907,M,77,60+,8899,7000+,绥化,unknown,四线城市
1908,M,50,46-60,1299,1001-2000,石家庄,城区,二线城市
1909,M,43,36-45,1348,1001-2000,葫芦岛,城区,五线城市
1910,M,31,26-35,1099,1001-2000,太原,乡村,二线城市
1913,M,31,26-35,3888,2001-4000,遵义,unknown,三线城市
1914,F,34,26-35,1898,1001-2000,天津,城区,新一线城市
1915,F,62,60+,999,<=1000,赤峰,乡村,四线城市
1916,M,69,60+,999,<=1000,邯郸,unknown,三线城市
1917,M,43,36-45,1688,1001-2000,北京,unknown,一线城市
1919,M,53,46-60,2399,2001-4000,南通,镇区,二线城市
1921,M,40,36-45,1299,1001-2000,怀化,unknown,四线城市
1922,F,68,60+,2399,2001-4000,绥化,乡村,四线城市
1925,M,71,60+,1999,1001-2000,岳阳,乡村,三线城市
1926,M,39,36-45,1099,1001-2000,济宁,乡村,三线城市
1927,M,22,19-25,4399,4001-7000,许昌,城区,四线城市
1928,F,37,36-45,1999,1001-2000,衡阳,乡村,三线城市
1930,F,22,19-25,1998,1001-2000,梅州,unknown,三线城市
1931,F,25,19-25,6222,4001-7000,十堰,unknown,四线城市
1932,M,54,46-60,1498,1001-2000,襄阳,unknown,三线城市
1933,F,39,36-45,2999,2001-4000,苏州,unknown,新一线城市
1934,F,21,19-25,1699,1001-2000,重庆,城区,新一线城市
1935,M,49,46-60,1099,1001-2000,六盘水,乡村,四线城市
1936,F,29,26-35,5599,4001-7000,达州,unknown,五线城市
1937,M,72,60+,1298,1001-2000,贺州,unknown,五线城市
1940,M,20,19-25,3548,2001-4000,惠州,unknown,二线城市
1941,F,61,60+,1798,1001-2000,湘潭,unknown,三线城市
1942,M,62,60+,1998,1001-2000,抚顺,城区,五线城市
1943,M,53,46-60,1299,1001-2000,重庆,unknown,新一线城市
1944,M,57,46-60,1199,1001-2000,威海,unknown,三线城市
1945,F,60,46-60,999,<=1000,齐齐哈尔,unknown,四线城市
1946,F,38,36-45,1688,1001-2000,定西,乡村,五线城市
1947,M,51,46-60,599,<=1000,黔西南布依族苗族自治州,镇区,五线城市
1950,M,63,60+,2788,2001-4000,聊城,镇区,四线城市
1951,M,23,19-25,799,<=1000,秦皇岛,unknown,三线城市
1952,M,66,60+,1199,1001-2000,伊犁哈萨克自治州,城区,五线城市
1954,M,59,46-60,9699,7000+,黄南藏族自治州,乡村,五线城市
1955,M,66,60+,1798,1001-2000,达州,城区,五线城市
1956,M,49,46-60,1999,1001-2000,临沂,乡村,三线城市
1957,F,42,36-45,2699,2001-4000,重庆,unknown,新一线城市
1960,M,67,60+,1068,1001-2000,合肥,镇区,二线城市
1961,M,71,60+,799,<=1000,包头,城区,三线城市
1962,F,52,46-60,1789,1001-2000,宿州,乡村,四线城市
1963,F,77,60+,1998,1001-2000,松原,乡村,五线城市
1964,M,40,36-45,4399,4001-7000,承德,城区,四线城市
1965,F,27,26-35,999,<=1000,大理白族自治州,unknown,四线城市
1967,M,53,46-60,1398,1001-2000,汉中,unknown,五线城市
1968,F,49,46-60,1598,1001-2000,安阳,unknown,四线城市
1970,M,75,60+,1699,1001-2000,许昌,unknown,四线城市
1971,M,37,36-45,999,<=1000,湛江,乡村,三线城市
1973,F,60,46-60,1299,1001-2000,南通,城区,二线城市
1974,M,77,60+,1498,1001-2000,玉溪,unknown,五线城市
1975,M,55,46-60,2199,2001-4000,丹东,unknown,四线城市
1977,M,67,60+,4199,4001-7000,湛江,unknown,三线城市
1978,M,56,46-60,1398,1001-2000,庆阳,乡村,五线城市
1979,M,63,60+,1299,1001-2000,宝鸡,城区,四线城市
1980,M,61,60+,1099,1001-2000,濮阳,乡村,五线城市
1984,M,42,36-45,949,<=1000,温州,unknown,二线城市
1985,F,70,60+,1599,1001-2000,赣州,unknown,三线城市
1987,F,40,36-45,1299,1001-2000,济宁,unknown,三线城市
1989,F,67,60+,1099,1001-2000,广州,城区,一线城市
1992,M,32,26-35,1699,1001-2000,嘉兴,镇区,二线城市
1993,F,59,46-60,899,<=1000,丽江,unknown,四线城市
1994,F,71,60+,999,<=1000,临夏回族自治州,unknown,五线城市
1995,M,38,36-45,1498,1001-2000,许昌,unknown,四线城市
1996,F,67,60+,1399,1001-2000,宿迁,unknown,三线城市
1997,M,62,60+,999,<=1000,廊坊,镇区,三线城市
1998,F,33,26-35,1498,1001-2000,邵阳,乡村,四线城市
1999,M,76,60+,1899,1001-2000,锦州,unknown,四线城市
2000,M,23,19-25,1789,1001-2000,郑州,乡村,新一线城市
2002,F,77,60+,1699,1001-2000,青岛,乡村,新一线城市
2003,F,54,46-60,688,<=1000,长沙,乡村,新一线城市
2005,M,50,46-60,1099,1001-2000,衡水,乡村,五线城市
2009,M,37,36-45,1699,1001-2000,沈阳,城区,新一线城市
2010,M,20,19-25,1999,1001-2000,榆林,城区,四线城市
2011,M,32,26-35,1699,1001-2000,菏泽,unknown,四线城市
2014,M,59,46-60,1789,1001-2000,保定,unknown,三线城市
2016,M,66,60+,949,<=1000,济宁,unknown,三线城市
2017,M,76,60+,1149,1001-2000,海东,乡村,五线城市
2019,M,53,46-60,2000,1001-2000,唐山,乡村,三线城市
2020,F,70,60+,1899,1001-2000,石家庄,乡村,二线城市
2023,M,59,46-60,3699,2001-4000,石家庄,镇区,二线城市
2024,M,25,19-25,1400,1001-2000,哈尔滨,unknown,二线城市
2025,F,57,46-60,1699,1001-2000,哈尔滨,unknown,二线城市
2026,M,36,36-45,1199,1001-2000,徐州,乡村,二线城市
2027,F,52,46-60,2399,2001-4000,邯郸,unknown,三线城市
2028,F,64,60+,1199,1001-2000,营口,unknown,四线城市
2029,F,20,19-25,1198,1001-2000,铜仁,乡村,四线城市
2030,M,69,60+,1699,1001-2000,重庆,城区,新一线城市
2031,M,44,36-45,899,<=1000,泰安,乡村,三线城市
2032,M,68,60+,1149,1001-2000,沧州,镇区,三线城市
2033,M,30,26-35,2000,1001-2000,宜春,unknown,四线城市
2038,F,73,60+,1599,1001-2000,济宁,unknown,三线城市
2039,M,30,26-35,1548,1001-2000,和田地区,乡村,五线城市
2040,M,42,36-45,999,<=1000,黔南布依族苗族自治州,unknown,四线城市
2041,M,53,46-60,2699,2001-4000,聊城,unknown,四线城市
2043,M,23,19-25,899,<=1000,临沂,乡村,三线城市
2044,M,28,26-35,4399,4001-7000,石家庄,城区,二线城市
2045,F,55,46-60,1199,1001-2000,廊坊,unknown,三线城市
2046,F,69,60+,2299,2001-4000,滁州,乡村,三线城市
2047,M,31,26-35,1399,1001-2000,大连,城区,二线城市
2048,M,23,19-25,2168,2001-4000,遵义,乡村,三线城市
2050,M,50,46-60,1599,1001-2000,日照,镇区,四线城市
2051,F,52,46-60,999,<=1000,鄂尔多斯,镇区,四线城市
2052,M,63,60+,1898,1001-2000,阳泉,城区,五线城市
2054,M,31,26-35,2298,2001-4000,唐山,城区,三线城市
2055,F,74,60+,599,<=1000,洛阳,镇区,三线城市
2056,F,37,36-45,2188,2001-4000,平凉,镇区,五线城市
2057,F,68,60+,1799,1001-2000,邢台,乡村,四线城市
2058,M,59,46-60,1498,1001-2000,绥化,unknown,四线城市
2059,M,57,46-60,1548,1001-2000,威海,乡村,三线城市
2060,M,33,26-35,4399,4001-7000,金华,城区,二线城市
2061,F,27,26-35,3999,2001-4000,滁州,乡村,三线城市
2062,F,69,60+,999,<=1000,葫芦岛,城区,五线城市
2065,M,67,60+,1099,1001-2000,沧州,unknown,三线城市
2066,M,54,46-60,1999,1001-2000,洛阳,unknown,三线城市
2067,M,74,60+,2499,2001-4000,曲靖,乡村,四线城市
2068,M,70,60+,3399,2001-4000,泉州,unknown,二线城市
2071,M,24,19-25,849,<=1000,徐州,unknown,二线城市
2072,F,74,60+,1399,1001-2000,长春,unknown,二线城市
2073,F,29,26-35,2399,2001-4000,郑州,乡村,新一线城市
2075,F,54,46-60,2499,2001-4000,南昌,unknown,二线城市
2076,M,39,36-45,1899,1001-2000,平顶山,unknown,四线城市
2077,M,55,46-60,1699,1001-2000,佳木斯,unknown,四线城市
2079,M,31,26-35,1688,1001-2000,泉州,城区,二线城市
2080,M,59,46-60,799,<=1000,滨州,乡村,四线城市
2083,F,42,36-45,1699,1001-2000,宜春,城区,四线城市
2084,M,56,46-60,1699,1001-2000,双鸭山,乡村,五线城市
2085,M,71,60+,2098,2001-4000,哈尔滨,乡村,二线城市
2086,F,34,26-35,1798,1001-2000,沈阳,城区,新一线城市
2088,M,61,60+,1299,1001-2000,定西,unknown,五线城市
2091,M,59,46-60,1998,1001-2000,廊坊,乡村,三线城市
2092,F,38,36-45,2288,2001-4000,合肥,unknown,二线城市
2093,F,67,60+,3498,2001-4000,绥化,镇区,四线城市
2094,M,79,60+,1699,1001-2000,连云港,unknown,三线城市
2095,M,22,19-25,1199,1001-2000,上海,城区,一线城市
2096,M,35,26-35,1198,1001-2000,崇左,乡村,五线城市
2097,M,33,26-35,1499,1001-2000,百色,镇区,四线城市
2098,F,36,36-45,1999,1001-2000,唐山,乡村,三线城市
2099,F,78,60+,1999,1001-2000,无锡,unknown,二线城市
2101,M,70,60+,2699,2001-4000,无锡,unknown,二线城市
2104,M,35,26-35,2699,2001-4000,济南,乡村,二线城市
2105,M,71,60+,899,<=1000,南阳,unknown,三线城市
2106,M,73,60+,1699,1001-2000,固原,乡村,五线城市
2107,M,66,60+,1699,1001-2000,漳州,unknown,三线城市
2108,M,22,19-25,1148,1001-2000,泉州,城区,二线城市
2110,M,36,36-45,2699,2001-4000,果洛藏族自治州,乡村,五线城市
2111,M,26,26-35,4399,4001-7000,福州,城区,二线城市
2114,F,33,26-35,2288,2001-4000,遵义,乡村,三线城市
2115,M,32,26-35,2999,2001-4000,长春,unknown,二线城市
2116,M,65,60+,949,<=1000,保定,乡村,三线城市
2117,M,54,46-60,1068,1001-2000,齐齐哈尔,乡村,四线城市
2118,M,59,46-60,1699,1001-2000,绥化,unknown,四线城市
2119,F,50,46-60,1398,1001-2000,齐齐哈尔,城区,四线城市
2120,M,50,46-60,1399,1001-2000,固原,乡村,五线城市
2121,F,27,26-35,2699,2001-4000,贺州,unknown,五线城市
2122,M,56,46-60,1798,1001-2000,红河哈尼族彝族自治州,unknown,四线城市
2123,F,63,60+,1399,1001-2000,榆林,unknown,四线城市
2125,M,74,60+,1150,1001-2000,徐州,unknown,二线城市
2126,F,63,60+,1068,1001-2000,保定,unknown,三线城市
2127,M,51,46-60,1099,1001-2000,沈阳,城区,新一线城市
2131,M,40,36-45,1398,1001-2000,临沧,unknown,五线城市
2135,F,53,46-60,999,<=1000,重庆,unknown,新一线城市
2136,F,20,19-25,3498,2001-4000,大连,城区,二线城市
2137,F,36,36-45,899,<=1000,酒泉,乡村,五线城市
2138,M,31,26-35,2298,2001-4000,邵阳,unknown,四线城市
2139,F,21,19-25,1548,1001-2000,保定,乡村,三线城市
2140,F,51,46-60,799,<=1000,承德,乡村,四线城市
2141,F,41,36-45,1149,1001-2000,承德,unknown,四线城市
2142,M,76,60+,3548,2001-4000,大连,unknown,二线城市
2143,F,37,36-45,2199,2001-4000,黔东南苗族侗族自治州,unknown,四线城市
2144,F,24,19-25,899,<=1000,陇南,unknown,五线城市
2146,M,52,46-60,1699,1001-2000,沧州,unknown,三线城市
2147,M,69,60+,1999,1001-2000,石家庄,unknown,二线城市
2149,F,21,19-25,599,<=1000,廊坊,城区,三线城市
2151,M,38,36-45,849,<=1000,徐州,unknown,二线城市
2152,F,55,46-60,1548,1001-2000,扬州,unknown,二线城市
2153,F,37,36-45,849,<=1000,徐州,unknown,二线城市
2154,M,52,46-60,2499,2001-4000,商丘,unknown,三线城市
2155,M,46,46-60,788,<=1000,嘉兴,unknown,二线城市
2156,M,68,60+,688,<=1000,大理白族自治州,镇区,四线城市
2157,M,30,26-35,769,<=1000,徐州,unknown,二线城市
2159,M,37,36-45,3299,2001-4000,东莞,unknown,新一线城市
2160,F,65,60+,3498,2001-4000,天水,乡村,五线城市
2161,F,33,26-35,1189,1001-2000,天津,unknown,新一线城市
2162,M,73,60+,3199,2001-4000,北京,unknown,一线城市
2163,M,54,46-60,1899,1001-2000,濮阳,乡村,五线城市
2165,M,78,60+,2399,2001-4000,郑州,unknown,新一线城市
2166,F,50,46-60,2399,2001-4000,宝鸡,unknown,四线城市
2167,M,21,19-25,1499,1001-2000,固原,乡村,五线城市
2168,M,28,26-35,3699,2001-4000,长春,乡村,二线城市
2170,F,58,46-60,2499,2001-4000,滁州,镇区,三线城市
2171,F,36,36-45,899,<=1000,攀枝花,乡村,五线城市
2174,M,71,60+,3199,2001-4000,鞍山,unknown,三线城市
2175,M,78,60+,1099,1001-2000,临沂,unknown,三线城市
2176,M,65,60+,1199,1001-2000,广州,城区,一线城市
2177,F,59,46-60,1399,1001-2000,天津,城区,新一线城市
2179,F,41,36-45,1068,1001-2000,茅野,unknown,unknown
2180,F,20,19-25,3198,2001-4000,宁波,城区,新一线城市
2181,M,35,26-35,1789,1001-2000,文山壮族苗族自治州,乡村,五线城市
2183,M,60,46-60,1699,1001-2000,黔南布依族苗族自治州,乡村,四线城市
2184,M,69,60+,949,<=1000,盘锦,unknown,四线城市
2185,M,70,60+,1198,1001-2000,驻马店,unknown,四线城市
2186,F,25,19-25,2499,2001-4000,焦作,unknown,四线城市
2188,F,75,60+,1199,1001-2000,长春,unknown,二线城市
2189,M,54,46-60,2999,2001-4000,铁岭,城区,五线城市
2192,M,39,36-45,2799,2001-4000,徐州,unknown,二线城市
2193,M,33,26-35,1499,1001-2000,台州,unknown,二线城市
2194,M,65,60+,2969,2001-4000,海北藏族自治州,unknown,五线城市
2195,F,68,60+,1699,1001-2000,烟台,unknown,二线城市
2196,M,40,36-45,849,<=1000,徐州,unknown,二线城市
2197,M,63,60+,1599,1001-2000,郴州,乡村,三线城市
2199,M,32,26-35,1699,1001-2000,成都,unknown,新一线城市
2200,M,57,46-60,999,<=1000,德州,乡村,四线城市
2201,M,40,36-45,1548,1001-2000,石河子,unknown,五线城市
2202,M,67,60+,1399,1001-2000,辽阳,unknown,五线城市
2203,M,34,26-35,5999,4001-7000,东莞,镇区,新一线城市
2204,M,75,60+,1598,1001-2000,邢台,乡村,四线城市
2205,M,57,46-60,4688,4001-7000,济南,unknown,二线城市
2206,M,47,46-60,1399,1001-2000,湛江,unknown,三线城市
2207,M,20,19-25,2298,2001-4000,东莞,镇区,新一线城市
2209,M,25,19-25,7999,7000+,金华,乡村,二线城市
2210,M,31,26-35,2299,2001-4000,驻马店,乡村,四线城市
2214,M,60,46-60,400,<=1000,阳泉,镇区,五线城市
2215,F,38,36-45,2499,2001-4000,呼和浩特,unknown,三线城市
2216,F,60,46-60,1899,1001-2000,哈尔滨,unknown,二线城市
2218,F,23,19-25,1699,1001-2000,毕节,乡村,四线城市
2219,F,50,46-60,1699,1001-2000,阜新,unknown,五线城市
2221,F,76,60+,999,<=1000,廊坊,unknown,三线城市
2223,F,69,60+,1199,1001-2000,黄冈,unknown,四线城市
2224,M,56,46-60,2199,2001-4000,哈尔滨,城区,二线城市
2225,F,67,60+,1199,1001-2000,营口,unknown,四线城市
2226,F,29,26-35,999,<=1000,邯郸,unknown,三线城市
2228,M,67,60+,1199,1001-2000,石家庄,乡村,二线城市
2229,F,34,26-35,948,<=1000,济宁,乡村,三线城市
2231,F,50,46-60,2399,2001-4000,重庆,城区,新一线城市
2232,M,54,46-60,899,<=1000,潍坊,乡村,三线城市
2234,M,37,36-45,2499,2001-4000,咸宁,乡村,四线城市
2235,M,52,46-60,599,<=1000,成都,乡村,新一线城市
2240,M,74,60+,1398,1001-2000,德州,unknown,四线城市
2242,M,74,60+,1129,1001-2000,保定,乡村,三线城市
2243,F,37,36-45,1150,1001-2000,哈尔滨,unknown,二线城市
2244,F,50,46-60,862,<=1000,兰州,unknown,二线城市
2246,M,32,26-35,3999,2001-4000,邯郸,乡村,三线城市
2248,M,59,46-60,1699,1001-2000,聊城,乡村,四线城市
2250,M,39,36-45,849,<=1000,徐州,unknown,二线城市
2255,M,77,60+,1699,1001-2000,宿迁,乡村,三线城市
2256,F,68,60+,899,<=1000,白城,乡村,五线城市
2257,M,37,36-45,2699,2001-4000,百色,unknown,四线城市
2258,M,71,60+,999,<=1000,海口,unknown,二线城市
2259,M,36,36-45,659,<=1000,徐州,unknown,二线城市
2260,M,69,60+,2399,2001-4000,邵阳,unknown,四线城市
2261,M,62,60+,901,<=1000,秦皇岛,unknown,三线城市
2263,M,58,46-60,1380,1001-2000,邢台,unknown,四线城市
2266,M,71,60+,1199,1001-2000,宿迁,城区,三线城市
2268,M,23,19-25,3699,2001-4000,邯郸,镇区,三线城市
2269,M,36,36-45,1298,1001-2000,邯郸,乡村,三线城市
2270,F,27,26-35,8999,7000+,香港,unknown,一线城市
2271,M,42,36-45,1699,1001-2000,河池,unknown,五线城市
2274,F,21,19-25,1699,1001-2000,保定,乡村,三线城市
2275,M,68,60+,1068,1001-2000,辽阳,乡村,五线城市
2276,M,78,60+,1398,1001-2000,大理白族自治州,乡村,四线城市
2277,M,37,36-45,1599,1001-2000,东莞,镇区,新一线城市
2279,F,29,26-35,1548,1001-2000,海口,unknown,二线城市
2281,F,23,19-25,1199,1001-2000,邯郸,unknown,三线城市
2282,M,33,26-35,3498,2001-4000,湖州,镇区,三线城市
2283,M,39,36-45,4899,4001-7000,昭通,unknown,五线城市
2284,M,77,60+,1699,1001-2000,马鞍山,城区,三线城市
2285,M,58,46-60,899,<=1000,徐州,unknown,二线城市
2286,M,49,46-60,499,<=1000,普洱,乡村,五线城市
2287,M,22,19-25,1829,1001-2000,天津,城区,新一线城市
2288,M,22,19-25,1068,1001-2000,凉山彝族自治州,乡村,五线城市
2289,F,48,46-60,1498,1001-2000,新乡,unknown,三线城市
2292,F,61,60+,1399,1001-2000,重庆,镇区,新一线城市
2293,M,60,46-60,2399,2001-4000,西宁,unknown,四线城市
2294,F,37,36-45,1988,1001-2000,巴彦淖尔,乡村,五线城市
2295,F,33,26-35,3098,2001-4000,沈阳,unknown,新一线城市
2296,M,52,46-60,3498,2001-4000,天津,乡村,新一线城市
2298,F,78,60+,999,<=1000,秦皇岛,乡村,三线城市
2299,M,28,26-35,1399,1001-2000,曲靖,乡村,四线城市
2301,F,79,60+,1599,1001-2000,淮南,unknown,四线城市
2302,F,65,60+,599,<=1000,江门,unknown,三线城市
2303,M,33,26-35,1998,1001-2000,沧州,unknown,三线城市
2304,F,37,36-45,1049,1001-2000,岳阳,镇区,三线城市
2306,M,63,60+,1498,1001-2000,株洲,unknown,三线城市
2307,M,79,60+,3199,2001-4000,武威,乡村,五线城市
2308,M,72,60+,1400,1001-2000,陇南,乡村,五线城市
2309,M,27,26-35,6222,4001-7000,漳州,乡村,三线城市
2311,M,59,46-60,688,<=1000,广州,unknown,一线城市
2314,F,30,26-35,8199,7000+,唐山,unknown,三线城市
2315,F,47,46-60,1068,1001-2000,莆田,unknown,三线城市
2316,M,64,60+,1498,1001-2000,淄博,城区,三线城市
2318,M,52,46-60,1398,1001-2000,永州,乡村,四线城市
2319,M,43,36-45,999,<=1000,铜仁,镇区,四线城市
2321,F,50,46-60,1498,1001-2000,菏泽,乡村,四线城市
2324,M,56,46-60,1458,1001-2000,德州,unknown,四线城市
2325,F,38,36-45,3699,2001-4000,烟台,乡村,二线城市
2326,F,39,36-45,1599,1001-2000,牡丹江,unknown,四线城市
2327,F,71,60+,2299,2001-4000,西宁,城区,四线城市
2328,F,35,26-35,5999,4001-7000,石家庄,城区,二线城市
2331,M,70,60+,1099,1001-2000,厦门,城区,二线城市
2332,M,65,60+,688,<=1000,锦州,乡村,四线城市
2336,M,38,36-45,2699,2001-4000,北京,城区,一线城市
2337,M,33,26-35,1999,1001-2000,阿克苏地区,unknown,五线城市
2338,F,31,26-35,849,<=1000,徐州,unknown,二线城市
2339,F,20,19-25,899,<=1000,昆明,unknown,新一线城市
2340,M,70,60+,1699,1001-2000,邢台,unknown,四线城市
2341,M,32,26-35,1068,1001-2000,哈密,乡村,五线城市
2342,F,33,26-35,1898,1001-2000,安顺,乡村,四线城市
2343,M,62,60+,2399,2001-4000,榆林,乡村,四线城市
2346,F,76,60+,2699,2001-4000,吉林,城区,三线城市
2347,F,39,36-45,1199,1001-2000,黔东南苗族侗族自治州,unknown,四线城市
2350,F,51,46-60,899,<=1000,吕梁,乡村,五线城市
2351,M,56,46-60,999,<=1000,济南,城区,二线城市
2352,M,75,60+,599,<=1000,辽源,unknown,五线城市
2353,M,20,19-25,2298,2001-4000,郑州,城区,新一线城市
2356,F,79,60+,1068,1001-2000,凉山彝族自治州,乡村,五线城市
2357,M,75,60+,1999,1001-2000,宝鸡,乡村,四线城市
2360,M,63,60+,899,<=1000,北京,unknown,一线城市
2362,F,30,26-35,1249,1001-2000,锦州,城区,四线城市
2363,F,39,36-45,1898,1001-2000,台州,城区,二线城市
2366,M,35,26-35,1398,1001-2000,齐齐哈尔,城区,四线城市
2367,M,76,60+,1398,1001-2000,大连,乡村,二线城市
2368,M,55,46-60,1699,1001-2000,常州,城区,二线城市
2369,M,21,19-25,6222,4001-7000,吕梁,乡村,五线城市
2370,F,40,36-45,1099,1001-2000,济宁,乡村,三线城市
2372,M,31,26-35,1398,1001-2000,阜阳,乡村,三线城市
2373,M,56,46-60,1199,1001-2000,大同,乡村,四线城市
2374,F,64,60+,2699,2001-4000,南京,unknown,新一线城市
2375,M,50,46-60,2299,2001-4000,石家庄,城区,二线城市
2376,M,71,60+,1199,1001-2000,通辽,unknown,五线城市
2377,F,34,26-35,799,<=1000,秦皇岛,乡村,三线城市
2378,F,68,60+,1199,1001-2000,资阳,unknown,五线城市
2380,M,72,60+,1149,1001-2000,铁岭,乡村,五线城市
2382,M,36,36-45,2699,2001-4000,吴忠,unknown,五线城市
2383,M,79,60+,1129,1001-2000,绵阳,乡村,三线城市
2384,F,39,36-45,799,<=1000,江门,乡村,三线城市
2385,M,61,60+,899,<=1000,怀化,乡村,四线城市
2386,F,52,46-60,1399,1001-2000,青岛,unknown,新一线城市
2388,M,50,46-60,1199,1001-2000,银川,unknown,三线城市
2389,F,23,19-25,1299,1001-2000,新乡,乡村,三线城市
2390,F,32,26-35,1798,1001-2000,潍坊,乡村,三线城市
2391,F,63,60+,1199,1001-2000,绵阳,乡村,三线城市
2393,F,68,60+,1898,1001-2000,大同,unknown,四线城市
2394,F,21,19-25,1129,1001-2000,崇左,乡村,五线城市
2395,M,40,36-45,1449,1001-2000,克拉玛依,unknown,五线城市
2396,M,48,46-60,1999,1001-2000,成都,unknown,新一线城市
2397,F,34,26-35,1199,1001-2000,泰州,unknown,三线城市
2400,F,22,19-25,1399,1001-2000,上饶,乡村,三线城市
2401,F,51,46-60,1998,1001-2000,聊城,乡村,四线城市
2402,M,78,60+,1299,1001-2000,保定,乡村,三线城市
2403,M,56,46-60,3498,2001-4000,临沂,城区,三线城市
2404,M,35,26-35,1898,1001-2000,信阳,乡村,三线城市
2406,M,48,46-60,799,<=1000,晋中,乡村,四线城市
2409,M,62,60+,1199,1001-2000,吉林,乡村,三线城市
2410,M,73,60+,1199,1001-2000,铁岭,unknown,五线城市
2411,F,38,36-45,1599,1001-2000,昆明,unknown,新一线城市
2412,M,71,60+,1599,1001-2000,普洱,乡村,五线城市
2414,M,77,60+,599,<=1000,娄底,unknown,四线城市
2415,F,62,60+,899,<=1000,楚雄彝族自治州,unknown,五线城市
2416,M,35,26-35,2499,2001-4000,崇左,乡村,五线城市
2417,M,61,60+,1149,1001-2000,锦州,unknown,四线城市
2418,M,27,26-35,3098,2001-4000,枣庄,乡村,四线城市
2419,M,21,19-25,3548,2001-4000,普洱,unknown,五线城市
2421,F,30,26-35,1999,1001-2000,无锡,城区,二线城市
2422,M,23,19-25,3999,2001-4000,长春,城区,二线城市
2424,M,40,36-45,2999,2001-4000,南平,unknown,三线城市
2425,M,76,60+,1599,1001-2000,营口,unknown,四线城市
2426,M,20,19-25,899,<=1000,湖州,unknown,三线城市
2427,F,38,36-45,1899,1001-2000,眉山,unknown,四线城市
2428,M,52,46-60,1798,1001-2000,大同,unknown,四线城市
2430,F,50,46-60,3498,2001-4000,临沧,乡村,五线城市
2431,M,77,60+,1498,1001-2000,乌兰察布,unknown,五线城市
2432,F,63,60+,969,<=1000,河池,乡村,五线城市
2434,M,77,60+,2699,2001-4000,郑州,城区,新一线城市
2436,F,35,26-35,1099,1001-2000,绥化,乡村,四线城市
2439,F,22,19-25,1299,1001-2000,遵义,unknown,三线城市
2440,M,24,19-25,4899,4001-7000,成都,城区,新一线城市
2441,M,35,26-35,4299,4001-7000,上海,unknown,一线城市
2442,F,39,36-45,1158,1001-2000,安阳,unknown,四线城市
2443,F,69,60+,1599,1001-2000,石家庄,unknown,二线城市
2445,M,59,46-60,999,<=1000,廊坊,乡村,三线城市
2446,M,56,46-60,2399,2001-4000,盐城,镇区,三线城市
2447,F,36,36-45,2498,2001-4000,松原,城区,五线城市
2448,M,69,60+,1398,1001-2000,临沧,unknown,五线城市
2449,M,44,36-45,1799,1001-2000,赤峰,镇区,四线城市
2450,M,76,60+,1399,1001-2000,保定,unknown,三线城市
2451,M,22,19-25,2149,2001-4000,舟山,乡村,三线城市
2452,M,63,60+,1299,1001-2000,保定,unknown,三线城市
2453,M,73,60+,1149,1001-2000,大连,unknown,二线城市
2454,M,29,26-35,2699,2001-4000,定西,乡村,五线城市
2455,F,78,60+,1599,1001-2000,菏泽,乡村,四线城市
2456,M,57,46-60,2499,2001-4000,防城港,unknown,五线城市
2457,F,78,60+,1399,1001-2000,安顺,乡村,四线城市
2459,F,52,46-60,1699,1001-2000,绥化,unknown,四线城市
2460,M,40,36-45,1199,1001-2000,大连,城区,二线城市
2461,M,74,60+,796,<=1000,衡阳,城区,三线城市
2462,F,59,46-60,2288,2001-4000,盘锦,乡村,四线城市
2463,M,62,60+,1688,1001-2000,黑河,unknown,五线城市
2464,F,29,26-35,999,<=1000,毕节,乡村,四线城市
2465,M,61,60+,1599,1001-2000,哈尔滨,镇区,二线城市
2466,F,68,60+,1199,1001-2000,大同,unknown,四线城市
2467,F,35,26-35,3999,2001-4000,宿州,乡村,四线城市
2468,F,75,60+,2499,2001-4000,张掖,乡村,五线城市
2469,F,68,60+,2609,2001-4000,张掖,乡村,五线城市
2471,F,69,60+,799,<=1000,济南,unknown,二线城市
2473,F,46,46-60,2499,2001-4000,吉林,城区,三线城市
2475,M,76,60+,1399,1001-2000,牡丹江,乡村,四线城市
2477,M,34,26-35,448,<=1000,呼和浩特,unknown,三线城市
2478,F,23,19-25,2799,2001-4000,张家口,城区,四线城市
2480,M,26,26-35,2299,2001-4000,苏州,乡村,新一线城市
2483,M,68,60+,899,<=1000,邯郸,镇区,三线城市
2486,F,24,19-25,3699,2001-4000,武汉,城区,新一线城市
2489,M,41,36-45,1449,1001-2000,四平,乡村,五线城市
2490,M,30,26-35,1299,1001-2000,亳州,乡村,五线城市
2491,F,73,60+,1068,1001-2000,信阳,城区,三线城市
2492,F,30,26-35,849,<=1000,徐州,unknown,二线城市
2493,M,46,46-60,999,<=1000,阿克苏地区,unknown,五线城市
2494,M,55,46-60,2699,2001-4000,巴音郭楞蒙古自治州,unknown,五线城市
2495,M,23,19-25,4399,4001-7000,苏州,unknown,新一线城市
2497,M,62,60+,949,<=1000,葫芦岛,乡村,五线城市
2498,M,34,26-35,1068,1001-2000,红河哈尼族彝族自治州,unknown,四线城市
2499,M,37,36-45,3498,2001-4000,南京,城区,新一线城市
2500,M,49,46-60,2699,2001-4000,中山,unknown,二线城市
2501,F,61,60+,1699,1001-2000,商丘,unknown,三线城市
2502,M,78,60+,1999,1001-2000,黑河,unknown,五线城市
2503,F,23,19-25,3498,2001-4000,济宁,乡村,三线城市
2504,F,69,60+,3199,2001-4000,贵港,unknown,五线城市
2505,M,39,36-45,1799,1001-2000,兴安盟,乡村,五线城市
2507,F,69,60+,1699,1001-2000,重庆,城区,新一线城市
2508,M,62,60+,3699,2001-4000,安康,乡村,五线城市
2509,M,34,26-35,849,<=1000,徐州,unknown,二线城市
2510,F,62,60+,1258,1001-2000,徐州,unknown,二线城市
2511,M,36,36-45,5999,4001-7000,惠州,城区,二线城市
2512,F,20,19-25,2399,2001-4000,保定,乡村,三线城市
2513,M,50,46-60,899,<=1000,石家庄,unknown,二线城市
2514,M,25,19-25,1898,1001-2000,深圳,城区,一线城市
2515,M,63,60+,3699,2001-4000,宿迁,镇区,三线城市
2516,F,20,19-25,5999,4001-7000,遵义,城区,三线城市
2517,M,30,26-35,1199,1001-2000,大连,城区,二线城市
2518,F,60,46-60,2099,2001-4000,沈阳,城区,新一线城市
2519,F,30,26-35,1199,1001-2000,临沧,unknown,五线城市
2521,M,67,60+,1199,1001-2000,通辽,unknown,五线城市
2522,M,73,60+,1250,1001-2000,廊坊,unknown,三线城市
2526,F,44,36-45,5999,4001-7000,北京,unknown,一线城市
2529,M,79,60+,901,<=1000,鄂尔多斯,乡村,四线城市
2530,M,56,46-60,899,<=1000,承德,unknown,四线城市
2531,F,63,60+,688,<=1000,安庆,城区,三线城市
2533,M,75,60+,2698,2001-4000,阜新,乡村,五线城市
2534,M,63,60+,1099,1001-2000,呼和浩特,unknown,三线城市
2537,M,55,46-60,799,<=1000,丹东,unknown,四线城市
2540,F,48,46-60,999,<=1000,菏泽,乡村,四线城市
2541,F,46,46-60,1798,1001-2000,连云港,unknown,三线城市
2543,F,69,60+,617,<=1000,庆阳,unknown,五线城市
2544,F,74,60+,1599,1001-2000,大同,乡村,四线城市
2545,F,34,26-35,1699,1001-2000,南阳,乡村,三线城市
2546,F,74,60+,1999,1001-2000,昌吉回族自治州,unknown,五线城市
2548,F,73,60+,1129,1001-2000,淮北,unknown,五线城市
2553,M,50,46-60,1068,1001-2000,崇左,unknown,五线城市
2554,F,22,19-25,1299,1001-2000,吉安,unknown,四线城市
2555,M,78,60+,1499,1001-2000,苏州,unknown,新一线城市
2558,M,43,36-45,1998,1001-2000,柳州,城区,三线城市
2559,M,20,19-25,1099,1001-2000,吉林,乡村,三线城市
2560,M,60,46-60,1299,1001-2000,南阳,unknown,三线城市
2561,M,31,26-35,999,<=1000,成都,城区,新一线城市
2562,M,70,60+,1699,1001-2000,邢台,unknown,四线城市
2563,F,42,36-45,1548,1001-2000,保定,乡村,三线城市
2565,M,40,36-45,4899,4001-7000,张家口,镇区,四线城市
2566,M,48,46-60,3498,2001-4000,郑州,unknown,新一线城市
2567,F,26,26-35,738,<=1000,临夏回族自治州,乡村,五线城市
2568,M,35,26-35,3199,2001-4000,邢台,镇区,四线城市
2569,F,31,26-35,400,<=1000,通辽,城区,五线城市
2570,F,63,60+,2399,2001-4000,大连,城区,二线城市
2571,M,52,46-60,2399,2001-4000,北京,unknown,一线城市
2573,M,39,36-45,1199,1001-2000,北京,乡村,一线城市
2574,M,37,36-45,702,<=1000,抚顺,unknown,五线城市
2575,F,43,36-45,1198,1001-2000,吐鲁番,unknown,五线城市
2577,F,32,26-35,2699,2001-4000,安阳,unknown,四线城市
2578,F,21,19-25,1399,1001-2000,张家口,乡村,四线城市
2579,M,34,26-35,2699,2001-4000,西安,unknown,新一线城市
2581,M,32,26-35,1089,1001-2000,深圳,城区,一线城市
2583,F,31,26-35,1599,1001-2000,天津,城区,新一线城市
2586,M,27,26-35,2699,2001-4000,东莞,镇区,新一线城市
2587,M,33,26-35,1199,1001-2000,邢台,unknown,四线城市
2588,M,51,46-60,3999,2001-4000,鄂尔多斯,城区,四线城市
2590,M,61,60+,1299,1001-2000,湘西土家族苗族自治州,乡村,五线城市
2591,M,52,46-60,788,<=1000,永州,镇区,四线城市
2592,M,36,36-45,3699,2001-4000,合肥,镇区,二线城市
2593,M,74,60+,899,<=1000,青岛,unknown,新一线城市
2595,F,20,19-25,1099,1001-2000,唐山,镇区,三线城市
2599,M,53,46-60,648,<=1000,张家口,乡村,四线城市
2602,F,65,60+,991,<=1000,张家口,镇区,四线城市
2603,M,66,60+,1680,1001-2000,宜宾,乡村,四线城市
2606,M,63,60+,1299,1001-2000,株洲,乡村,三线城市
2607,M,71,60+,2699,2001-4000,菏泽,乡村,四线城市
2608,F,49,46-60,1198,1001-2000,济源,乡村,五线城市
2610,M,21,19-25,899,<=1000,曲靖,乡村,四线城市
2611,M,69,60+,1699,1001-2000,定西,乡村,五线城市
2613,M,55,46-60,1899,1001-2000,漯河,乡村,五线城市
2614,M,50,46-60,1599,1001-2000,石家庄,unknown,二线城市
2615,F,79,60+,599,<=1000,石家庄,unknown,二线城市
2618,M,29,26-35,1699,1001-2000,成都,unknown,新一线城市
2620,F,71,60+,1300,1001-2000,抚顺,乡村,五线城市
2622,M,66,60+,899,<=1000,北京,unknown,一线城市
2623,F,56,46-60,688,<=1000,滨州,镇区,四线城市
2624,F,25,19-25,849,<=1000,徐州,unknown,二线城市
2625,F,50,46-60,2498,2001-4000,三门峡,乡村,五线城市
2628,F,28,26-35,1899,1001-2000,葫芦岛,乡村,五线城市
2629,M,31,26-35,1199,1001-2000,商丘,乡村,三线城市
2630,F,55,46-60,1199,1001-2000,威海,unknown,三线城市
2631,F,78,60+,999,<=1000,保定,乡村,三线城市
2633,M,55,46-60,1299,1001-2000,徐州,unknown,二线城市
2634,M,43,36-45,2499,2001-4000,吴忠,乡村,五线城市
2635,F,42,36-45,1199,1001-2000,日照,unknown,四线城市
2637,F,21,19-25,5999,4001-7000,随州,城区,五线城市
2638,M,73,60+,1299,1001-2000,营口,unknown,四线城市
2639,F,40,36-45,1099,1001-2000,通化,乡村,五线城市
2640,F,55,46-60,1789,1001-2000,乐山,乡村,四线城市
2643,M,59,46-60,1999,1001-2000,昌吉回族自治州,乡村,五线城市
2645,M,43,36-45,1499,1001-2000,天津,unknown,新一线城市
2646,F,20,19-25,999,<=1000,阜阳,乡村,三线城市
2648,F,79,60+,1599,1001-2000,邵阳,乡村,四线城市
2650,M,34,26-35,1799,1001-2000,呼和浩特,unknown,三线城市
2651,M,45,36-45,1599,1001-2000,张家口,unknown,四线城市
2652,F,59,46-60,568,<=1000,烟台,unknown,二线城市
2654,M,25,19-25,4399,4001-7000,沈阳,城区,新一线城市
2656,M,21,19-25,2298,2001-4000,张掖,城区,五线城市
2657,F,31,26-35,1298,1001-2000,文山壮族苗族自治州,乡村,五线城市
2659,M,73,60+,1798,1001-2000,周口,乡村,四线城市
2660,M,45,36-45,1599,1001-2000,洛阳,unknown,三线城市
2661,M,57,46-60,1398,1001-2000,甘南藏族自治州,乡村,五线城市
2662,F,79,60+,1068,1001-2000,鄂尔多斯,乡村,四线城市
2664,F,23,19-25,599,<=1000,福州,unknown,二线城市
2666,M,66,60+,3599,2001-4000,青岛,乡村,新一线城市
2668,M,63,60+,1299,1001-2000,德州,unknown,四线城市
2669,F,25,19-25,809,<=1000,合肥,镇区,二线城市
2671,M,34,26-35,1599,1001-2000,石家庄,unknown,二线城市
2672,M,49,46-60,4999,4001-7000,太原,unknown,二线城市
2673,M,64,60+,699,<=1000,威海,unknown,三线城市
2676,M,72,60+,1580,1001-2000,阿坝藏族羌族自治州,unknown,五线城市
2678,M,51,46-60,999,<=1000,大连,unknown,二线城市
2679,M,62,60+,2299,2001-4000,广州,城区,一线城市
2681,F,27,26-35,2699,2001-4000,盐城,unknown,三线城市
2682,M,34,26-35,3999,2001-4000,保定,乡村,三线城市
2683,F,71,60+,599,<=1000,襄阳,乡村,三线城市
2684,F,66,60+,3399,2001-4000,鞍山,乡村,三线城市
2685,F,77,60+,1199,1001-2000,石家庄,乡村,二线城市
2686,F,34,26-35,1099,1001-2000,广州,unknown,一线城市
2687,M,21,19-25,1999,1001-2000,东莞,镇区,新一线城市
2690,M,27,26-35,1199,1001-2000,临高,乡村,五线城市
2693,M,50,46-60,2149,2001-4000,日照,镇区,四线城市
2695,M,25,19-25,1899,1001-2000,黔西南布依族苗族自治州,镇区,五线城市
2696,F,71,60+,1068,1001-2000,毕节,乡村,四线城市
2697,M,70,60+,2288,2001-4000,沈阳,unknown,新一线城市
2698,M,71,60+,1158,1001-2000,北海,城区,四线城市
2699,F,20,19-25,1999,1001-2000,临沧,unknown,五线城市
2704,M,42,36-45,1999,1001-2000,临汾,城区,四线城市
2706,M,65,60+,1199,1001-2000,秦皇岛,城区,三线城市
2707,M,47,46-60,2299,2001-4000,广州,unknown,一线城市
2711,F,31,26-35,1068,1001-2000,固原,乡村,五线城市
2712,M,21,19-25,1998,1001-2000,永州,镇区,四线城市
2713,F,23,19-25,7799,7000+,达州,城区,五线城市
2714,M,74,60+,1068,1001-2000,贵阳,城区,二线城市
2715,M,34,26-35,1599,1001-2000,郑州,unknown,新一线城市
2716,F,78,60+,1999,1001-2000,九江,镇区,三线城市
2717,F,57,46-60,1498,1001-2000,岳阳,unknown,三线城市
2718,M,63,60+,2168,2001-4000,多伦多,unknown,unknown
2719,M,26,26-35,1798,1001-2000,东莞,镇区,新一线城市
2720,M,22,19-25,999,<=1000,衢州,unknown,四线城市
2722,M,75,60+,1199,1001-2000,鸡西,unknown,五线城市
2724,M,24,19-25,3499,2001-4000,汕头,乡村,三线城市
2725,F,21,19-25,1098,1001-2000,大连,乡村,二线城市
2726,M,32,26-35,2699,2001-4000,唐山,镇区,三线城市
2728,F,52,46-60,1498,1001-2000,重庆,乡村,新一线城市
2729,F,49,46-60,2599,2001-4000,保定,unknown,三线城市
2730,F,31,26-35,1199,1001-2000,昆明,城区,新一线城市
2731,M,78,60+,720,<=1000,桂林,乡村,三线城市
2732,M,39,36-45,2699,2001-4000,保定,乡村,三线城市
2735,M,35,26-35,1380,1001-2000,郑州,镇区,新一线城市
2736,M,37,36-45,1399,1001-2000,衡阳,镇区,三线城市
2737,M,72,60+,970,<=1000,贺州,乡村,五线城市
2738,M,39,36-45,1599,1001-2000,湘潭,乡村,三线城市
2739,F,22,19-25,699,<=1000,昆明,乡村,新一线城市
2741,F,54,46-60,1599,1001-2000,长春,unknown,二线城市
2742,M,36,36-45,849,<=1000,徐州,unknown,二线城市
2743,M,32,26-35,1139,1001-2000,那曲,乡村,五线城市
2744,M,34,26-35,2998,2001-4000,长治,镇区,五线城市
2745,M,67,60+,999,<=1000,毕节,unknown,四线城市
2749,M,58,46-60,901,<=1000,丹东,乡村,四线城市
2750,M,65,60+,1798,1001-2000,石家庄,乡村,二线城市
2752,M,20,19-25,1699,1001-2000,贵港,乡村,五线城市
2754,F,42,36-45,1498,1001-2000,定西,乡村,五线城市
2755,M,36,36-45,1348,1001-2000,临汾,乡村,四线城市
2756,M,24,19-25,2399,2001-4000,哈尔滨,城区,二线城市
2758,F,58,46-60,901,<=1000,抚顺,unknown,五线城市
2759,F,55,46-60,999,<=1000,扬州,乡村,二线城市
2761,M,78,60+,999,<=1000,长春,乡村,二线城市
2763,M,52,46-60,2299,2001-4000,潍坊,乡村,三线城市
2764,M,61,60+,1199,1001-2000,佛山,镇区,二线城市
2766,M,31,26-35,1999,1001-2000,淮南,unknown,四线城市
2767,M,78,60+,1398,1001-2000,菏泽,unknown,四线城市
2768,F,69,60+,4399,4001-7000,邯郸,镇区,三线城市
2769,F,22,19-25,2499,2001-4000,日照,unknown,四线城市
2770,M,74,60+,1098,1001-2000,邯郸,镇区,三线城市
2771,F,31,26-35,2299,2001-4000,天水,乡村,五线城市
2772,M,32,26-35,3699,2001-4000,东莞,unknown,新一线城市
2774,F,58,46-60,3166,2001-4000,邢台,乡村,四线城市
2775,F,76,60+,1298,1001-2000,抚州,unknown,四线城市
2776,M,39,36-45,3999,2001-4000,深圳,城区,一线城市
2777,M,35,26-35,4399,4001-7000,定安,乡村,五线城市
2778,F,58,46-60,1199,1001-2000,衡水,unknown,五线城市
2779,M,67,60+,1299,1001-2000,东莞,unknown,新一线城市
2782,F,64,60+,799,<=1000,秦皇岛,unknown,三线城市
2783,F,76,60+,1699,1001-2000,洛阳,unknown,三线城市
2785,F,34,26-35,1068,1001-2000,阿勒泰地区,unknown,五线城市
2788,M,20,19-25,2699,2001-4000,深圳,unknown,一线城市
2790,F,58,46-60,1599,1001-2000,青岛,unknown,新一线城市
2791,M,35,26-35,1599,1001-2000,太原,城区,二线城市
2792,M,59,46-60,1999,1001-2000,哈尔滨,unknown,二线城市
2793,M,64,60+,2799,2001-4000,广安,乡村,五线城市
2794,F,56,46-60,949,<=1000,唐山,unknown,三线城市
2795,M,22,19-25,3788,2001-4000,金华,乡村,二线城市
2797,F,50,46-60,2699,2001-4000,阜新,城区,五线城市
2801,M,68,60+,1398,1001-2000,兰州,乡村,二线城市
2802,F,23,19-25,1199,1001-2000,固原,乡村,五线城市
2804,M,37,36-45,5999,4001-7000,上海,城区,一线城市
2805,F,40,36-45,3699,2001-4000,南阳,unknown,三线城市
2806,F,51,46-60,2288,2001-4000,宜昌,unknown,三线城市
2807,F,42,36-45,1399,1001-2000,江门,unknown,三线城市
2810,F,65,60+,1448,1001-2000,十堰,乡村,四线城市
2811,M,50,46-60,1099,1001-2000,上海,城区,一线城市
2813,F,50,46-60,599,<=1000,宁波,城区,新一线城市
2815,F,28,26-35,1899,1001-2000,保定,乡村,三线城市
2816,F,71,60+,2399,2001-4000,武汉,城区,新一线城市
2817,F,20,19-25,1548,1001-2000,合肥,城区,二线城市
2818,F,38,36-45,2499,2001-4000,和田地区,镇区,五线城市
2819,F,22,19-25,840,<=1000,秦皇岛,乡村,三线城市
2820,M,50,46-60,1899,1001-2000,天津,城区,新一线城市
2821,M,35,26-35,2699,2001-4000,吉林,乡村,三线城市
2822,F,32,26-35,849,<=1000,徐州,unknown,二线城市
2823,M,79,60+,4999,4001-7000,秦皇岛,乡村,三线城市
2824,F,39,36-45,1149,1001-2000,通辽,乡村,五线城市
2826,M,38,36-45,2299,2001-4000,眉山,unknown,四线城市
2827,F,49,46-60,2399,2001-4000,乌鲁木齐,城区,三线城市
2828,M,49,46-60,1399,1001-2000,温州,unknown,二线城市
2829,M,24,19-25,4399,4001-7000,来宾,乡村,五线城市
2831,F,34,26-35,3299,2001-4000,济南,城区,二线城市
2832,M,36,36-45,1899,1001-2000,长春,镇区,二线城市
2833,M,77,60+,1158,1001-2000,鞍山,乡村,三线城市
2834,M,55,46-60,2299,2001-4000,锦州,乡村,四线城市
2836,M,50,46-60,1399,1001-2000,赤峰,unknown,四线城市
2840,F,28,26-35,849,<=1000,徐州,unknown,二线城市
2841,M,36,36-45,799,<=1000,大理白族自治州,乡村,四线城市
2842,M,21,19-25,2799,2001-4000,六安,unknown,四线城市
2843,M,34,26-35,1199,1001-2000,北京,乡村,一线城市
2845,M,32,26-35,849,<=1000,徐州,unknown,二线城市
2846,M,43,36-45,3999,2001-4000,佛山,城区,二线城市
2847,M,26,26-35,8999,7000+,上海,城区,一线城市
2850,M,73,60+,738,<=1000,邯郸,乡村,三线城市
2851,F,61,60+,1098,1001-2000,沧州,unknown,三线城市
2852,M,57,46-60,799,<=1000,唐山,unknown,三线城市
2853,F,40,36-45,3498,2001-4000,赤峰,乡村,四线城市
2856,F,20,19-25,1799,1001-2000,邯郸,乡村,三线城市
2857,M,58,46-60,1898,1001-2000,乌兰察布,乡村,五线城市
2858,M,40,36-45,2999,2001-4000,广州,镇区,一线城市
2859,F,63,60+,823,<=1000,安顺,乡村,四线城市
2860,F,70,60+,1498,1001-2000,聊城,城区,四线城市
2861,M,28,26-35,1399,1001-2000,铜仁,乡村,四线城市
2862,M,74,60+,1799,1001-2000,益阳,unknown,四线城市
2863,M,20,19-25,1199,1001-2000,宁波,城区,新一线城市
2865,M,51,46-60,1789,1001-2000,洛阳,unknown,三线城市
2866,F,23,19-25,1299,1001-2000,衡水,乡村,五线城市
2867,F,64,60+,1149,1001-2000,南充,镇区,四线城市
2870,M,53,46-60,1799,1001-2000,包头,城区,三线城市
2872,M,29,26-35,8999,7000+,遵义,镇区,三线城市
2874,M,79,60+,1499,1001-2000,驻马店,乡村,四线城市
2876,M,21,19-25,899,<=1000,临沧,镇区,五线城市
2877,M,22,19-25,1999,1001-2000,长春,乡村,二线城市
2879,M,48,46-60,788,<=1000,衡水,乡村,五线城市
2880,F,21,19-25,1298,1001-2000,安顺,乡村,四线城市
2882,M,64,60+,999,<=1000,大连,乡村,二线城市
2883,M,22,19-25,4399,4001-7000,吕梁,乡村,五线城市
2886,M,20,19-25,1999,1001-2000,金华,城区,二线城市
2889,M,38,36-45,999,<=1000,连云港,unknown,三线城市
2892,M,43,36-45,1789,1001-2000,上饶,unknown,三线城市
2895,F,30,26-35,3198,2001-4000,东莞,镇区,新一线城市
2896,M,40,36-45,1699,1001-2000,大连,unknown,二线城市
2900,M,34,26-35,1699,1001-2000,连云港,乡村,三线城市
2902,M,34,26-35,2499,2001-4000,贵阳,城区,二线城市
2903,M,39,36-45,1699,1001-2000,福州,unknown,二线城市
2905,M,68,60+,899,<=1000,泰安,乡村,三线城市
2906,F,77,60+,999,<=1000,吴忠,乡村,五线城市
2907,F,44,36-45,2999,2001-4000,赣州,城区,三线城市
2908,F,34,26-35,849,<=1000,徐州,unknown,二线城市
2909,M,37,36-45,1099,1001-2000,海口,unknown,二线城市
2910,F,49,46-60,1399,1001-2000,临沂,乡村,三线城市
2912,F,67,60+,1999,1001-2000,南阳,乡村,三线城市
2913,F,51,46-60,599,<=1000,绥化,乡村,四线城市
2914,F,20,19-25,699,<=1000,廊坊,乡村,三线城市
2915,F,78,60+,2699,2001-4000,青岛,乡村,新一线城市
2917,M,37,36-45,2188,2001-4000,常德,城区,四线城市
2918,F,32,26-35,2499,2001-4000,贵阳,乡村,二线城市
2919,M,35,26-35,1298,1001-2000,徐州,城区,二线城市
2921,M,39,36-45,2498,2001-4000,杭州,unknown,新一线城市
2924,F,44,36-45,1199,1001-2000,邢台,unknown,四线城市
2927,M,36,36-45,7599,7000+,安庆,unknown,三线城市
2928,F,34,26-35,862,<=1000,信阳,乡村,三线城市
2929,M,74,60+,2149,2001-4000,哈尔滨,unknown,二线城市
2930,M,37,36-45,8899,7000+,石家庄,城区,二线城市
2931,F,20,19-25,400,<=1000,天津,乡村,新一线城市
2932,M,33,26-35,6499,4001-7000,上海,unknown,一线城市
2934,F,36,36-45,1599,1001-2000,桂林,unknown,三线城市
2937,F,65,60+,1199,1001-2000,焦作,镇区,四线城市
2938,M,57,46-60,1599,1001-2000,唐山,unknown,三线城市
2940,M,79,60+,1199,1001-2000,朔州,unknown,五线城市
2941,M,33,26-35,1398,1001-2000,邯郸,unknown,三线城市
2942,F,65,60+,1999,1001-2000,张家口,乡村,四线城市
2945,F,70,60+,5499,4001-7000,合肥,unknown,二线城市
2948,M,52,46-60,3498,2001-4000,长春,乡村,二线城市
2953,M,50,46-60,899,<=1000,邢台,乡村,四线城市
2954,M,42,36-45,4099,4001-7000,绥化,城区,四线城市
2955,M,78,60+,2499,2001-4000,铁岭,城区,五线城市
2957,M,65,60+,1299,1001-2000,包头,乡村,三线城市
2958,M,53,46-60,1699,1001-2000,鄂州,unknown,五线城市
2960,M,66,60+,969,<=1000,邢台,乡村,四线城市
2961,M,79,60+,1099,1001-2000,临沧,乡村,五线城市
2962,F,41,36-45,2999,2001-4000,阜阳,镇区,三线城市
2963,M,50,46-60,2499,2001-4000,阳泉,unknown,五线城市
2964,F,40,36-45,1199,1001-2000,邯郸,乡村,三线城市
2965,F,68,60+,799,<=1000,郴州,乡村,三线城市
2966,M,21,19-25,2999,2001-4000,嘉兴,城区,二线城市
2967,M,29,26-35,2299,2001-4000,金昌,城区,五线城市
2968,F,28,26-35,1458,1001-2000,濮阳,乡村,五线城市
2971,F,60,46-60,2399,2001-4000,邯郸,乡村,三线城市
2972,M,52,46-60,688,<=1000,渭南,镇区,四线城市
2973,F,67,60+,1999,1001-2000,武威,unknown,五线城市
2974,M,65,60+,1699,1001-2000,朔州,unknown,五线城市
2975,M,79,60+,699,<=1000,南平,unknown,三线城市
2979,M,35,26-35,2699,2001-4000,株洲,unknown,三线城市
2980,F,57,46-60,1998,1001-2000,南京,城区,新一线城市
2983,M,69,60+,1699,1001-2000,南阳,乡村,三线城市
2984,F,67,60+,1099,1001-2000,广州,城区,一线城市
2987,M,23,19-25,5999,4001-7000,长沙,城区,新一线城市
2988,F,70,60+,999,<=1000,萍乡,unknown,五线城市
2990,M,72,60+,4699,4001-7000,平凉,unknown,五线城市
2992,M,22,19-25,1999,1001-2000,昆明,城区,新一线城市
2993,F,22,19-25,2168,2001-4000,宜春,城区,四线城市
2994,M,37,36-45,3498,2001-4000,上海,乡村,一线城市
2995,M,39,36-45,1699,1001-2000,深圳,城区,一线城市
2996,F,61,60+,899,<=1000,石家庄,乡村,二线城市
2997,M,31,26-35,2699,2001-4000,东莞,镇区,新一线城市
2998,F,66,60+,1599,1001-2000,长春,乡村,二线城市
2999,M,43,36-45,1399,1001-2000,汉中,乡村,五线城市
3000,F,74,60+,1699,1001-2000,湛江,乡村,三线城市
3002,M,25,19-25,3699,2001-4000,沈阳,镇区,新一线城市
3003,M,32,26-35,2699,2001-4000,北海,unknown,四线城市
3005,M,36,36-45,1999,1001-2000,许昌,unknown,四线城市
3006,F,59,46-60,1149,1001-2000,衡阳,unknown,三线城市
3007,M,58,46-60,1089,1001-2000,聊城,unknown,四线城市
3008,M,31,26-35,1399,1001-2000,唐山,镇区,三线城市
3009,M,33,26-35,899,<=1000,吉安,unknown,四线城市
3011,F,54,46-60,899,<=1000,唐山,unknown,三线城市
3012,M,31,26-35,3599,2001-4000,西安,城区,新一线城市
3017,M,32,26-35,1999,1001-2000,武汉,unknown,新一线城市
3018,F,23,19-25,1399,1001-2000,怀化,乡村,四线城市
3019,F,31,26-35,1068,1001-2000,延安,unknown,五线城市
3021,M,79,60+,999,<=1000,内江,unknown,五线城市
3022,M,63,60+,2499,2001-4000,张家口,镇区,四线城市
3025,F,43,36-45,1599,1001-2000,澄迈,乡村,五线城市
3027,M,32,26-35,2299,2001-4000,南京,城区,新一线城市
3028,M,74,60+,1199,1001-2000,怀化,乡村,四线城市
3029,M,72,60+,1699,1001-2000,石家庄,乡村,二线城市
3030,F,38,36-45,3499,2001-4000,宁波,城区,新一线城市
3031,M,34,26-35,4999,4001-7000,济宁,乡村,三线城市
3033,M,39,36-45,1899,1001-2000,济南,乡村,二线城市
3034,F,76,60+,919,<=1000,聊城,乡村,四线城市
3035,M,59,46-60,1299,1001-2000,长春,乡村,二线城市
3037,M,65,60+,2299,2001-4000,呼和浩特,unknown,三线城市
3038,M,73,60+,2299,2001-4000,九江,乡村,三线城市
3039,M,67,60+,899,<=1000,大庆,unknown,三线城市
3040,M,36,36-45,1599,1001-2000,大理白族自治州,乡村,四线城市
3042,M,20,19-25,1548,1001-2000,唐山,乡村,三线城市
3043,M,25,19-25,3699,2001-4000,佛山,城区,二线城市
3044,F,42,36-45,1399,1001-2000,固原,unknown,五线城市
3045,M,35,26-35,1789,1001-2000,聊城,乡村,四线城市
3046,F,26,26-35,1998,1001-2000,温州,乡村,二线城市
3047,M,64,60+,1699,1001-2000,枣庄,乡村,四线城市
3050,F,37,36-45,3698,2001-4000,青岛,城区,新一线城市
3051,F,32,26-35,400,<=1000,娄底,城区,四线城市
3052,M,73,60+,1068,1001-2000,聊城,镇区,四线城市
3053,F,74,60+,1699,1001-2000,天水,乡村,五线城市
3054,F,23,19-25,799,<=1000,肇庆,乡村,三线城市
3055,F,64,60+,1150,1001-2000,辽阳,乡村,五线城市
3057,M,60,46-60,2299,2001-4000,赤峰,城区,四线城市
3061,M,63,60+,1798,1001-2000,白城,乡村,五线城市
3062,F,76,60+,1399,1001-2000,龙岩,乡村,三线城市
3063,F,72,60+,1068,1001-2000,四平,乡村,五线城市
3064,F,62,60+,1548,1001-2000,邵阳,乡村,四线城市
3065,M,67,60+,599,<=1000,聊城,乡村,四线城市
3066,M,24,19-25,3199,2001-4000,金华,镇区,二线城市
3067,F,59,46-60,2399,2001-4000,临沂,镇区,三线城市
3068,F,66,60+,3399,2001-4000,廊坊,镇区,三线城市
3070,F,71,60+,928,<=1000,临沂,乡村,三线城市
3071,F,65,60+,1599,1001-2000,西宁,unknown,四线城市
3072,M,36,36-45,2399,2001-4000,临沂,镇区,三线城市
3074,F,62,60+,1899,1001-2000,黔东南苗族侗族自治州,乡村,四线城市
3075,M,65,60+,1399,1001-2000,桂林,unknown,三线城市
3076,M,51,46-60,899,<=1000,济宁,乡村,三线城市
3078,M,25,19-25,3399,2001-4000,梧州,镇区,四线城市
3081,M,66,60+,4899,4001-7000,丹东,乡村,四线城市
3085,F,71,60+,799,<=1000,南京,城区,新一线城市
3086,F,35,26-35,1798,1001-2000,天津,unknown,新一线城市
3088,F,60,46-60,1199,1001-2000,朝阳,unknown,五线城市
3089,M,71,60+,3498,2001-4000,商丘,unknown,三线城市
3091,M,24,19-25,3488,2001-4000,珠海,unknown,二线城市
3092,M,42,36-45,999,<=1000,安顺,unknown,四线城市
3093,M,71,60+,699,<=1000,邯郸,乡村,三线城市
3094,M,73,60+,1068,1001-2000,黄山,乡村,四线城市
3095,F,53,46-60,1099,1001-2000,德州,乡村,四线城市
3097,M,64,60+,1599,1001-2000,大理白族自治州,乡村,四线城市
3098,M,25,19-25,1899,1001-2000,苏州,镇区,新一线城市
3099,M,74,60+,1789,1001-2000,吉安,unknown,四线城市
3100,M,48,46-60,4899,4001-7000,黔东南苗族侗族自治州,unknown,四线城市
3102,M,56,46-60,1999,1001-2000,唐山,unknown,三线城市
3104,F,31,26-35,2699,2001-4000,黄冈,unknown,四线城市
3105,F,22,19-25,1098,1001-2000,锦州,乡村,四线城市
3106,F,57,46-60,2998,2001-4000,衡水,乡村,五线城市
3108,F,28,26-35,1595,1001-2000,汕尾,乡村,四线城市
3110,M,21,19-25,3999,2001-4000,武汉,城区,新一线城市
3112,F,37,36-45,1998,1001-2000,邯郸,乡村,三线城市
3113,F,71,60+,1999,1001-2000,朝阳,城区,五线城市
3115,M,46,46-60,600,<=1000,邯郸,乡村,三线城市
3116,M,70,60+,1499,1001-2000,泸州,unknown,四线城市
3117,M,20,19-25,1688,1001-2000,文山壮族苗族自治州,镇区,五线城市
3118,M,56,46-60,1699,1001-2000,威海,unknown,三线城市
3119,F,58,46-60,999,<=1000,楚雄彝族自治州,unknown,五线城市
3121,M,42,36-45,2698,2001-4000,张家口,镇区,四线城市
3123,F,54,46-60,599,<=1000,沈阳,城区,新一线城市
3125,M,72,60+,2499,2001-4000,襄阳,unknown,三线城市
3127,M,64,60+,999,<=1000,永州,乡村,四线城市
3128,M,40,36-45,1199,1001-2000,安康,unknown,五线城市
3129,M,23,19-25,1799,1001-2000,佛山,城区,二线城市
3130,F,75,60+,2299,2001-4000,黑河,unknown,五线城市
3131,F,38,36-45,1150,1001-2000,吴忠,乡村,五线城市
3133,M,22,19-25,8999,7000+,万宁,乡村,五线城市
3134,M,23,19-25,2499,2001-4000,孝感,城区,四线城市
3136,F,30,26-35,6199,4001-7000,上海,unknown,一线城市
3137,M,66,60+,1199,1001-2000,宿迁,unknown,三线城市
3138,M,24,19-25,1098,1001-2000,菏泽,乡村,四线城市
3139,F,69,60+,1399,1001-2000,柳州,城区,三线城市
3142,F,49,46-60,1299,1001-2000,临高,unknown,五线城市
3143,M,36,36-45,3498,2001-4000,大理白族自治州,乡村,四线城市
3146,M,58,46-60,2199,2001-4000,石家庄,unknown,二线城市
3147,M,31,26-35,899,<=1000,六盘水,unknown,四线城市
3150,F,65,60+,899,<=1000,通辽,乡村,五线城市
3151,F,68,60+,599,<=1000,南平,乡村,三线城市
3154,F,79,60+,448,<=1000,聊城,乡村,四线城市
3155,F,71,60+,1799,1001-2000,大同,乡村,四线城市
3157,F,22,19-25,1498,1001-2000,烟台,unknown,二线城市
3158,M,75,60+,2399,2001-4000,鞍山,乡村,三线城市
3160,F,31,26-35,599,<=1000,贵阳,unknown,二线城市
3161,F,37,36-45,999,<=1000,唐山,乡村,三线城市
3163,M,22,19-25,2999,2001-4000,保定,乡村,三线城市
3165,F,75,60+,999,<=1000,锦州,乡村,四线城市
3168,M,57,46-60,1199,1001-2000,聊城,乡村,四线城市
3169,M,35,26-35,1348,1001-2000,大同,乡村,四线城市
3170,M,52,46-60,2199,2001-4000,普洱,unknown,五线城市
3171,F,24,19-25,2699,2001-4000,榆林,乡村,四线城市
3172,F,71,60+,2399,2001-4000,巴彦淖尔,unknown,五线城市
3175,F,30,26-35,4399,4001-7000,常德,unknown,四线城市
3179,M,68,60+,2699,2001-4000,聊城,乡村,四线城市
3182,F,79,60+,3498,2001-4000,辽源,乡村,五线城市
3183,F,67,60+,999,<=1000,淄博,unknown,三线城市
3184,F,55,46-60,1008,1001-2000,临沂,unknown,三线城市
3185,M,32,26-35,3999,2001-4000,重庆,镇区,新一线城市
3186,F,56,46-60,2499,2001-4000,鸡西,乡村,五线城市
3187,F,61,60+,1699,1001-2000,株洲,乡村,三线城市
3189,M,58,46-60,1399,1001-2000,通化,乡村,五线城市
3190,F,31,26-35,899,<=1000,铁岭,镇区,五线城市
3191,M,41,36-45,1699,1001-2000,西安,城区,新一线城市
3193,M,54,46-60,1098,1001-2000,东营,unknown,四线城市
3194,M,66,60+,549,<=1000,秦皇岛,乡村,三线城市
3196,M,34,26-35,2699,2001-4000,南京,unknown,新一线城市
3197,M,56,46-60,3548,2001-4000,郴州,乡村,三线城市
3198,F,37,36-45,999,<=1000,曲靖,乡村,四线城市
3199,F,33,26-35,3469,2001-4000,新乡,unknown,三线城市
3200,F,64,60+,1498,1001-2000,天水,乡村,五线城市
3202,M,31,26-35,1798,1001-2000,佳木斯,城区,四线城市
3204,M,70,60+,1299,1001-2000,石家庄,乡村,二线城市
3206,M,46,46-60,1398,1001-2000,忻州,乡村,五线城市
3207,M,42,36-45,1398,1001-2000,金华,城区,二线城市
3208,F,24,19-25,8199,7000+,中山,乡村,二线城市
3209,M,21,19-25,2798,2001-4000,普洱,乡村,五线城市
3210,M,27,26-35,3498,2001-4000,商洛,乡村,五线城市
3211,M,71,60+,1688,1001-2000,菏泽,unknown,四线城市
3215,M,26,26-35,1199,1001-2000,黔东南苗族侗族自治州,乡村,四线城市
3216,M,39,36-45,3298,2001-4000,许昌,unknown,四线城市
3217,F,77,60+,1099,1001-2000,大理白族自治州,乡村,四线城市
3218,F,78,60+,1399,1001-2000,宿迁,镇区,三线城市
3219,M,36,36-45,1789,1001-2000,西双版纳傣族自治州,unknown,四线城市
3222,M,31,26-35,2399,2001-4000,合肥,镇区,二线城市
3223,F,24,19-25,1699,1001-2000,上海,城区,一线城市
3224,F,31,26-35,2999,2001-4000,三门峡,乡村,五线城市
3225,F,32,26-35,1699,1001-2000,邯郸,城区,三线城市
3226,M,23,19-25,4399,4001-7000,开封,unknown,四线城市
3229,M,36,36-45,1199,1001-2000,白银,乡村,五线城市
3230,M,51,46-60,899,<=1000,伊春,乡村,五线城市
3233,M,77,60+,1068,1001-2000,巴彦淖尔,乡村,五线城市
3234,M,77,60+,599,<=1000,保山,unknown,四线城市
3235,M,37,36-45,899,<=1000,大理白族自治州,乡村,四线城市
3236,M,64,60+,1198,1001-2000,上海,unknown,一线城市
3237,F,70,60+,1099,1001-2000,辽阳,城区,五线城市
3238,F,31,26-35,699,<=1000,东营,乡村,四线城市
3240,M,54,46-60,1598,1001-2000,枣庄,乡村,四线城市
3241,M,51,46-60,1068,1001-2000,亳州,城区,五线城市
3243,M,38,36-45,1999,1001-2000,苏州,城区,新一线城市
3245,M,67,60+,4999,4001-7000,秦皇岛,城区,三线城市
3246,F,31,26-35,1599,1001-2000,宝鸡,unknown,四线城市
3247,M,58,46-60,899,<=1000,锡林郭勒盟,unknown,五线城市
3248,F,67,60+,1899,1001-2000,张家口,镇区,四线城市
3250,F,64,60+,999,<=1000,南阳,unknown,三线城市
3252,M,72,60+,899,<=1000,哈尔滨,乡村,二线城市
3253,F,32,26-35,3999,2001-4000,和田地区,乡村,五线城市
3254,M,35,26-35,1798,1001-2000,东莞,镇区,新一线城市
3256,M,71,60+,599,<=1000,安庆,unknown,三线城市
3258,M,43,36-45,3166,2001-4000,宜宾,unknown,四线城市
3260,F,57,46-60,1199,1001-2000,西安,unknown,新一线城市
3261,F,20,19-25,2199,2001-4000,保山,乡村,四线城市
3262,F,28,26-35,2999,2001-4000,江门,城区,三线城市
3263,M,27,26-35,4899,4001-7000,连云港,城区,三线城市
3264,F,37,36-45,8499,7000+,揭阳,乡村,三线城市
3265,F,40,36-45,1899,1001-2000,万宁,乡村,五线城市
3266,M,72,60+,2188,2001-4000,潮州,unknown,三线城市
3267,F,43,36-45,3999,2001-4000,成都,乡村,新一线城市
3268,M,40,36-45,999,<=1000,亳州,乡村,五线城市
3269,F,67,60+,2999,2001-4000,洛阳,unknown,三线城市
3270,M,53,46-60,899,<=1000,昆明,unknown,新一线城市
3271,M,23,19-25,3299,2001-4000,昆明,乡村,新一线城市
3272,M,45,36-45,1699,1001-2000,鸡西,乡村,五线城市
3273,M,33,26-35,1299,1001-2000,枣庄,乡村,四线城市
3275,M,62,60+,699,<=1000,南平,unknown,三线城市
3276,M,37,36-45,2999,2001-4000,石家庄,unknown,二线城市
3277,M,40,36-45,1199,1001-2000,昆明,unknown,新一线城市
3278,M,30,26-35,4688,4001-7000,肇庆,unknown,三线城市
3279,M,68,60+,4599,4001-7000,扬州,城区,二线城市
3281,F,78,60+,2499,2001-4000,唐山,乡村,三线城市
3282,M,47,46-60,1998,1001-2000,深圳,unknown,一线城市
3284,F,33,26-35,2499,2001-4000,安康,镇区,五线城市
3285,F,75,60+,1548,1001-2000,周口,乡村,四线城市
3287,F,44,36-45,1199,1001-2000,永州,乡村,四线城市
3288,M,26,26-35,1599,1001-2000,常德,镇区,四线城市
3289,M,62,60+,1498,1001-2000,承德,城区,四线城市
3290,M,30,26-35,1798,1001-2000,沈阳,城区,新一线城市
3291,F,50,46-60,899,<=1000,威海,城区,三线城市
3294,M,51,46-60,558,<=1000,佛山,城区,二线城市
3295,F,20,19-25,4399,4001-7000,凉山彝族自治州,乡村,五线城市
3296,F,56,46-60,799,<=1000,固原,城区,五线城市
3297,M,44,36-45,1348,1001-2000,湘潭,城区,三线城市
3301,M,23,19-25,1398,1001-2000,鞍山,乡村,三线城市
3302,F,33,26-35,6222,4001-7000,深圳,unknown,一线城市
3303,M,64,60+,999,<=1000,朝阳,unknown,五线城市
3304,M,36,36-45,1250,1001-2000,本溪,镇区,五线城市
3305,M,44,36-45,2399,2001-4000,焦作,城区,四线城市
3307,F,22,19-25,400,<=1000,通辽,乡村,五线城市
3309,F,48,46-60,3498,2001-4000,枣庄,乡村,四线城市
3310,F,27,26-35,1798,1001-2000,中山,镇区,二线城市
3311,F,24,19-25,1398,1001-2000,陇南,unknown,五线城市
3312,M,44,36-45,1398,1001-2000,沧州,乡村,三线城市
3313,M,79,60+,1199,1001-2000,菏泽,unknown,四线城市
3316,F,66,60+,999,<=1000,兰州,乡村,二线城市
3321,F,77,60+,899,<=1000,菏泽,unknown,四线城市
3322,M,20,19-25,1599,1001-2000,郴州,乡村,三线城市
3323,M,67,60+,649,<=1000,银川,乡村,三线城市
3325,M,68,60+,1199,1001-2000,阜新,unknown,五线城市
3326,F,61,60+,1799,1001-2000,保定,城区,三线城市
3327,M,69,60+,799,<=1000,无锡,城区,二线城市
3329,F,77,60+,899,<=1000,揭阳,乡村,三线城市
3332,M,75,60+,899,<=1000,阜阳,unknown,三线城市
3333,M,62,60+,1129,1001-2000,榆林,镇区,四线城市
3334,M,52,46-60,3498,2001-4000,大庆,unknown,三线城市
3335,M,27,26-35,1098,1001-2000,遵义,unknown,三线城市
3338,M,72,60+,2149,2001-4000,郑州,unknown,新一线城市
3339,F,47,46-60,1998,1001-2000,延边朝鲜族自治州,城区,四线城市
3341,M,72,60+,3498,2001-4000,乌兰察布,镇区,五线城市
3343,M,78,60+,599,<=1000,沧州,unknown,三线城市
3346,M,34,26-35,9699,7000+,邢台,unknown,四线城市
3348,F,51,46-60,999,<=1000,天水,乡村,五线城市
3349,F,60,46-60,2788,2001-4000,北京,unknown,一线城市
3350,M,34,26-35,1978,1001-2000,孝感,镇区,四线城市
3351,M,31,26-35,999,<=1000,运城,乡村,四线城市
3353,M,32,26-35,1799,1001-2000,苏州,镇区,新一线城市
3355,M,53,46-60,2788,2001-4000,杭州,城区,新一线城市
3359,M,37,36-45,1998,1001-2000,烟台,城区,二线城市
3361,M,20,19-25,7799,7000+,广州,城区,一线城市
3363,M,79,60+,1399,1001-2000,衡阳,城区,三线城市
3364,M,50,46-60,1099,1001-2000,延安,乡村,五线城市
3366,M,53,46-60,3098,2001-4000,张家口,unknown,四线城市
3367,F,49,46-60,3699,2001-4000,海北藏族自治州,乡村,五线城市
3368,M,54,46-60,803,<=1000,沈阳,城区,新一线城市
3369,M,63,60+,1548,1001-2000,南昌,unknown,二线城市
3370,M,37,36-45,2499,2001-4000,郑州,乡村,新一线城市
3371,M,37,36-45,1899,1001-2000,中山,镇区,二线城市
3372,M,26,26-35,2799,2001-4000,常州,城区,二线城市
3373,F,22,19-25,505,<=1000,邯郸,乡村,三线城市
3374,M,74,60+,1799,1001-2000,烟台,镇区,二线城市
3375,F,40,36-45,5999,4001-7000,北京,unknown,一线城市
3378,M,50,46-60,1449,1001-2000,廊坊,unknown,三线城市
3379,M,43,36-45,2499,2001-4000,大庆,城区,三线城市
3381,F,47,46-60,3399,2001-4000,合肥,unknown,二线城市
3382,M,65,60+,1198,1001-2000,普洱,乡村,五线城市
3383,F,40,36-45,1898,1001-2000,日照,镇区,四线城市
3385,M,50,46-60,1599,1001-2000,固原,镇区,五线城市
3386,M,29,26-35,1199,1001-2000,昆明,乡村,新一线城市
3387,M,49,46-60,688,<=1000,淮北,镇区,五线城市
3389,M,60,46-60,988,<=1000,濮阳,乡村,五线城市
3392,M,53,46-60,999,<=1000,延边朝鲜族自治州,unknown,四线城市
3394,F,34,26-35,2199,2001-4000,丹东,unknown,四线城市
3396,F,71,60+,1580,1001-2000,沈阳,城区,新一线城市
3400,M,20,19-25,1199,1001-2000,哈尔滨,城区,二线城市
3403,F,54,46-60,1469,1001-2000,新乡,城区,三线城市
3404,F,65,60+,1580,1001-2000,黄山,镇区,四线城市
3407,F,54,46-60,2299,2001-4000,潍坊,乡村,三线城市
3408,F,77,60+,899,<=1000,德州,镇区,四线城市
3409,F,55,46-60,899,<=1000,张家口,unknown,四线城市
3410,M,45,36-45,2399,2001-4000,黔东南苗族侗族自治州,unknown,四线城市
3413,F,70,60+,999,<=1000,张掖,乡村,五线城市
3415,M,51,46-60,5269,4001-7000,石家庄,城区,二线城市
3416,M,78,60+,2100,2001-4000,呼和浩特,乡村,三线城市
3417,M,58,46-60,1699,1001-2000,西宁,unknown,四线城市
3418,M,66,60+,1398,1001-2000,张家口,unknown,四线城市
3419,M,24,19-25,5591,4001-7000,玉溪,城区,五线城市
3421,F,78,60+,2098,2001-4000,濮阳,unknown,五线城市
3422,M,33,26-35,2399,2001-4000,曲靖,镇区,四线城市
3423,M,66,60+,1299,1001-2000,鸡西,乡村,五线城市
3424,F,34,26-35,2799,2001-4000,淄博,城区,三线城市
3425,F,22,19-25,2288,2001-4000,赣州,镇区,三线城市
3426,F,31,26-35,1199,1001-2000,钦州,乡村,五线城市
3427,M,44,36-45,1649,1001-2000,长治,乡村,五线城市
3428,M,72,60+,1799,1001-2000,成都,乡村,新一线城市
3429,M,36,36-45,1270,1001-2000,呼和浩特,乡村,三线城市
3430,M,37,36-45,2999,2001-4000,金华,镇区,二线城市
3431,M,61,60+,738,<=1000,锦州,乡村,四线城市
3432,M,21,19-25,1599,1001-2000,漳州,unknown,三线城市
3433,M,37,36-45,1199,1001-2000,安阳,unknown,四线城市
3434,M,46,46-60,1399,1001-2000,石河子,乡村,五线城市
3436,M,79,60+,1099,1001-2000,晋城,unknown,五线城市
3437,M,40,36-45,2598,2001-4000,延边朝鲜族自治州,unknown,四线城市
3438,M,20,19-25,1150,1001-2000,武威,unknown,五线城市
3439,M,66,60+,1398,1001-2000,保定,乡村,三线城市
3440,M,76,60+,999,<=1000,长春,乡村,二线城市
3442,F,35,26-35,1599,1001-2000,楚雄彝族自治州,城区,五线城市
3446,F,67,60+,2499,2001-4000,保定,乡村,三线城市
3449,F,58,46-60,3548,2001-4000,金华,城区,二线城市
3450,F,32,26-35,688,<=1000,白城,乡村,五线城市
3451,F,27,26-35,3699,2001-4000,邵阳,unknown,四线城市
3455,F,48,46-60,2999,2001-4000,湖州,乡村,三线城市
3456,M,63,60+,899,<=1000,大理白族自治州,unknown,四线城市
3458,F,39,36-45,1499,1001-2000,威海,unknown,三线城市
3461,M,23,19-25,1099,1001-2000,和田地区,unknown,五线城市
3464,F,35,26-35,5999,4001-7000,聊城,unknown,四线城市
3465,F,33,26-35,1200,1001-2000,天水,乡村,五线城市
3466,M,50,46-60,1798,1001-2000,呼和浩特,unknown,三线城市
3469,F,53,46-60,1599,1001-2000,淄博,城区,三线城市
3470,M,32,26-35,1099,1001-2000,黄石,unknown,四线城市
3471,M,39,36-45,1399,1001-2000,海口,unknown,二线城市
3472,F,40,36-45,1499,1001-2000,雅安,unknown,五线城市
3476,M,59,46-60,1399,1001-2000,保定,unknown,三线城市
3478,F,25,19-25,9299,7000+,宿州,乡村,四线城市
3479,M,69,60+,1298,1001-2000,防城港,城区,五线城市
3480,M,74,60+,1299,1001-2000,昌吉回族自治州,乡村,五线城市
3481,F,35,26-35,3488,2001-4000,杭州,城区,新一线城市
3483,M,78,60+,1068,1001-2000,昆明,乡村,新一线城市
3484,F,52,46-60,2499,2001-4000,石嘴山,unknown,五线城市
3485,M,49,46-60,2499,2001-4000,东莞,镇区,新一线城市
3486,M,21,19-25,9299,7000+,甘孜藏族自治州,unknown,五线城市
3488,M,55,46-60,2999,2001-4000,吉林,unknown,三线城市
3490,F,31,26-35,1199,1001-2000,银川,unknown,三线城市
3491,M,51,46-60,1149,1001-2000,哈尔滨,城区,二线城市
3493,M,23,19-25,2198,2001-4000,广州,乡村,一线城市
3494,M,72,60+,1299,1001-2000,大连,unknown,二线城市
3496,M,34,26-35,1599,1001-2000,咸宁,unknown,四线城市
3497,F,79,60+,2499,2001-4000,太原,unknown,二线城市
3499,M,21,19-25,4399,4001-7000,连云港,镇区,三线城市
3500,M,56,46-60,1498,1001-2000,茂名,城区,四线城市
3501,F,66,60+,1199,1001-2000,泸州,unknown,四线城市
3502,F,32,26-35,899,<=1000,宁波,乡村,新一线城市
3504,F,73,60+,1149,1001-2000,泰州,乡村,三线城市
3505,M,49,46-60,1399,1001-2000,孝感,unknown,四线城市
3508,M,31,26-35,1789,1001-2000,葫芦岛,乡村,五线城市
3510,M,48,46-60,1599,1001-2000,北京,unknown,一线城市
3513,F,27,26-35,1400,1001-2000,克孜勒苏柯尔克孜自治州,镇区,五线城市
3514,M,65,60+,899,<=1000,运城,unknown,四线城市
3515,M,22,19-25,2999,2001-4000,大庆,城区,三线城市
3516,M,35,26-35,1299,1001-2000,南阳,乡村,三线城市
3518,M,30,26-35,3399,2001-4000,中山,镇区,二线城市
3520,M,56,46-60,1400,1001-2000,济宁,乡村,三线城市
3521,M,48,46-60,1999,1001-2000,沧州,乡村,三线城市
3524,M,20,19-25,2199,2001-4000,黔东南苗族侗族自治州,乡村,四线城市
3525,M,57,46-60,899,<=1000,武汉,unknown,新一线城市
3526,M,76,60+,1158,1001-2000,黔东南苗族侗族自治州,乡村,四线城市
3527,F,26,26-35,1398,1001-2000,毕节,乡村,四线城市
3529,F,60,46-60,2099,2001-4000,广元,unknown,五线城市
3530,F,25,19-25,659,<=1000,铜陵,unknown,四线城市
3531,M,64,60+,6499,4001-7000,遵义,unknown,三线城市
3532,M,27,26-35,1068,1001-2000,唐山,城区,三线城市
3534,M,66,60+,1498,1001-2000,天水,unknown,五线城市
3535,F,76,60+,1199,1001-2000,临汾,unknown,四线城市
3537,F,52,46-60,2359,2001-4000,东营,乡村,四线城市
3540,M,40,36-45,2699,2001-4000,枣庄,城区,四线城市
3541,F,71,60+,2288,2001-4000,镇江,unknown,三线城市
3542,M,23,19-25,1399,1001-2000,怀化,unknown,四线城市
3544,M,62,60+,1299,1001-2000,邯郸,乡村,三线城市
3546,M,23,19-25,1399,1001-2000,伊犁哈萨克自治州,乡村,五线城市
3547,M,44,36-45,1699,1001-2000,西安,城区,新一线城市
3548,F,67,60+,2299,2001-4000,聊城,乡村,四线城市
3550,M,37,36-45,1699,1001-2000,十堰,unknown,四线城市
3551,M,63,60+,759,<=1000,西安,unknown,新一线城市
3552,F,27,26-35,2288,2001-4000,保定,unknown,三线城市
3553,M,56,46-60,1398,1001-2000,临沂,乡村,三线城市
3554,M,71,60+,1688,1001-2000,临沂,unknown,三线城市
3556,M,68,60+,999,<=1000,巴彦淖尔,乡村,五线城市
3557,F,76,60+,599,<=1000,泰安,乡村,三线城市
3558,M,38,36-45,1699,1001-2000,云浮,城区,五线城市
3559,F,20,19-25,1099,1001-2000,哈尔滨,城区,二线城市
3560,F,34,26-35,796,<=1000,牡丹江,乡村,四线城市
3561,M,43,36-45,2699,2001-4000,承德,乡村,四线城市
3563,M,40,36-45,1699,1001-2000,无锡,unknown,二线城市
3564,M,37,36-45,899,<=1000,深圳,unknown,一线城市
3565,M,50,46-60,799,<=1000,北京,unknown,一线城市
3566,F,35,26-35,1099,1001-2000,大理白族自治州,乡村,四线城市
3567,M,42,36-45,991,<=1000,深圳,城区,一线城市
3568,F,38,36-45,799,<=1000,邯郸,乡村,三线城市
3569,F,70,60+,949,<=1000,通化,乡村,五线城市
3571,F,20,19-25,1149,1001-2000,黔西南布依族苗族自治州,unknown,五线城市
3573,F,30,26-35,999,<=1000,湛江,乡村,三线城市
3575,F,24,19-25,1099,1001-2000,天津,乡村,新一线城市
3576,M,54,46-60,2699,2001-4000,贵阳,unknown,二线城市
3577,M,74,60+,1098,1001-2000,铁岭,乡村,五线城市
3580,M,61,60+,4399,4001-7000,延安,乡村,五线城市
3582,F,52,46-60,899,<=1000,濮阳,乡村,五线城市
3583,F,70,60+,799,<=1000,重庆,unknown,新一线城市
3584,M,71,60+,2399,2001-4000,昭通,乡村,五线城市
3585,M,59,46-60,3200,2001-4000,绥化,乡村,四线城市
3587,M,75,60+,3299,2001-4000,九江,镇区,三线城市
3589,F,24,19-25,1599,1001-2000,武威,镇区,五线城市
3592,F,41,36-45,1899,1001-2000,重庆,乡村,新一线城市
3593,M,35,26-35,599,<=1000,南通,镇区,二线城市
3595,F,32,26-35,899,<=1000,广州,乡村,一线城市
3596,F,50,46-60,1099,1001-2000,邯郸,unknown,三线城市
3597,M,67,60+,17799,7000+,沈阳,城区,新一线城市
3599,M,29,26-35,738,<=1000,抚顺,城区,五线城市
3600,M,36,36-45,3498,2001-4000,丽江,乡村,四线城市
3603,M,76,60+,1799,1001-2000,宜宾,unknown,四线城市
3604,M,41,36-45,3999,2001-4000,连云港,乡村,三线城市
3605,M,32,26-35,1199,1001-2000,赣州,unknown,三线城市
3607,M,22,19-25,1599,1001-2000,揭阳,unknown,三线城市
3608,M,34,26-35,1699,1001-2000,合肥,城区,二线城市
3610,F,37,36-45,1299,1001-2000,安阳,乡村,四线城市
3612,F,78,60+,1499,1001-2000,成都,城区,新一线城市
3613,F,24,19-25,2299,2001-4000,邯郸,unknown,三线城市
3615,F,44,36-45,1399,1001-2000,新乡,城区,三线城市
3616,M,73,60+,2499,2001-4000,抚州,乡村,四线城市
3617,M,77,60+,1150,1001-2000,玉溪,乡村,五线城市
3618,M,24,19-25,999,<=1000,上海,乡村,一线城市
3619,M,62,60+,1299,1001-2000,延安,乡村,五线城市
3620,M,24,19-25,5999,4001-7000,菏泽,乡村,四线城市
3621,M,65,60+,1099,1001-2000,白城,unknown,五线城市
3622,F,56,46-60,1498,1001-2000,金华,城区,二线城市
3624,M,23,19-25,2799,2001-4000,石家庄,乡村,二线城市
3625,F,45,36-45,6499,4001-7000,泰安,unknown,三线城市
3627,M,44,36-45,2299,2001-4000,长春,城区,二线城市
3628,M,37,36-45,1060,1001-2000,固原,城区,五线城市
3629,F,73,60+,3498,2001-4000,唐山,乡村,三线城市
3631,F,30,26-35,4999,4001-7000,中山,unknown,二线城市
3633,M,67,60+,738,<=1000,大连,城区,二线城市
3636,M,56,46-60,1199,1001-2000,北京,unknown,一线城市
3637,F,32,26-35,1099,1001-2000,保定,unknown,三线城市
3639,M,45,36-45,3498,2001-4000,北京,城区,一线城市
3642,M,79,60+,599,<=1000,广州,unknown,一线城市
3643,M,40,36-45,1599,1001-2000,承德,镇区,四线城市
3646,M,77,60+,1498,1001-2000,太原,unknown,二线城市
3647,F,60,46-60,1499,1001-2000,张掖,unknown,五线城市
3649,F,72,60+,2099,2001-4000,大连,城区,二线城市
3651,F,24,19-25,9299,7000+,广州,镇区,一线城市
3652,F,36,36-45,3999,2001-4000,吉林,城区,三线城市
3654,M,66,60+,2798,2001-4000,大连,城区,二线城市
3656,F,65,60+,1980,1001-2000,唐山,镇区,三线城市
3658,M,40,36-45,899,<=1000,烟台,城区,二线城市
3659,F,69,60+,899,<=1000,菏泽,镇区,四线城市
3660,F,52,46-60,1899,1001-2000,沧州,镇区,三线城市
3661,M,26,26-35,1298,1001-2000,宁德,unknown,三线城市
3662,M,34,26-35,1199,1001-2000,合肥,镇区,二线城市
3665,M,42,36-45,5999,4001-7000,白城,城区,五线城市
3666,M,64,60+,1199,1001-2000,唐山,镇区,三线城市
3668,M,37,36-45,2699,2001-4000,阿克苏地区,unknown,五线城市
3669,F,26,26-35,1599,1001-2000,六盘水,unknown,四线城市
3670,M,76,60+,1499,1001-2000,内江,镇区,五线城市
3675,M,20,19-25,2998,2001-4000,六安,城区,四线城市
3677,M,27,26-35,699,<=1000,银川,镇区,三线城市
3682,F,44,36-45,1099,1001-2000,毕节,unknown,四线城市
3683,F,43,36-45,1699,1001-2000,衡阳,unknown,三线城市
3684,F,52,46-60,1068,1001-2000,济宁,乡村,三线城市
3685,M,42,36-45,1999,1001-2000,烟台,unknown,二线城市
3688,M,69,60+,1049,1001-2000,河池,镇区,五线城市
3689,M,54,46-60,1399,1001-2000,惠州,unknown,二线城市
3690,M,78,60+,1199,1001-2000,驻马店,unknown,四线城市
3691,M,32,26-35,1699,1001-2000,邢台,镇区,四线城市
3692,F,40,36-45,1398,1001-2000,吉林,unknown,三线城市
3694,F,38,36-45,999,<=1000,玉林,镇区,四线城市
3695,M,55,46-60,1548,1001-2000,吕梁,unknown,五线城市
3697,M,62,60+,799,<=1000,兰州,城区,二线城市
3699,F,72,60+,1400,1001-2000,朝阳,乡村,五线城市
3701,F,36,36-45,1398,1001-2000,漳州,镇区,三线城市
3703,M,43,36-45,2699,2001-4000,清远,乡村,三线城市
3704,M,70,60+,1199,1001-2000,双鸭山,镇区,五线城市
3706,F,59,46-60,1759,1001-2000,绥化,乡村,四线城市
3707,M,63,60+,1699,1001-2000,通化,unknown,五线城市
3709,F,54,46-60,2499,2001-4000,廊坊,unknown,三线城市
3710,F,55,46-60,1999,1001-2000,牡丹江,城区,四线城市
3712,M,51,46-60,1599,1001-2000,银川,乡村,三线城市
3713,M,35,26-35,1639,1001-2000,石家庄,unknown,二线城市
3717,M,21,19-25,1999,1001-2000,赣州,乡村,三线城市
3718,M,55,46-60,1699,1001-2000,商丘,乡村,三线城市
3720,M,71,60+,1399,1001-2000,定西,乡村,五线城市
3721,M,22,19-25,1498,1001-2000,红河哈尼族彝族自治州,unknown,四线城市
3724,M,79,60+,3999,2001-4000,宁德,unknown,三线城市
3726,M,44,36-45,1999,1001-2000,绥化,乡村,四线城市
3727,M,69,60+,999,<=1000,毕节,镇区,四线城市
3729,M,68,60+,1199,1001-2000,济宁,乡村,三线城市
3730,M,33,26-35,1199,1001-2000,福州,unknown,二线城市
3732,F,71,60+,999,<=1000,临沂,乡村,三线城市
3734,M,54,46-60,1068,1001-2000,邯郸,乡村,三线城市
3736,F,32,26-35,2519,2001-4000,日照,乡村,四线城市
3738,M,26,26-35,4999,4001-7000,济南,城区,二线城市
3739,M,26,26-35,1299,1001-2000,黔西南布依族苗族自治州,unknown,五线城市
3740,F,52,46-60,1398,1001-2000,贵阳,unknown,二线城市
3742,F,63,60+,3498,2001-4000,金华,unknown,二线城市
3743,M,36,36-45,1799,1001-2000,邯郸,乡村,三线城市
3744,F,26,26-35,2299,2001-4000,沧州,乡村,三线城市
3745,M,59,46-60,2699,2001-4000,沈阳,unknown,新一线城市
3746,F,22,19-25,5999,4001-7000,新乡,镇区,三线城市
3747,F,34,26-35,1150,1001-2000,郴州,乡村,三线城市
3749,M,54,46-60,1499,1001-2000,哈尔滨,unknown,二线城市
3751,F,68,60+,949,<=1000,银川,unknown,三线城市
3752,F,60,46-60,1199,1001-2000,贵港,unknown,五线城市
3755,F,56,46-60,1068,1001-2000,邢台,unknown,四线城市
3758,M,28,26-35,1199,1001-2000,烟台,乡村,二线城市
3760,F,45,36-45,1068,1001-2000,毕节,乡村,四线城市
3761,F,33,26-35,1798,1001-2000,白城,unknown,五线城市
3762,M,58,46-60,3098,2001-4000,张家口,乡村,四线城市
3763,F,68,60+,1348,1001-2000,辽阳,城区,五线城市
3765,F,50,46-60,629,<=1000,平凉,乡村,五线城市
3767,F,71,60+,1599,1001-2000,定西,镇区,五线城市
3770,M,63,60+,2999,2001-4000,益阳,unknown,四线城市
3771,M,60,46-60,2299,2001-4000,兴安盟,unknown,五线城市
3773,M,77,60+,2699,2001-4000,朔州,unknown,五线城市
3774,M,63,60+,2399,2001-4000,南阳,unknown,三线城市
3775,F,68,60+,1199,1001-2000,日照,镇区,四线城市
3777,F,32,26-35,4999,4001-7000,宜春,城区,四线城市
3778,M,52,46-60,2699,2001-4000,阜阳,unknown,三线城市
3779,F,68,60+,1899,1001-2000,长春,unknown,二线城市
3780,M,62,60+,2499,2001-4000,大同,镇区,四线城市
3782,F,37,36-45,568,<=1000,乌兰察布,镇区,五线城市
3785,M,71,60+,1199,1001-2000,邵阳,镇区,四线城市
3787,M,66,60+,1548,1001-2000,淮安,城区,三线城市
3788,F,23,19-25,899,<=1000,文山壮族苗族自治州,乡村,五线城市
3789,F,30,26-35,8499,7000+,巴音郭楞蒙古自治州,unknown,五线城市
3790,F,77,60+,3699,2001-4000,保定,unknown,三线城市
3791,M,71,60+,1999,1001-2000,毕节,unknown,四线城市
3792,M,63,60+,1099,1001-2000,喀什地区,乡村,五线城市
3795,F,20,19-25,2999,2001-4000,桂林,乡村,三线城市
3796,M,77,60+,1099,1001-2000,通化,城区,五线城市
3800,M,32,26-35,1548,1001-2000,喀什地区,乡村,五线城市
3801,F,50,46-60,999,<=1000,五指山,unknown,五线城市
3802,M,70,60+,1548,1001-2000,滨州,乡村,四线城市
3803,M,22,19-25,1699,1001-2000,深圳,城区,一线城市
3808,M,33,26-35,1999,1001-2000,贵港,城区,五线城市
3809,F,70,60+,1498,1001-2000,长沙,unknown,新一线城市
3810,M,21,19-25,1498,1001-2000,重庆,unknown,新一线城市
3811,M,30,26-35,2399,2001-4000,廊坊,乡村,三线城市
3812,F,50,46-60,999,<=1000,达州,unknown,五线城市
3814,M,52,46-60,1998,1001-2000,呼和浩特,城区,三线城市
3815,F,47,46-60,6222,4001-7000,上海,unknown,一线城市
3816,M,34,26-35,1899,1001-2000,周口,unknown,四线城市
3818,F,77,60+,5999,4001-7000,盘锦,unknown,四线城市
3819,M,38,36-45,1899,1001-2000,周口,城区,四线城市
3820,M,24,19-25,999,<=1000,长春,乡村,二线城市
3823,M,78,60+,1299,1001-2000,常德,unknown,四线城市
3824,F,54,46-60,1399,1001-2000,绵阳,乡村,三线城市
3825,M,35,26-35,1899,1001-2000,景德镇,城区,四线城市
3826,F,55,46-60,3699,2001-4000,九江,乡村,三线城市
3829,F,20,19-25,2199,2001-4000,济宁,unknown,三线城市
3830,F,28,26-35,3498,2001-4000,黄南藏族自治州,乡村,五线城市
3831,M,72,60+,3548,2001-4000,沧州,unknown,三线城市
3832,F,73,60+,3799,2001-4000,齐齐哈尔,unknown,四线城市
3834,F,67,60+,1798,1001-2000,丹东,乡村,四线城市
3836,M,32,26-35,1699,1001-2000,怒江傈僳族自治州,乡村,五线城市
3837,F,38,36-45,1899,1001-2000,青岛,乡村,新一线城市
3839,M,79,60+,899,<=1000,双鸭山,unknown,五线城市
3840,M,34,26-35,1999,1001-2000,毕节,乡村,四线城市
3841,M,59,46-60,2699,2001-4000,阜新,unknown,五线城市
3842,M,62,60+,1150,1001-2000,保定,乡村,三线城市
3843,M,31,26-35,2299,2001-4000,南阳,乡村,三线城市
3845,M,53,46-60,1799,1001-2000,南宁,unknown,二线城市
3846,M,30,26-35,1399,1001-2000,石家庄,乡村,二线城市
3848,F,52,46-60,1599,1001-2000,衡水,乡村,五线城市
3851,F,29,26-35,3999,2001-4000,遂宁,城区,五线城市
3852,F,73,60+,1399,1001-2000,菏泽,unknown,四线城市
3853,F,47,46-60,1099,1001-2000,商洛,乡村,五线城市
3854,M,33,26-35,2099,2001-4000,许昌,城区,四线城市
3855,M,65,60+,2399,2001-4000,济宁,乡村,三线城市
3856,M,34,26-35,1299,1001-2000,乌鲁木齐,unknown,三线城市
3857,F,60,46-60,3166,2001-4000,太原,城区,二线城市
3860,M,72,60+,1599,1001-2000,红河哈尼族彝族自治州,unknown,四线城市
3863,M,65,60+,1199,1001-2000,中山,unknown,二线城市
3864,F,33,26-35,1999,1001-2000,常州,unknown,二线城市
3865,F,24,19-25,1199,1001-2000,周口,乡村,四线城市
3866,M,73,60+,899,<=1000,营口,unknown,四线城市
3868,M,49,46-60,999,<=1000,周口,乡村,四线城市
3870,F,25,19-25,3199,2001-4000,铜仁,unknown,四线城市
3871,F,36,36-45,1399,1001-2000,广安,乡村,五线城市
3872,M,57,46-60,4999,4001-7000,庆阳,unknown,五线城市
3873,M,70,60+,599,<=1000,德阳,镇区,四线城市
3874,M,73,60+,899,<=1000,宿州,unknown,四线城市
3877,F,37,36-45,2999,2001-4000,青岛,unknown,新一线城市
3878,M,31,26-35,991,<=1000,鸡西,unknown,五线城市
3879,F,20,19-25,659,<=1000,安康,乡村,五线城市
3881,F,72,60+,2099,2001-4000,黑河,unknown,五线城市
3882,F,50,46-60,629,<=1000,渭南,乡村,四线城市
3884,M,30,26-35,2999,2001-4000,毕节,unknown,四线城市
3885,F,46,46-60,899,<=1000,来宾,unknown,五线城市
3886,F,23,19-25,2399,2001-4000,哈尔滨,镇区,二线城市
3887,F,59,46-60,1199,1001-2000,曲靖,unknown,四线城市
3889,F,37,36-45,999,<=1000,白山,乡村,五线城市
3893,M,73,60+,1499,1001-2000,西安,镇区,新一线城市
3894,M,38,36-45,2799,2001-4000,北京,城区,一线城市
3896,F,27,26-35,599,<=1000,泉州,城区,二线城市
3897,M,34,26-35,1789,1001-2000,衡水,unknown,五线城市
3898,M,47,46-60,3498,2001-4000,七台河,城区,五线城市
3899,M,33,26-35,1499,1001-2000,天津,unknown,新一线城市
3900,M,44,36-45,1399,1001-2000,深圳,unknown,一线城市
3901,F,73,60+,1599,1001-2000,衡阳,unknown,三线城市
3903,M,70,60+,999,<=1000,湘潭,镇区,三线城市
3904,M,52,46-60,1098,1001-2000,娄底,城区,四线城市
3905,M,69,60+,1599,1001-2000,桂林,城区,三线城市
3906,F,36,36-45,1498,1001-2000,沧州,乡村,三线城市
3910,M,75,60+,2399,2001-4000,濮阳,镇区,五线城市
3912,F,22,19-25,1299,1001-2000,喀什地区,镇区,五线城市
3913,M,36,36-45,1099,1001-2000,惠州,乡村,二线城市
3915,F,57,46-60,899,<=1000,白银,镇区,五线城市
3916,M,62,60+,1699,1001-2000,成都,乡村,新一线城市
3917,M,22,19-25,1198,1001-2000,乌鲁木齐,镇区,三线城市
3918,F,39,36-45,799,<=1000,忻州,unknown,五线城市
3920,M,50,46-60,659,<=1000,西宁,unknown,四线城市
3922,M,31,26-35,899,<=1000,蚌埠,乡村,三线城市
3923,M,21,19-25,1998,1001-2000,曲靖,unknown,四线城市
3925,M,56,46-60,1299,1001-2000,商丘,unknown,三线城市
3926,M,31,26-35,3498,2001-4000,大理白族自治州,乡村,四线城市
3930,F,42,36-45,1899,1001-2000,东莞,镇区,新一线城市
3931,M,73,60+,3166,2001-4000,德州,unknown,四线城市
3933,M,37,36-45,2519,2001-4000,嘉兴,镇区,二线城市
3936,M,74,60+,2458,2001-4000,菏泽,乡村,四线城市
3937,F,23,19-25,1199,1001-2000,邵阳,乡村,四线城市
3939,M,34,26-35,1789,1001-2000,吐鲁番,unknown,五线城市
3940,F,24,19-25,1998,1001-2000,温州,城区,二线城市
3945,M,71,60+,2149,2001-4000,株洲,unknown,三线城市
3946,M,40,36-45,3798,2001-4000,驻马店,unknown,四线城市
3947,F,74,60+,2799,2001-4000,大连,unknown,二线城市
3949,M,51,46-60,1449,1001-2000,泰安,乡村,三线城市
3950,M,62,60+,899,<=1000,南平,unknown,三线城市
3951,M,48,46-60,799,<=1000,天津,城区,新一线城市
3953,M,61,60+,999,<=1000,榆林,乡村,四线城市
3954,M,67,60+,2450,2001-4000,汕头,城区,三线城市
3956,M,48,46-60,2288,2001-4000,咸阳,乡村,三线城市
3957,M,47,46-60,799,<=1000,大理白族自治州,乡村,四线城市
3958,F,31,26-35,1798,1001-2000,保定,乡村,三线城市
3960,F,25,19-25,2000,1001-2000,湛江,城区,三线城市
3961,M,48,46-60,1899,1001-2000,哈尔滨,城区,二线城市
3962,M,46,46-60,2499,2001-4000,毕节,镇区,四线城市
3965,M,25,19-25,1099,1001-2000,深圳,城区,一线城市
3968,M,43,36-45,1299,1001-2000,文山壮族苗族自治州,镇区,五线城市
3971,M,51,46-60,899,<=1000,安顺,乡村,四线城市
3972,M,50,46-60,899,<=1000,临沧,乡村,五线城市
3973,M,69,60+,1580,1001-2000,重庆,城区,新一线城市
3975,M,37,36-45,3999,2001-4000,深圳,城区,一线城市
3976,M,22,19-25,1699,1001-2000,中卫,unknown,五线城市
3977,F,59,46-60,2288,2001-4000,沈阳,城区,新一线城市
3979,F,61,60+,2699,2001-4000,北京,unknown,一线城市
3980,M,35,26-35,1149,1001-2000,汕头,unknown,三线城市
3981,M,78,60+,899,<=1000,北京,乡村,一线城市
3982,F,38,36-45,2969,2001-4000,枣庄,城区,四线城市
3984,M,73,60+,1499,1001-2000,黔东南苗族侗族自治州,乡村,四线城市
3985,M,24,19-25,6222,4001-7000,黔南布依族苗族自治州,乡村,四线城市
3987,M,61,60+,799,<=1000,嘉峪关,城区,五线城市
3988,F,71,60+,3199,2001-4000,北京,unknown,一线城市
3991,F,61,60+,2299,2001-4000,北京,城区,一线城市
3992,M,34,26-35,1299,1001-2000,岳阳,城区,三线城市
3993,M,65,60+,599,<=1000,重庆,unknown,新一线城市
3996,M,23,19-25,2399,2001-4000,天水,镇区,五线城市
3997,F,23,19-25,1699,1001-2000,武汉,城区,新一线城市
3998,M,33,26-35,1599,1001-2000,日照,乡村,四线城市
3999,F,22,19-25,999,<=1000,亳州,乡村,五线城市
4000,F,45,36-45,1599,1001-2000,黔西南布依族苗族自治州,乡村,五线城市
4001,F,68,60+,1999,1001-2000,杭州,城区,新一线城市
4002,M,55,46-60,2969,2001-4000,大同,乡村,四线城市
4003,M,37,36-45,799,<=1000,乌鲁木齐,城区,三线城市
4004,F,52,46-60,2799,2001-4000,阿坝藏族羌族自治州,镇区,五线城市
4005,F,22,19-25,899,<=1000,塔城地区,乡村,五线城市
4006,M,25,19-25,1099,1001-2000,邵阳,unknown,四线城市
4007,F,37,36-45,1699,1001-2000,青岛,unknown,新一线城市
4008,M,32,26-35,1898,1001-2000,青岛,城区,新一线城市
4009,F,23,19-25,1299,1001-2000,西宁,城区,四线城市
4010,M,59,46-60,2499,2001-4000,重庆,城区,新一线城市
4012,F,39,36-45,2299,2001-4000,文山壮族苗族自治州,乡村,五线城市
4013,M,65,60+,2399,2001-4000,常德,unknown,四线城市
4014,F,61,60+,1068,1001-2000,宝鸡,乡村,四线城市
4015,F,63,60+,999,<=1000,毕节,镇区,四线城市
4017,M,58,46-60,1400,1001-2000,邢台,乡村,四线城市
4020,F,23,19-25,499,<=1000,西宁,城区,四线城市
4021,M,40,36-45,3999,2001-4000,深圳,unknown,一线城市
4022,F,37,36-45,3498,2001-4000,邯郸,unknown,三线城市
4023,F,52,46-60,1449,1001-2000,玉溪,乡村,五线城市
4024,F,22,19-25,494,<=1000,凉山彝族自治州,乡村,五线城市
4025,F,23,19-25,2699,2001-4000,烟台,城区,二线城市
4026,F,75,60+,901,<=1000,曲靖,乡村,四线城市
4027,M,23,19-25,1899,1001-2000,昭通,乡村,五线城市
4028,M,41,36-45,1499,1001-2000,遵义,乡村,三线城市
4031,M,29,26-35,2999,2001-4000,葫芦岛,镇区,五线城市
4032,F,23,19-25,6222,4001-7000,亳州,乡村,五线城市
4033,M,39,36-45,6399,4001-7000,长春,城区,二线城市
4034,F,78,60+,1068,1001-2000,凉山彝族自治州,乡村,五线城市
4036,M,59,46-60,899,<=1000,烟台,unknown,二线城市
4037,M,20,19-25,2598,2001-4000,杭州,城区,新一线城市
4038,M,62,60+,769,<=1000,大连,unknown,二线城市
4040,M,52,46-60,1148,1001-2000,邯郸,乡村,三线城市
4041,F,22,19-25,1199,1001-2000,邢台,乡村,四线城市
4043,M,69,60+,1699,1001-2000,安顺,unknown,四线城市
4044,F,77,60+,1198,1001-2000,大连,城区,二线城市
4046,F,34,26-35,3999,2001-4000,西宁,unknown,四线城市
4047,M,79,60+,3299,2001-4000,湘潭,城区,三线城市
4048,F,40,36-45,3299,2001-4000,濮阳,镇区,五线城市
4050,F,65,60+,1980,1001-2000,哈尔滨,unknown,二线城市
4051,M,33,26-35,3399,2001-4000,保定,乡村,三线城市
4052,M,65,60+,1099,1001-2000,绥化,unknown,四线城市
4053,M,43,36-45,3999,2001-4000,枣庄,城区,四线城市
4054,M,56,46-60,999,<=1000,南阳,乡村,三线城市
4055,M,35,26-35,999,<=1000,郴州,unknown,三线城市
4058,M,69,60+,400,<=1000,锦州,乡村,四线城市
4059,M,21,19-25,2050,2001-4000,南宁,城区,二线城市
4061,F,47,46-60,2499,2001-4000,枣庄,乡村,四线城市
4063,M,40,36-45,1400,1001-2000,吕梁,乡村,五线城市
4064,F,55,46-60,400,<=1000,郴州,乡村,三线城市
4065,M,65,60+,1699,1001-2000,北京,unknown,一线城市
4069,F,22,19-25,2699,2001-4000,金华,城区,二线城市
4070,F,79,60+,2499,2001-4000,长春,unknown,二线城市
4071,F,50,46-60,1599,1001-2000,泰安,乡村,三线城市
4072,F,35,26-35,1999,1001-2000,南阳,unknown,三线城市
4073,F,54,46-60,1398,1001-2000,长春,unknown,二线城市
4074,M,54,46-60,1699,1001-2000,齐齐哈尔,乡村,四线城市
4075,F,40,36-45,949,<=1000,喀什地区,乡村,五线城市
4077,M,37,36-45,1199,1001-2000,唐山,unknown,三线城市
4078,F,69,60+,1548,1001-2000,哈尔滨,城区,二线城市
4081,F,45,36-45,1060,1001-2000,抚州,乡村,四线城市
4082,F,72,60+,1799,1001-2000,上海,unknown,一线城市
4086,F,64,60+,999,<=1000,黔南布依族苗族自治州,unknown,四线城市
4090,F,42,36-45,1299,1001-2000,邢台,镇区,四线城市
4091,F,35,26-35,1998,1001-2000,广安,unknown,五线城市
4092,M,74,60+,1049,1001-2000,济宁,unknown,三线城市
4093,F,76,60+,5488,4001-7000,牡丹江,unknown,四线城市
4095,M,32,26-35,1548,1001-2000,三明,乡村,三线城市
4098,M,32,26-35,849,<=1000,徐州,unknown,二线城市
4099,M,34,26-35,1498,1001-2000,黔西南布依族苗族自治州,镇区,五线城市
4100,F,32,26-35,999,<=1000,大连,乡村,二线城市
4103,F,77,60+,1299,1001-2000,白城,镇区,五线城市
4106,F,32,26-35,1999,1001-2000,吉林,乡村,三线城市
4108,M,79,60+,1068,1001-2000,安庆,乡村,三线城市
4109,F,59,46-60,1199,1001-2000,北京,城区,一线城市
4111,M,23,19-25,649,<=1000,贵阳,unknown,二线城市
4112,M,62,60+,999,<=1000,沧州,乡村,三线城市
4115,F,57,46-60,899,<=1000,娄底,unknown,四线城市
4117,M,20,19-25,999,<=1000,锦州,unknown,四线城市
4118,M,54,46-60,938,<=1000,郑州,城区,新一线城市
4120,M,22,19-25,2999,2001-4000,南阳,乡村,三线城市
4121,M,39,36-45,799,<=1000,长春,unknown,二线城市
4124,M,79,60+,2699,2001-4000,北京,unknown,一线城市
4126,M,72,60+,2299,2001-4000,澄迈,镇区,五线城市
4127,M,33,26-35,5499,4001-7000,辽源,乡村,五线城市
4128,M,36,36-45,1599,1001-2000,白山,城区,五线城市
4130,M,77,60+,999,<=1000,德州,乡村,四线城市
4131,M,26,26-35,2499,2001-4000,商丘,乡村,三线城市
4132,M,62,60+,999,<=1000,衢州,乡村,四线城市
4134,F,26,26-35,1999,1001-2000,上海,城区,一线城市
4136,M,72,60+,1499,1001-2000,赣州,unknown,三线城市
4137,M,32,26-35,4999,4001-7000,嘉兴,unknown,二线城市
4138,M,60,46-60,1199,1001-2000,毕节,乡村,四线城市
4139,M,56,46-60,1199,1001-2000,威海,unknown,三线城市
4140,F,40,36-45,899,<=1000,毕节,unknown,四线城市
4141,M,74,60+,1199,1001-2000,四平,unknown,五线城市
4142,M,33,26-35,999,<=1000,赣州,乡村,三线城市
4145,M,71,60+,1299,1001-2000,长沙,unknown,新一线城市
4148,M,35,26-35,2999,2001-4000,南通,镇区,二线城市
4150,M,36,36-45,1400,1001-2000,天水,乡村,五线城市
4151,F,21,19-25,2498,2001-4000,黔西南布依族苗族自治州,城区,五线城市
4153,F,50,46-60,1099,1001-2000,北京,unknown,一线城市
4154,M,33,26-35,999,<=1000,珠海,城区,二线城市
4155,F,32,26-35,2099,2001-4000,营口,城区,四线城市
4156,M,36,36-45,1998,1001-2000,湘潭,镇区,三线城市
4157,F,71,60+,1399,1001-2000,达州,unknown,五线城市
4158,M,22,19-25,5999,4001-7000,东莞,镇区,新一线城市
4159,M,43,36-45,3498,2001-4000,成都,乡村,新一线城市
4160,M,56,46-60,1639,1001-2000,永州,unknown,四线城市
4162,M,23,19-25,2699,2001-4000,铜仁,镇区,四线城市
4164,F,20,19-25,1699,1001-2000,鹤岗,镇区,五线城市
4166,F,56,46-60,2499,2001-4000,濮阳,乡村,五线城市
4167,M,76,60+,2699,2001-4000,潍坊,unknown,三线城市
4172,M,38,36-45,899,<=1000,德州,unknown,四线城市
4173,F,41,36-45,599,<=1000,成都,城区,新一线城市
4174,M,31,26-35,5999,4001-7000,乐山,乡村,四线城市
4175,M,34,26-35,999,<=1000,咸阳,乡村,三线城市
4176,M,45,36-45,1199,1001-2000,安顺,乡村,四线城市
4177,F,78,60+,2698,2001-4000,濮阳,unknown,五线城市
4186,M,47,46-60,2699,2001-4000,德州,镇区,四线城市
4190,M,29,26-35,8999,7000+,漯河,unknown,五线城市
4191,M,37,36-45,689,<=1000,兴安盟,乡村,五线城市
4192,M,36,36-45,1299,1001-2000,邵阳,unknown,四线城市
4193,F,43,36-45,1798,1001-2000,沈阳,城区,新一线城市
4194,M,35,26-35,400,<=1000,铜仁,乡村,四线城市
4198,F,41,36-45,2299,2001-4000,可克达拉,乡村,五线城市
4199,M,29,26-35,1998,1001-2000,毕节,乡村,四线城市
4201,F,50,46-60,3699,2001-4000,重庆,unknown,新一线城市
4202,F,66,60+,999,<=1000,抚顺,unknown,五线城市
4203,M,22,19-25,2699,2001-4000,东莞,镇区,新一线城市
4204,M,42,36-45,1599,1001-2000,哈尔滨,镇区,二线城市
4205,M,23,19-25,2099,2001-4000,郑州,镇区,新一线城市
4208,F,57,46-60,1345,1001-2000,茂名,乡村,四线城市
4209,F,40,36-45,1299,1001-2000,崇左,乡村,五线城市
4210,F,65,60+,1345,1001-2000,锦州,城区,四线城市
4212,M,33,26-35,2899,2001-4000,惠州,镇区,二线城市
4213,M,78,60+,2788,2001-4000,成都,乡村,新一线城市
4214,F,73,60+,2399,2001-4000,遵义,unknown,三线城市
4215,M,30,26-35,5999,4001-7000,成都,城区,新一线城市
4216,F,48,46-60,2499,2001-4000,保定,unknown,三线城市
4217,M,35,26-35,2288,2001-4000,聊城,乡村,四线城市
4218,F,28,26-35,4499,4001-7000,镇江,unknown,三线城市
4219,F,57,46-60,1699,1001-2000,鞍山,城区,三线城市
4222,M,37,36-45,1899,1001-2000,深圳,unknown,一线城市
4223,M,50,46-60,1699,1001-2000,泰安,unknown,三线城市
4224,M,72,60+,2999,2001-4000,河源,城区,四线城市
4225,F,33,26-35,899,<=1000,西安,unknown,新一线城市
4226,M,39,36-45,400,<=1000,昭通,镇区,五线城市
4227,M,62,60+,788,<=1000,贵港,unknown,五线城市
4228,M,58,46-60,1998,1001-2000,吴忠,乡村,五线城市
4230,M,42,36-45,4599,4001-7000,吕梁,城区,五线城市
4232,F,42,36-45,1199,1001-2000,邯郸,乡村,三线城市
4233,F,35,26-35,2399,2001-4000,重庆,乡村,新一线城市
4234,M,78,60+,1270,1001-2000,巴彦淖尔,乡村,五线城市
4236,M,45,36-45,1999,1001-2000,楚雄彝族自治州,镇区,五线城市
4237,F,27,26-35,1299,1001-2000,保定,乡村,三线城市
4239,M,69,60+,999,<=1000,朔州,乡村,五线城市
4241,F,38,36-45,1599,1001-2000,漯河,unknown,五线城市
4242,M,45,36-45,4899,4001-7000,金华,镇区,二线城市
4243,M,48,46-60,2399,2001-4000,深圳,城区,一线城市
4245,M,52,46-60,6199,4001-7000,赣州,城区,三线城市
4246,F,27,26-35,1798,1001-2000,嘉兴,乡村,二线城市
4252,F,63,60+,1399,1001-2000,崇左,unknown,五线城市
4253,F,37,36-45,3488,2001-4000,西安,unknown,新一线城市
4254,M,59,46-60,969,<=1000,濮阳,unknown,五线城市
4255,F,25,19-25,688,<=1000,红河哈尼族彝族自治州,乡村,四线城市
4256,M,44,36-45,1580,1001-2000,台州,乡村,二线城市
4258,M,26,26-35,1299,1001-2000,绍兴,unknown,二线城市
4259,M,73,60+,799,<=1000,宝鸡,镇区,四线城市
4261,M,20,19-25,1798,1001-2000,佛山,城区,二线城市
4262,M,68,60+,1999,1001-2000,南京,城区,新一线城市
4267,M,42,36-45,2999,2001-4000,葫芦岛,乡村,五线城市
4268,M,29,26-35,1688,1001-2000,镇江,乡村,三线城市
4269,M,44,36-45,10699,7000+,鸡西,乡村,五线城市
4272,F,75,60+,4099,4001-7000,宜昌,城区,三线城市
4273,M,22,19-25,7999,7000+,滨州,城区,四线城市
4274,M,44,36-45,1899,1001-2000,枣庄,乡村,四线城市
4278,M,38,36-45,899,<=1000,萍乡,城区,五线城市
4279,F,56,46-60,499,<=1000,来宾,unknown,五线城市
4283,F,57,46-60,1199,1001-2000,成都,城区,新一线城市
4285,M,37,36-45,2299,2001-4000,新乡,乡村,三线城市
4286,F,44,36-45,3299,2001-4000,西宁,unknown,四线城市
4288,M,71,60+,969,<=1000,哈尔滨,unknown,二线城市
4290,M,60,46-60,2299,2001-4000,丹东,乡村,四线城市
4291,F,22,19-25,2100,2001-4000,梧州,城区,四线城市
4292,F,29,26-35,2798,2001-4000,沧州,乡村,三线城市
4294,M,53,46-60,2499,2001-4000,天水,乡村,五线城市
4295,M,22,19-25,6999,4001-7000,南京,unknown,新一线城市
4296,M,49,46-60,1068,1001-2000,大连,unknown,二线城市
4297,M,52,46-60,999,<=1000,大庆,乡村,三线城市
4298,M,39,36-45,8999,7000+,深圳,unknown,一线城市
4300,F,21,19-25,1548,1001-2000,贵阳,城区,二线城市
4301,M,73,60+,549,<=1000,成都,unknown,新一线城市
4302,F,38,36-45,1899,1001-2000,南通,unknown,二线城市
4304,M,64,60+,1548,1001-2000,商丘,unknown,三线城市
4305,F,47,46-60,3699,2001-4000,滨州,城区,四线城市
4306,F,44,36-45,899,<=1000,绥化,镇区,四线城市
4307,M,69,60+,2699,2001-4000,广州,unknown,一线城市
4311,M,71,60+,1199,1001-2000,徐州,镇区,二线城市
4313,M,33,26-35,1199,1001-2000,周口,城区,四线城市
4314,M,52,46-60,949,<=1000,重庆,unknown,新一线城市
4318,M,41,36-45,1300,1001-2000,南通,城区,二线城市
4319,F,57,46-60,2458,2001-4000,庆阳,unknown,五线城市
4322,M,21,19-25,1688,1001-2000,哈密,镇区,五线城市
4324,F,31,26-35,1400,1001-2000,河池,unknown,五线城市
4325,M,58,46-60,1398,1001-2000,济南,城区,二线城市
4326,F,35,26-35,1299,1001-2000,宜昌,unknown,三线城市
4327,F,36,36-45,1999,1001-2000,永州,unknown,四线城市
4328,F,54,46-60,1299,1001-2000,金昌,unknown,五线城市
4330,F,65,60+,1699,1001-2000,齐齐哈尔,乡村,四线城市
4331,F,25,19-25,3999,2001-4000,儋州,镇区,五线城市
4332,M,58,46-60,999,<=1000,六盘水,乡村,四线城市
4333,F,20,19-25,1799,1001-2000,重庆,城区,新一线城市
4334,F,77,60+,1099,1001-2000,长春,unknown,二线城市
4336,M,71,60+,1199,1001-2000,齐齐哈尔,城区,四线城市
4338,M,64,60+,599,<=1000,钦州,乡村,五线城市
4339,F,37,36-45,1999,1001-2000,泉州,unknown,二线城市
4340,M,56,46-60,2299,2001-4000,绥化,城区,四线城市
4343,F,51,46-60,788,<=1000,巴音郭楞蒙古自治州,unknown,五线城市
4344,M,65,60+,1699,1001-2000,北京,城区,一线城市
4345,M,79,60+,1798,1001-2000,大同,城区,四线城市
4346,M,50,46-60,899,<=1000,德州,unknown,四线城市
4347,M,57,46-60,1400,1001-2000,沈阳,城区,新一线城市
4348,M,24,19-25,1799,1001-2000,普洱,乡村,五线城市
4349,F,58,46-60,999,<=1000,潍坊,unknown,三线城市
4351,M,30,26-35,1798,1001-2000,凉山彝族自治州,乡村,五线城市
4353,M,78,60+,899,<=1000,亳州,unknown,五线城市
4355,F,44,36-45,1898,1001-2000,湖州,乡村,三线城市
4356,M,31,26-35,1999,1001-2000,柳州,unknown,三线城市
4357,F,38,36-45,3488,2001-4000,潍坊,城区,三线城市
4358,F,25,19-25,1599,1001-2000,西安,unknown,新一线城市
4359,M,36,36-45,2299,2001-4000,衡水,镇区,五线城市
4360,M,27,26-35,1199,1001-2000,凉山彝族自治州,乡村,五线城市
4361,M,40,36-45,1999,1001-2000,泰安,城区,三线城市
4362,M,61,60+,848,<=1000,牡丹江,乡村,四线城市
4363,F,22,19-25,1498,1001-2000,来宾,镇区,五线城市
4364,F,31,26-35,1399,1001-2000,孝感,城区,四线城市
4366,M,64,60+,3999,2001-4000,汉中,乡村,五线城市
4368,M,34,26-35,3699,2001-4000,三亚,unknown,三线城市
4370,M,32,26-35,1899,1001-2000,黔东南苗族侗族自治州,unknown,四线城市
4371,M,69,60+,1300,1001-2000,永州,乡村,四线城市
4372,M,58,46-60,1548,1001-2000,呼和浩特,乡村,三线城市
4373,M,68,60+,999,<=1000,廊坊,乡村,三线城市
4375,F,79,60+,1149,1001-2000,定西,乡村,五线城市
4376,M,31,26-35,2999,2001-4000,上海,城区,一线城市
4377,M,36,36-45,1999,1001-2000,平凉,镇区,五线城市
4378,M,58,46-60,2299,2001-4000,秦皇岛,镇区,三线城市
4379,F,32,26-35,4998,4001-7000,上饶,镇区,三线城市
4380,F,74,60+,1978,1001-2000,哈尔滨,乡村,二线城市
4381,M,20,19-25,1548,1001-2000,咸宁,乡村,四线城市
4383,F,43,36-45,1399,1001-2000,聊城,unknown,四线城市
4384,M,35,26-35,1399,1001-2000,邯郸,乡村,三线城市
4385,M,23,19-25,2699,2001-4000,杭州,城区,新一线城市
4387,F,60,46-60,1599,1001-2000,唐山,乡村,三线城市
4389,M,50,46-60,1580,1001-2000,信阳,unknown,三线城市
4390,M,38,36-45,2798,2001-4000,北京,乡村,一线城市
4391,M,29,26-35,3999,2001-4000,长沙,镇区,新一线城市
4394,M,72,60+,1999,1001-2000,信阳,unknown,三线城市
4395,M,37,36-45,1799,1001-2000,六安,乡村,四线城市
4397,F,24,19-25,3788,2001-4000,泉州,unknown,二线城市
4401,M,79,60+,999,<=1000,朝阳,unknown,五线城市
4402,M,76,60+,1899,1001-2000,邯郸,镇区,三线城市
4405,F,64,60+,1129,1001-2000,四平,乡村,五线城市
4406,M,31,26-35,2699,2001-4000,泉州,unknown,二线城市
4409,M,71,60+,999,<=1000,迪庆藏族自治州,乡村,五线城市
4411,M,60,46-60,1199,1001-2000,牡丹江,城区,四线城市
4412,M,37,36-45,1399,1001-2000,佛山,城区,二线城市
4413,F,40,36-45,1899,1001-2000,南宁,城区,二线城市
4414,M,37,36-45,1199,1001-2000,昆明,unknown,新一线城市
4415,M,56,46-60,1789,1001-2000,营口,城区,四线城市
4416,M,62,60+,1498,1001-2000,威海,unknown,三线城市
4419,F,78,60+,999,<=1000,邵阳,镇区,四线城市
4422,M,59,46-60,2099,2001-4000,攀枝花,乡村,五线城市
4423,M,49,46-60,999,<=1000,哈密,乡村,五线城市
4424,M,63,60+,899,<=1000,遵义,镇区,三线城市
4426,M,29,26-35,1649,1001-2000,汉中,unknown,五线城市
4428,M,34,26-35,999,<=1000,深圳,城区,一线城市
4431,F,22,19-25,400,<=1000,自贡,乡村,五线城市
4432,F,73,60+,599,<=1000,济南,unknown,二线城市
4433,M,55,46-60,1398,1001-2000,喀什地区,unknown,五线城市
4434,M,54,46-60,1599,1001-2000,庆阳,乡村,五线城市
4435,F,63,60+,1699,1001-2000,呼和浩特,镇区,三线城市
4436,F,34,26-35,1199,1001-2000,太原,unknown,二线城市
4437,F,22,19-25,2499,2001-4000,石嘴山,镇区,五线城市
4439,F,77,60+,3299,2001-4000,营口,unknown,四线城市
4440,M,41,36-45,1699,1001-2000,宿州,乡村,四线城市
4441,F,33,26-35,1699,1001-2000,阜阳,unknown,三线城市
4442,F,48,46-60,1199,1001-2000,巴彦淖尔,镇区,五线城市
4443,M,26,26-35,3688,2001-4000,武威,乡村,五线城市
4446,F,33,26-35,1998,1001-2000,赣州,镇区,三线城市
4447,F,31,26-35,400,<=1000,通辽,乡村,五线城市
4448,F,56,46-60,1699,1001-2000,德宏傣族景颇族自治州,unknown,四线城市
4449,M,39,36-45,1699,1001-2000,南通,unknown,二线城市
4450,F,61,60+,1199,1001-2000,包头,unknown,三线城市
4451,M,50,46-60,599,<=1000,楚雄彝族自治州,乡村,五线城市
4452,M,36,36-45,1580,1001-2000,廊坊,乡村,三线城市
4453,M,27,26-35,5999,4001-7000,南宁,城区,二线城市
4454,F,22,19-25,2999,2001-4000,三亚,镇区,三线城市
4455,F,23,19-25,999,<=1000,上饶,乡村,三线城市
4456,F,65,60+,2999,2001-4000,天津,城区,新一线城市
4457,M,29,26-35,1548,1001-2000,无锡,城区,二线城市
4458,F,61,60+,1999,1001-2000,青岛,乡村,新一线城市
4459,M,47,46-60,2699,2001-4000,清远,镇区,三线城市
4461,M,68,60+,999,<=1000,无锡,城区,二线城市
4463,M,28,26-35,1299,1001-2000,阿里地区,乡村,五线城市
4464,M,26,26-35,2399,2001-4000,贵港,镇区,五线城市
4466,M,20,19-25,2499,2001-4000,惠州,镇区,二线城市
4467,F,22,19-25,1299,1001-2000,临沂,城区,三线城市
4470,M,36,36-45,8899,7000+,鎭海,unknown,unknown
4471,M,33,26-35,4399,4001-7000,昌江黎族自治县,镇区,五线城市
4473,M,64,60+,899,<=1000,铁岭,乡村,五线城市
4476,M,65,60+,1998,1001-2000,兴安盟,乡村,五线城市
4478,M,36,36-45,1398,1001-2000,钦州,unknown,五线城市
4479,F,54,46-60,899,<=1000,齐齐哈尔,unknown,四线城市
4480,M,29,26-35,1299,1001-2000,十堰,城区,四线城市
4482,M,61,60+,2399,2001-4000,伊犁哈萨克自治州,乡村,五线城市
4484,F,70,60+,1688,1001-2000,铁岭,unknown,五线城市
4485,M,34,26-35,899,<=1000,保定,镇区,三线城市
4486,M,48,46-60,1399,1001-2000,德州,乡村,四线城市
4487,M,37,36-45,1498,1001-2000,潍坊,乡村,三线城市
4488,F,71,60+,1789,1001-2000,哈尔滨,unknown,二线城市
4489,M,61,60+,1199,1001-2000,郑州,unknown,新一线城市
4491,F,54,46-60,2099,2001-4000,四平,城区,五线城市
4492,M,37,36-45,4488,4001-7000,天津,城区,新一线城市
4493,F,56,46-60,1068,1001-2000,益阳,unknown,四线城市
4495,M,68,60+,2499,2001-4000,榆林,乡村,四线城市
4496,F,70,60+,1099,1001-2000,广安,乡村,五线城市
4501,M,30,26-35,3299,2001-4000,衡水,乡村,五线城市
4502,M,37,36-45,799,<=1000,石河子,城区,五线城市
4503,F,39,36-45,999,<=1000,临沂,乡村,三线城市
4506,F,21,19-25,1899,1001-2000,玉溪,乡村,五线城市
4509,F,53,46-60,1598,1001-2000,哈尔滨,城区,二线城市
4510,M,67,60+,1899,1001-2000,哈尔滨,unknown,二线城市
4511,M,72,60+,1099,1001-2000,赤峰,unknown,四线城市
4512,M,73,60+,2698,2001-4000,廊坊,unknown,三线城市
4513,M,32,26-35,3199,2001-4000,银川,乡村,三线城市
4514,M,45,36-45,1299,1001-2000,宁波,unknown,新一线城市
4515,F,65,60+,999,<=1000,昭通,乡村,五线城市
4516,M,29,26-35,2999,2001-4000,铜仁,城区,四线城市
4517,M,58,46-60,1599,1001-2000,荆门,unknown,五线城市
4519,F,39,36-45,3299,2001-4000,潍坊,城区,三线城市
4521,M,64,60+,899,<=1000,长沙,乡村,新一线城市
4523,M,78,60+,1149,1001-2000,曲靖,城区,四线城市
4524,F,63,60+,1599,1001-2000,阜新,unknown,五线城市
4525,M,72,60+,1298,1001-2000,临沂,乡村,三线城市
4529,F,31,26-35,6399,4001-7000,临汾,unknown,四线城市
4530,F,35,26-35,1149,1001-2000,怀化,城区,四线城市
4533,F,58,46-60,945,<=1000,大同,城区,四线城市
4534,M,40,36-45,5999,4001-7000,苏州,unknown,新一线城市
4535,M,75,60+,1299,1001-2000,天津,unknown,新一线城市
4536,M,40,36-45,2898,2001-4000,北京,镇区,一线城市
4537,M,36,36-45,1899,1001-2000,榆林,乡村,四线城市
4538,M,59,46-60,1060,1001-2000,湘西土家族苗族自治州,unknown,五线城市
4540,F,58,46-60,1398,1001-2000,安康,unknown,五线城市
4544,F,21,19-25,3999,2001-4000,怀化,乡村,四线城市
4545,F,23,19-25,2699,2001-4000,葫芦岛,乡村,五线城市
4546,M,27,26-35,1898,1001-2000,喀什地区,unknown,五线城市
4547,M,32,26-35,1299,1001-2000,哈尔滨,unknown,二线城市
4548,M,66,60+,4899,4001-7000,呼和浩特,unknown,三线城市
4549,F,39,36-45,3498,2001-4000,邢台,乡村,四线城市
4550,M,33,26-35,2199,2001-4000,福州,unknown,二线城市
4552,F,40,36-45,2699,2001-4000,遵义,unknown,三线城市
4553,M,48,46-60,1200,1001-2000,遂宁,乡村,五线城市
4554,M,78,60+,1998,1001-2000,朝阳,乡村,五线城市
4555,F,63,60+,1799,1001-2000,杭州,unknown,新一线城市
4556,F,72,60+,568,<=1000,营口,城区,四线城市
4557,F,22,19-25,3999,2001-4000,广州,城区,一线城市
4558,F,72,60+,1998,1001-2000,阳泉,镇区,五线城市
4559,F,49,46-60,1399,1001-2000,宁德,unknown,三线城市
4561,M,66,60+,1199,1001-2000,赤峰,镇区,四线城市
4562,M,59,46-60,999,<=1000,宣城,unknown,四线城市
4564,M,43,36-45,1699,1001-2000,哈尔滨,unknown,二线城市
4565,M,39,36-45,999,<=1000,沧州,乡村,三线城市
4567,F,69,60+,1688,1001-2000,石家庄,unknown,二线城市
4570,M,62,60+,1398,1001-2000,绵阳,unknown,三线城市
4571,F,56,46-60,1299,1001-2000,信阳,乡村,三线城市
4572,F,64,60+,1398,1001-2000,徐州,乡村,二线城市
4573,M,31,26-35,2498,2001-4000,丽水,unknown,三线城市
4576,M,32,26-35,695,<=1000,兴安盟,乡村,五线城市
4579,M,47,46-60,1099,1001-2000,厦门,城区,二线城市
4582,M,51,46-60,3699,2001-4000,巴彦淖尔,乡村,五线城市
4585,M,43,36-45,2199,2001-4000,天津,乡村,新一线城市
4588,F,27,26-35,1699,1001-2000,喀什地区,乡村,五线城市
4589,F,62,60+,699,<=1000,日照,unknown,四线城市
4592,F,23,19-25,2499,2001-4000,红河哈尼族彝族自治州,镇区,四线城市
4593,M,42,36-45,1399,1001-2000,广州,unknown,一线城市
4594,F,70,60+,1199,1001-2000,庆阳,乡村,五线城市
4596,F,46,46-60,999,<=1000,凉山彝族自治州,乡村,五线城市
4597,F,58,46-60,799,<=1000,临沂,乡村,三线城市
4599,F,47,46-60,539,<=1000,衡阳,unknown,三线城市
4601,M,62,60+,599,<=1000,梧州,乡村,四线城市
4604,M,67,60+,1299,1001-2000,长沙,unknown,新一线城市
4606,M,29,26-35,1598,1001-2000,济宁,乡村,三线城市
4607,F,57,46-60,1099,1001-2000,呼和浩特,镇区,三线城市
4608,M,54,46-60,699,<=1000,绥化,镇区,四线城市
4609,F,24,19-25,2969,2001-4000,上海,unknown,一线城市
4610,M,39,36-45,3498,2001-4000,天津,城区,新一线城市
4611,F,53,46-60,568,<=1000,抚州,unknown,四线城市
4612,M,34,26-35,2699,2001-4000,忻州,乡村,五线城市
4613,M,27,26-35,2498,2001-4000,衢州,乡村,四线城市
4614,M,64,60+,999,<=1000,合肥,unknown,二线城市
4615,F,20,19-25,1699,1001-2000,邯郸,镇区,三线城市
4616,M,20,19-25,2799,2001-4000,营口,城区,四线城市
4618,F,59,46-60,1199,1001-2000,东莞,城区,新一线城市
4619,M,21,19-25,1398,1001-2000,保亭黎族苗族自治县,乡村,五线城市
4620,M,59,46-60,2100,2001-4000,崇左,乡村,五线城市
4621,F,49,46-60,1099,1001-2000,文山壮族苗族自治州,乡村,五线城市
4626,M,30,26-35,1498,1001-2000,周口,unknown,四线城市
4628,F,65,60+,1699,1001-2000,郴州,unknown,三线城市
4635,F,63,60+,1199,1001-2000,济宁,unknown,三线城市
4636,M,34,26-35,1498,1001-2000,佛山,城区,二线城市
4639,M,22,19-25,3199,2001-4000,苏州,城区,新一线城市
4640,M,43,36-45,899,<=1000,雅安,乡村,五线城市
4641,F,21,19-25,1898,1001-2000,广州,城区,一线城市
4642,F,33,26-35,1398,1001-2000,苏州,城区,新一线城市
4643,M,64,60+,4999,4001-7000,张家口,unknown,四线城市
4644,F,22,19-25,1599,1001-2000,南阳,城区,三线城市
4646,F,73,60+,1199,1001-2000,乌海,城区,五线城市
4648,M,45,36-45,3488,2001-4000,唐山,城区,三线城市
4651,M,62,60+,1799,1001-2000,乌兰察布,镇区,五线城市
4652,F,22,19-25,999,<=1000,崇左,unknown,五线城市
4653,F,57,46-60,1688,1001-2000,四平,unknown,五线城市
4654,M,52,46-60,1099,1001-2000,临沂,镇区,三线城市
4655,M,40,36-45,2399,2001-4000,苏州,unknown,新一线城市
4656,M,47,46-60,1399,1001-2000,通辽,unknown,五线城市
4658,M,35,26-35,1899,1001-2000,宁波,镇区,新一线城市
4659,M,32,26-35,1199,1001-2000,普洱,乡村,五线城市
4660,F,67,60+,1398,1001-2000,北京,unknown,一线城市
4662,M,39,36-45,899,<=1000,忻州,城区,五线城市
4664,F,33,26-35,3798,2001-4000,盐城,unknown,三线城市
4665,M,20,19-25,5499,4001-7000,吉林,城区,三线城市
4667,M,31,26-35,1399,1001-2000,深圳,城区,一线城市
4668,F,75,60+,918,<=1000,石家庄,乡村,二线城市
4669,M,67,60+,1499,1001-2000,徐州,镇区,二线城市
4670,M,23,19-25,3548,2001-4000,辽阳,乡村,五线城市
4672,F,77,60+,2499,2001-4000,西安,乡村,新一线城市
4675,F,60,46-60,738,<=1000,绥化,镇区,四线城市
4677,M,39,36-45,6222,4001-7000,达州,城区,五线城市
4679,M,21,19-25,1299,1001-2000,苏州,城区,新一线城市
4680,M,61,60+,2199,2001-4000,邯郸,unknown,三线城市
4686,M,65,60+,999,<=1000,桂林,unknown,三线城市
4690,M,46,46-60,1498,1001-2000,咸阳,城区,三线城市
4692,M,57,46-60,1799,1001-2000,沧州,乡村,三线城市
4694,F,25,19-25,1299,1001-2000,长春,乡村,二线城市
4697,M,66,60+,2399,2001-4000,石家庄,乡村,二线城市
4700,F,39,36-45,1999,1001-2000,永州,unknown,四线城市
4701,M,24,19-25,999,<=1000,蚌埠,乡村,三线城市
4702,M,60,46-60,2499,2001-4000,上海,城区,一线城市
4704,M,35,26-35,1199,1001-2000,广安,城区,五线城市
4705,F,61,60+,3699,2001-4000,肇庆,unknown,三线城市
4709,F,37,36-45,2499,2001-4000,东莞,镇区,新一线城市
4710,M,56,46-60,2499,2001-4000,昭通,乡村,五线城市
4711,F,66,60+,1068,1001-2000,衡阳,乡村,三线城市
4713,M,35,26-35,2499,2001-4000,温州,镇区,二线城市
4714,F,33,26-35,2199,2001-4000,拉萨,城区,四线城市
4716,F,25,19-25,899,<=1000,上海,城区,一线城市
4718,M,40,36-45,1098,1001-2000,松原,乡村,五线城市
4720,F,53,46-60,3498,2001-4000,梅州,unknown,三线城市
4721,F,20,19-25,1399,1001-2000,桂林,乡村,三线城市
4722,M,76,60+,899,<=1000,毕节,镇区,四线城市
4727,M,61,60+,999,<=1000,武汉,unknown,新一线城市
4728,F,36,36-45,1199,1001-2000,长春,unknown,二线城市
4729,F,36,36-45,5999,4001-7000,齐齐哈尔,unknown,四线城市
4731,F,68,60+,991,<=1000,新乡,城区,三线城市
4732,M,39,36-45,3548,2001-4000,北京,城区,一线城市
4733,M,42,36-45,1599,1001-2000,鄂尔多斯,乡村,四线城市
4735,M,31,26-35,3699,2001-4000,石家庄,unknown,二线城市
4736,M,21,19-25,3299,2001-4000,岳阳,镇区,三线城市
4737,F,59,46-60,1199,1001-2000,大连,城区,二线城市
4738,M,29,26-35,4399,4001-7000,日照,镇区,四线城市
4739,M,24,19-25,1458,1001-2000,郑州,城区,新一线城市
4740,M,60,46-60,1548,1001-2000,安庆,乡村,三线城市
4742,F,62,60+,899,<=1000,大连,unknown,二线城市
4743,M,23,19-25,1998,1001-2000,长沙,乡村,新一线城市
4744,M,22,19-25,2699,2001-4000,杭州,unknown,新一线城市
4746,M,32,26-35,1789,1001-2000,秦皇岛,城区,三线城市
4748,M,61,60+,1548,1001-2000,鞍山,乡村,三线城市
4751,F,68,60+,999,<=1000,天津,unknown,新一线城市
4753,M,31,26-35,1199,1001-2000,宁波,unknown,新一线城市
4754,F,61,60+,999,<=1000,平凉,乡村,五线城市
4755,M,52,46-60,1099,1001-2000,南宁,城区,二线城市
4757,M,22,19-25,5999,4001-7000,揭阳,城区,三线城市
4758,M,68,60+,1999,1001-2000,七台河,unknown,五线城市
4759,M,67,60+,629,<=1000,抚顺,unknown,五线城市
4760,F,39,36-45,2399,2001-4000,郑州,城区,新一线城市
4762,F,42,36-45,4488,4001-7000,东莞,镇区,新一线城市
4763,F,20,19-25,3498,2001-4000,安康,城区,五线城市
4764,M,26,26-35,3699,2001-4000,普洱,乡村,五线城市
4767,M,35,26-35,4399,4001-7000,深圳,城区,一线城市
4768,M,25,19-25,2999,2001-4000,伊犁哈萨克自治州,乡村,五线城市
4769,F,39,36-45,2499,2001-4000,昆明,镇区,新一线城市
4770,M,51,46-60,1199,1001-2000,庆阳,镇区,五线城市
4772,F,64,60+,1999,1001-2000,南昌,unknown,二线城市
4775,M,70,60+,799,<=1000,沧州,乡村,三线城市
4779,M,64,60+,1699,1001-2000,上海,城区,一线城市
4780,F,72,60+,999,<=1000,榆林,乡村,四线城市
4783,F,38,36-45,1599,1001-2000,沧州,镇区,三线城市
4785,M,46,46-60,1999,1001-2000,绥化,城区,四线城市
4787,M,53,46-60,3299,2001-4000,聊城,unknown,四线城市
4788,M,51,46-60,2599,2001-4000,兴安盟,乡村,五线城市
4789,M,32,26-35,901,<=1000,博尔塔拉蒙古自治州,乡村,五线城市
4790,M,31,26-35,1189,1001-2000,南充,unknown,四线城市
4791,M,23,19-25,1199,1001-2000,黔西南布依族苗族自治州,unknown,五线城市
4792,M,63,60+,599,<=1000,佛山,unknown,二线城市
4793,M,65,60+,1699,1001-2000,普洱,unknown,五线城市
4794,M,54,46-60,1199,1001-2000,平凉,乡村,五线城市
4795,M,64,60+,869,<=1000,文山壮族苗族自治州,乡村,五线城市
4798,F,20,19-25,2399,2001-4000,怀化,乡村,四线城市
4800,F,26,26-35,1189,1001-2000,东莞,镇区,新一线城市
4801,F,27,26-35,1399,1001-2000,钦州,unknown,五线城市
4802,M,70,60+,1699,1001-2000,长春,unknown,二线城市
4804,F,76,60+,2969,2001-4000,乌鲁木齐,unknown,三线城市
4805,M,33,26-35,2188,2001-4000,台州,unknown,二线城市
4806,F,37,36-45,1999,1001-2000,黔东南苗族侗族自治州,乡村,四线城市
4807,M,23,19-25,1099,1001-2000,郑州,城区,新一线城市
4808,M,49,46-60,1599,1001-2000,绍兴,unknown,二线城市
4810,F,24,19-25,1899,1001-2000,临沧,乡村,五线城市
4811,F,45,36-45,1199,1001-2000,常德,镇区,四线城市
4814,M,35,26-35,2299,2001-4000,常州,unknown,二线城市
4815,M,39,36-45,1099,1001-2000,四平,镇区,五线城市
4817,M,74,60+,1399,1001-2000,兴安盟,unknown,五线城市
4818,M,66,60+,2199,2001-4000,贵阳,unknown,二线城市
4820,F,69,60+,1398,1001-2000,黄冈,城区,四线城市
4823,F,20,19-25,1299,1001-2000,绵阳,城区,三线城市
4826,M,34,26-35,1899,1001-2000,周口,unknown,四线城市
4827,F,36,36-45,1499,1001-2000,毕节,乡村,四线城市
4828,F,78,60+,2299,2001-4000,乌鲁木齐,城区,三线城市
4829,F,61,60+,1599,1001-2000,海东,镇区,五线城市
4830,M,46,46-60,799,<=1000,六盘水,乡村,四线城市
4834,F,26,26-35,2699,2001-4000,郴州,unknown,三线城市
4835,F,69,60+,3180,2001-4000,邢台,unknown,四线城市
4836,F,64,60+,1198,1001-2000,陇南,乡村,五线城市
4837,F,34,26-35,1598,1001-2000,湛江,乡村,三线城市
4838,M,38,36-45,1098,1001-2000,六盘水,镇区,四线城市
4839,F,29,26-35,2100,2001-4000,大连,城区,二线城市
4840,M,54,46-60,899,<=1000,吉林,城区,三线城市
4841,F,23,19-25,1399,1001-2000,贵港,镇区,五线城市
4846,M,47,46-60,1398,1001-2000,济宁,乡村,三线城市
4847,F,78,60+,899,<=1000,宿州,unknown,四线城市
4849,M,22,19-25,3548,2001-4000,邢台,unknown,四线城市
4851,M,61,60+,1999,1001-2000,杭州,城区,新一线城市
4852,F,33,26-35,2399,2001-4000,周口,unknown,四线城市
4856,M,25,19-25,2498,2001-4000,自贡,乡村,五线城市
4859,M,20,19-25,2499,2001-4000,吐鲁番,乡村,五线城市
4860,F,40,36-45,2699,2001-4000,潍坊,城区,三线城市
4862,M,65,60+,4999,4001-7000,沈阳,城区,新一线城市
4864,F,46,46-60,1688,1001-2000,松原,unknown,五线城市
4865,M,52,46-60,2090,2001-4000,黔南布依族苗族自治州,镇区,四线城市
4866,M,36,36-45,1599,1001-2000,福州,unknown,二线城市
4867,F,24,19-25,969,<=1000,唐山,unknown,三线城市
4868,M,31,26-35,2099,2001-4000,崇左,镇区,五线城市
4872,F,70,60+,999,<=1000,宜宾,乡村,四线城市
4873,F,79,60+,899,<=1000,昭通,乡村,五线城市
4874,F,40,36-45,2199,2001-4000,衡水,乡村,五线城市
4875,M,38,36-45,1399,1001-2000,宁波,乡村,新一线城市
4876,M,32,26-35,1599,1001-2000,葫芦岛,乡村,五线城市
4878,F,37,36-45,1399,1001-2000,贺州,unknown,五线城市
4880,M,68,60+,1148,1001-2000,武威,乡村,五线城市
4881,M,67,60+,1149,1001-2000,广安,乡村,五线城市
4882,F,72,60+,1149,1001-2000,葫芦岛,unknown,五线城市
4883,M,60,46-60,1199,1001-2000,邯郸,unknown,三线城市
4884,M,30,26-35,599,<=1000,金华,乡村,二线城市
4885,F,23,19-25,999,<=1000,临沧,unknown,五线城市
4887,F,23,19-25,3498,2001-4000,大理白族自治州,乡村,四线城市
4890,M,37,36-45,799,<=1000,娄底,unknown,四线城市
4891,M,61,60+,1599,1001-2000,聊城,乡村,四线城市
4895,M,36,36-45,3699,2001-4000,防城港,unknown,五线城市
4897,F,35,26-35,2499,2001-4000,上海,unknown,一线城市
4898,F,22,19-25,899,<=1000,上饶,乡村,三线城市
4900,M,39,36-45,2399,2001-4000,红河哈尼族彝族自治州,乡村,四线城市
4905,F,51,46-60,2499,2001-4000,长春,城区,二线城市
4906,F,71,60+,2168,2001-4000,遵义,乡村,三线城市
4911,F,51,46-60,1158,1001-2000,信阳,乡村,三线城市
4912,M,58,46-60,599,<=1000,菏泽,乡村,四线城市
4913,M,76,60+,1449,1001-2000,廊坊,unknown,三线城市
4915,F,53,46-60,3599,2001-4000,滨州,unknown,四线城市
4916,M,73,60+,2499,2001-4000,乌鲁木齐,城区,三线城市
4917,F,24,19-25,1199,1001-2000,喀什地区,乡村,五线城市
4919,F,76,60+,1400,1001-2000,马鞍山,unknown,三线城市
4920,M,78,60+,1699,1001-2000,河源,乡村,四线城市
4922,F,20,19-25,3299,2001-4000,榆林,乡村,四线城市
4924,M,21,19-25,4688,4001-7000,揭阳,乡村,三线城市
4925,M,25,19-25,1599,1001-2000,甘南藏族自治州,镇区,五线城市
4926,M,39,36-45,2499,2001-4000,吉安,unknown,四线城市
4927,M,50,46-60,3498,2001-4000,徐州,乡村,二线城市
4928,M,31,26-35,1999,1001-2000,郴州,unknown,三线城市
4930,M,53,46-60,1068,1001-2000,榆林,乡村,四线城市
4931,F,67,60+,799,<=1000,石家庄,乡村,二线城市
4932,M,68,60+,1699,1001-2000,烟台,乡村,二线城市
4934,F,26,26-35,3299,2001-4000,阿拉尔,乡村,五线城市
4935,M,67,60+,1699,1001-2000,石家庄,镇区,二线城市
4936,M,53,46-60,1089,1001-2000,大连,unknown,二线城市
4937,F,34,26-35,3699,2001-4000,济宁,unknown,三线城市
4938,M,62,60+,5499,4001-7000,兰州,unknown,二线城市
4939,M,48,46-60,999,<=1000,邵阳,乡村,四线城市
4943,F,53,46-60,794,<=1000,南阳,乡村,三线城市
4944,F,25,19-25,1548,1001-2000,杭州,城区,新一线城市
4945,F,29,26-35,1798,1001-2000,秦皇岛,unknown,三线城市
4946,F,29,26-35,2699,2001-4000,重庆,乡村,新一线城市
4947,F,76,60+,799,<=1000,天水,unknown,五线城市
4949,F,21,19-25,999,<=1000,黔东南苗族侗族自治州,镇区,四线城市
4950,M,50,46-60,899,<=1000,阜阳,unknown,三线城市
4952,M,21,19-25,1198,1001-2000,钦州,乡村,五线城市
4954,M,35,26-35,3498,2001-4000,商丘,乡村,三线城市
4955,F,20,19-25,1299,1001-2000,天津,乡村,新一线城市
4958,M,51,46-60,6222,4001-7000,松原,乡村,五线城市
4959,M,20,19-25,1998,1001-2000,成都,城区,新一线城市
4960,F,62,60+,1399,1001-2000,新乡,unknown,三线城市
4962,F,51,46-60,1798,1001-2000,成都,unknown,新一线城市
4965,M,32,26-35,1400,1001-2000,苏州,城区,新一线城市
4966,M,75,60+,1399,1001-2000,菏泽,unknown,四线城市
4967,M,51,46-60,1279,1001-2000,云浮,unknown,五线城市
4968,F,57,46-60,1199,1001-2000,百色,unknown,四线城市
4969,M,46,46-60,3699,2001-4000,郑州,城区,新一线城市
4971,F,60,46-60,2199,2001-4000,石家庄,镇区,二线城市
4974,F,73,60+,2698,2001-4000,抚州,镇区,四线城市
4975,M,68,60+,600,<=1000,邯郸,镇区,三线城市
4978,M,53,46-60,3098,2001-4000,长沙,乡村,新一线城市
4979,F,28,26-35,6999,4001-7000,金华,城区,二线城市
4981,M,68,60+,5999,4001-7000,咸阳,unknown,三线城市
4982,M,53,46-60,2698,2001-4000,包头,城区,三线城市
4983,M,70,60+,1068,1001-2000,阿克苏地区,镇区,五线城市
4984,F,29,26-35,1498,1001-2000,濮阳,乡村,五线城市
4987,F,27,26-35,6499,4001-7000,西安,unknown,新一线城市
4988,M,26,26-35,1298,1001-2000,株洲,城区,三线城市
4989,F,33,26-35,849,<=1000,徐州,unknown,二线城市
4990,F,60,46-60,999,<=1000,平顶山,乡村,四线城市
4992,M,36,36-45,1699,1001-2000,昆明,乡村,新一线城市
4993,M,35,26-35,2288,2001-4000,晋中,乡村,四线城市
4996,F,47,46-60,1798,1001-2000,亳州,unknown,五线城市
4997,M,21,19-25,5999,4001-7000,青岛,乡村,新一线城市
4999,M,74,60+,1299,1001-2000,铜仁,乡村,四线城市
5000,F,30,26-35,1999,1001-2000,宁波,unknown,新一线城市
5001,M,56,46-60,1599,1001-2000,淄博,unknown,三线城市
5002,M,78,60+,899,<=1000,开封,乡村,四线城市
5003,F,21,19-25,4399,4001-7000,厦门,城区,二线城市
5005,M,79,60+,788,<=1000,达州,unknown,五线城市
5006,M,28,26-35,2499,2001-4000,北京,城区,一线城市
5007,M,59,46-60,899,<=1000,天津,unknown,新一线城市
5009,M,24,19-25,3999,2001-4000,遵义,城区,三线城市
5010,M,63,60+,2100,2001-4000,乐山,镇区,四线城市
5011,M,50,46-60,1599,1001-2000,杭州,城区,新一线城市
5014,F,34,26-35,1980,1001-2000,南宁,城区,二线城市
5015,F,23,19-25,1198,1001-2000,宜宾,乡村,四线城市
5016,F,79,60+,2499,2001-4000,兰州,城区,二线城市
5019,F,56,46-60,1769,1001-2000,济宁,乡村,三线城市
5021,M,39,36-45,1099,1001-2000,济宁,乡村,三线城市
5023,M,28,26-35,7999,7000+,武汉,乡村,新一线城市
5024,F,43,36-45,1798,1001-2000,沧州,乡村,三线城市
5025,M,73,60+,3498,2001-4000,邯郸,unknown,三线城市
5028,M,33,26-35,7799,7000+,杭州,城区,新一线城市
5030,M,20,19-25,699,<=1000,海口,unknown,二线城市
5031,F,62,60+,1099,1001-2000,天津,城区,新一线城市
5034,F,58,46-60,400,<=1000,榆林,乡村,四线城市
5035,F,60,46-60,2799,2001-4000,上海,unknown,一线城市
5036,F,68,60+,1099,1001-2000,焦作,unknown,四线城市
5037,F,54,46-60,899,<=1000,沈阳,乡村,新一线城市
5040,F,44,36-45,2499,2001-4000,郑州,城区,新一线城市
5042,F,24,19-25,5999,4001-7000,大同,乡村,四线城市
5043,F,33,26-35,1789,1001-2000,哈尔滨,unknown,二线城市
5045,M,53,46-60,1299,1001-2000,临沂,镇区,三线城市
5046,M,51,46-60,1199,1001-2000,临汾,镇区,四线城市
5048,M,73,60+,8999,7000+,四平,unknown,五线城市
5050,F,73,60+,1580,1001-2000,吕梁,乡村,五线城市
5051,F,62,60+,799,<=1000,昭通,乡村,五线城市
5052,F,26,26-35,1199,1001-2000,濮阳,乡村,五线城市
5053,F,72,60+,1399,1001-2000,呼和浩特,unknown,三线城市
5054,F,66,60+,1398,1001-2000,毕节,unknown,四线城市
5057,F,37,36-45,799,<=1000,南平,乡村,三线城市
5058,F,33,26-35,899,<=1000,昭通,乡村,五线城市
5059,M,21,19-25,1548,1001-2000,长治,乡村,五线城市
5062,M,67,60+,1099,1001-2000,兰州,城区,二线城市
5064,F,50,46-60,2298,2001-4000,贵阳,乡村,二线城市
5065,F,51,46-60,2698,2001-4000,丹东,unknown,四线城市
5066,M,76,60+,1449,1001-2000,聊城,乡村,四线城市
5067,M,21,19-25,558,<=1000,赣州,乡村,三线城市
5071,M,23,19-25,3999,2001-4000,海西蒙古族藏族自治州,镇区,五线城市
5072,M,36,36-45,2399,2001-4000,保定,unknown,三线城市
5074,F,22,19-25,1199,1001-2000,毕节,乡村,四线城市
5075,F,41,36-45,2399,2001-4000,廊坊,城区,三线城市
5076,M,53,46-60,1789,1001-2000,定西,乡村,五线城市
5077,F,75,60+,999,<=1000,许昌,unknown,四线城市
5079,M,40,36-45,2288,2001-4000,定西,unknown,五线城市
5080,M,67,60+,1548,1001-2000,台州,unknown,二线城市
5084,M,62,60+,1449,1001-2000,上海,unknown,一线城市
5085,M,79,60+,1129,1001-2000,辽阳,unknown,五线城市
5086,M,64,60+,2299,2001-4000,日照,unknown,四线城市
5088,F,20,19-25,1999,1001-2000,烟台,城区,二线城市
5089,F,71,60+,799,<=1000,廊坊,镇区,三线城市
5090,F,58,46-60,1149,1001-2000,渭南,unknown,四线城市
5092,M,62,60+,1068,1001-2000,怀化,乡村,四线城市
5093,F,34,26-35,3599,2001-4000,沈阳,镇区,新一线城市
5094,F,40,36-45,2699,2001-4000,保定,城区,三线城市
5095,M,56,46-60,1699,1001-2000,昆明,镇区,新一线城市
5096,M,32,26-35,1699,1001-2000,广州,城区,一线城市
5097,M,70,60+,2399,2001-4000,滨州,unknown,四线城市
5098,F,23,19-25,2299,2001-4000,揭阳,乡村,三线城市
5099,F,78,60+,2090,2001-4000,长春,城区,二线城市
5100,F,60,46-60,1299,1001-2000,牡丹江,unknown,四线城市
5102,F,48,46-60,3098,2001-4000,长春,城区,二线城市
5103,F,23,19-25,3999,2001-4000,乌鲁木齐,城区,三线城市
5104,F,39,36-45,1699,1001-2000,济宁,镇区,三线城市
5106,F,59,46-60,1149,1001-2000,重庆,unknown,新一线城市
5107,M,40,36-45,1599,1001-2000,哈尔滨,unknown,二线城市
5108,M,64,60+,999,<=1000,伊春,城区,五线城市
5110,M,73,60+,2699,2001-4000,临沂,乡村,三线城市
5111,F,20,19-25,788,<=1000,甘孜藏族自治州,乡村,五线城市
5114,M,40,36-45,1380,1001-2000,德州,unknown,四线城市
5115,M,75,60+,1599,1001-2000,景德镇,unknown,四线城市
5116,F,58,46-60,1149,1001-2000,南平,unknown,三线城市
5117,F,38,36-45,1598,1001-2000,榆林,乡村,四线城市
5118,M,25,19-25,6222,4001-7000,成都,乡村,新一线城市
5119,M,74,60+,1198,1001-2000,沧州,乡村,三线城市
5120,F,32,26-35,862,<=1000,宝鸡,unknown,四线城市
5121,M,74,60+,2998,2001-4000,济宁,unknown,三线城市
5123,F,21,19-25,1299,1001-2000,临沂,unknown,三线城市
5124,M,54,46-60,899,<=1000,阳泉,unknown,五线城市
5125,M,37,36-45,1799,1001-2000,苏州,城区,新一线城市
5126,M,20,19-25,2799,2001-4000,阿勒泰地区,乡村,五线城市
5127,F,23,19-25,2499,2001-4000,枣庄,乡村,四线城市
5128,F,23,19-25,700,<=1000,宜春,unknown,四线城市
5130,F,28,26-35,1099,1001-2000,昭通,乡村,五线城市
5131,F,63,60+,1999,1001-2000,孝感,乡村,四线城市
5134,M,34,26-35,1699,1001-2000,临沂,镇区,三线城市
5136,M,75,60+,1299,1001-2000,辽阳,城区,五线城市
5137,M,31,26-35,1149,1001-2000,丹东,乡村,四线城市
5139,M,47,46-60,1699,1001-2000,襄阳,城区,三线城市
5140,F,40,36-45,1499,1001-2000,衡阳,镇区,三线城市
5141,F,51,46-60,1098,1001-2000,贵阳,乡村,二线城市
5142,F,21,19-25,999,<=1000,泉州,乡村,二线城市
5143,M,41,36-45,1666,1001-2000,承德,乡村,四线城市
5146,M,44,36-45,1198,1001-2000,承德,乡村,四线城市
5147,F,65,60+,2699,2001-4000,巴音郭楞蒙古自治州,unknown,五线城市
5148,M,42,36-45,1099,1001-2000,资阳,unknown,五线城市
5152,M,35,26-35,3599,2001-4000,邢台,镇区,四线城市
5154,M,21,19-25,1399,1001-2000,重庆,unknown,新一线城市
5155,F,31,26-35,5988,4001-7000,百色,unknown,四线城市
5156,M,23,19-25,3548,2001-4000,昆明,镇区,新一线城市
5157,M,22,19-25,1999,1001-2000,武汉,城区,新一线城市
5158,M,65,60+,1199,1001-2000,马鞍山,乡村,三线城市
5159,M,37,36-45,1899,1001-2000,南平,城区,三线城市
5160,M,31,26-35,2299,2001-4000,枣庄,unknown,四线城市
5161,F,31,26-35,1699,1001-2000,庆阳,城区,五线城市
5162,F,79,60+,1698,1001-2000,朝阳,unknown,五线城市
5163,F,23,19-25,1098,1001-2000,承德,乡村,四线城市
5164,M,26,26-35,2199,2001-4000,中山,unknown,二线城市
5165,M,50,46-60,1099,1001-2000,新乡,乡村,三线城市
5166,M,21,19-25,849,<=1000,徐州,unknown,二线城市
5167,F,33,26-35,6222,4001-7000,广安,unknown,五线城市
5168,M,24,19-25,1099,1001-2000,白城,镇区,五线城市
5169,F,20,19-25,2399,2001-4000,凉山彝族自治州,unknown,五线城市
5173,M,20,19-25,4999,4001-7000,青岛,乡村,新一线城市
5175,M,57,46-60,599,<=1000,晋城,乡村,五线城市
5176,M,45,36-45,1098,1001-2000,丹东,乡村,四线城市
5177,F,50,46-60,1399,1001-2000,长春,unknown,二线城市
5178,M,42,36-45,1399,1001-2000,黑河,乡村,五线城市
5181,F,41,36-45,2399,2001-4000,温州,乡村,二线城市
5182,M,75,60+,1999,1001-2000,常德,unknown,四线城市
5183,F,64,60+,2099,2001-4000,乐山,unknown,四线城市
5184,F,37,36-45,1129,1001-2000,无锡,乡村,二线城市
5186,F,37,36-45,1199,1001-2000,楚雄彝族自治州,城区,五线城市
5187,M,31,26-35,4899,4001-7000,伊犁哈萨克自治州,乡村,五线城市
5189,F,38,36-45,1398,1001-2000,驻马店,乡村,四线城市
5192,M,51,46-60,999,<=1000,重庆,城区,新一线城市
5193,M,46,46-60,2699,2001-4000,北京,城区,一线城市
5194,F,21,19-25,2299,2001-4000,焦作,unknown,四线城市
5199,M,21,19-25,1400,1001-2000,曲靖,城区,四线城市
5200,F,49,46-60,1599,1001-2000,呼和浩特,城区,三线城市
5204,M,40,36-45,1999,1001-2000,天津,城区,新一线城市
5205,F,40,36-45,5999,4001-7000,岳阳,unknown,三线城市
5206,M,70,60+,1149,1001-2000,昆明,unknown,新一线城市
5207,M,37,36-45,5999,4001-7000,苏州,城区,新一线城市
5208,F,21,19-25,1899,1001-2000,郑州,乡村,新一线城市
5210,M,70,60+,1998,1001-2000,固原,城区,五线城市
5211,F,55,46-60,599,<=1000,临沂,乡村,三线城市
5213,M,42,36-45,2299,2001-4000,沧州,镇区,三线城市
5214,F,20,19-25,849,<=1000,徐州,unknown,二线城市
5215,M,22,19-25,3098,2001-4000,吉安,镇区,四线城市
5216,M,33,26-35,1899,1001-2000,宿州,乡村,四线城市
5217,M,73,60+,1898,1001-2000,榆林,乡村,四线城市
5218,M,49,46-60,899,<=1000,唐山,乡村,三线城市
5219,F,24,19-25,1068,1001-2000,黔东南苗族侗族自治州,乡村,四线城市
5220,M,49,46-60,2299,2001-4000,哈尔滨,镇区,二线城市
5221,F,20,19-25,1199,1001-2000,曲靖,乡村,四线城市
5222,M,54,46-60,2299,2001-4000,石家庄,乡村,二线城市
5227,M,30,26-35,1499,1001-2000,平凉,镇区,五线城市
5229,M,56,46-60,1398,1001-2000,武威,城区,五线城市
5230,F,20,19-25,1899,1001-2000,定安,乡村,五线城市
5232,F,37,36-45,1099,1001-2000,天津,乡村,新一线城市
5233,M,73,60+,1199,1001-2000,临沂,unknown,三线城市
5235,F,23,19-25,4899,4001-7000,烟台,城区,二线城市
5236,F,33,26-35,1899,1001-2000,成都,城区,新一线城市
5237,M,42,36-45,3098,2001-4000,石家庄,乡村,二线城市
5238,M,36,36-45,1699,1001-2000,南京,城区,新一线城市
5242,F,23,19-25,528,<=1000,唐山,乡村,三线城市
5244,M,50,46-60,1599,1001-2000,济宁,乡村,三线城市
5245,M,33,26-35,1580,1001-2000,济宁,乡村,三线城市
5246,M,53,46-60,599,<=1000,石家庄,unknown,二线城市
5247,M,74,60+,738,<=1000,临沂,乡村,三线城市
5249,M,57,46-60,1068,1001-2000,黔南布依族苗族自治州,乡村,四线城市
5250,M,57,46-60,1399,1001-2000,绥化,乡村,四线城市
5251,M,46,46-60,4399,4001-7000,福州,镇区,二线城市
5252,M,63,60+,1199,1001-2000,松原,unknown,五线城市
5253,F,35,26-35,899,<=1000,朔州,乡村,五线城市
5256,F,35,26-35,1199,1001-2000,周口,unknown,四线城市
5257,F,68,60+,2499,2001-4000,武汉,城区,新一线城市
5258,M,78,60+,1529,1001-2000,孝感,unknown,四线城市
5259,F,40,36-45,1899,1001-2000,赤峰,乡村,四线城市
5261,M,72,60+,1198,1001-2000,南充,镇区,四线城市
5262,M,68,60+,1099,1001-2000,六盘水,乡村,四线城市
5263,M,29,26-35,1399,1001-2000,晋中,unknown,四线城市
5266,F,65,60+,1299,1001-2000,聊城,城区,四线城市
5267,F,72,60+,599,<=1000,威海,城区,三线城市
5268,M,63,60+,1068,1001-2000,萍乡,乡村,五线城市
5269,F,36,36-45,1999,1001-2000,红河哈尼族彝族自治州,unknown,四线城市
5270,M,35,26-35,1899,1001-2000,连云港,镇区,三线城市
5273,M,55,46-60,599,<=1000,成都,unknown,新一线城市
5274,F,39,36-45,1099,1001-2000,和田地区,乡村,五线城市
5276,F,20,19-25,1548,1001-2000,遵义,乡村,三线城市
5277,F,68,60+,899,<=1000,锦州,乡村,四线城市
5278,M,41,36-45,1999,1001-2000,连云港,镇区,三线城市
5279,M,76,60+,1399,1001-2000,庆阳,乡村,五线城市
5283,F,22,19-25,2699,2001-4000,合肥,unknown,二线城市
5284,F,62,60+,3498,2001-4000,重庆,城区,新一线城市
5286,M,57,46-60,649,<=1000,周口,unknown,四线城市
5287,M,33,26-35,1695,1001-2000,潍坊,镇区,三线城市
5288,F,43,36-45,2499,2001-4000,金华,unknown,二线城市
5289,M,51,46-60,2399,2001-4000,北京,unknown,一线城市
5291,F,24,19-25,1299,1001-2000,庆阳,乡村,五线城市
5292,M,40,36-45,3548,2001-4000,娄底,乡村,四线城市
5293,M,34,26-35,1068,1001-2000,通辽,镇区,五线城市
5298,F,36,36-45,1699,1001-2000,佛山,城区,二线城市
5299,F,34,26-35,2498,2001-4000,茂名,乡村,四线城市
5301,M,20,19-25,1299,1001-2000,日喀则,unknown,五线城市
5302,M,65,60+,1299,1001-2000,徐州,镇区,二线城市
5303,F,37,36-45,7999,7000+,榆林,城区,四线城市
5305,M,30,26-35,4488,4001-7000,烟台,乡村,二线城市
5306,M,77,60+,1499,1001-2000,临沂,乡村,三线城市
5308,M,37,36-45,1599,1001-2000,玉溪,城区,五线城市
5309,F,21,19-25,2099,2001-4000,重庆,unknown,新一线城市
5310,M,73,60+,599,<=1000,临沂,镇区,三线城市
5314,F,39,36-45,1299,1001-2000,白城,镇区,五线城市
5317,F,71,60+,1469,1001-2000,太原,unknown,二线城市
5318,M,30,26-35,1699,1001-2000,沧州,镇区,三线城市
5320,F,53,46-60,1529,1001-2000,唐山,乡村,三线城市
5322,M,50,46-60,1599,1001-2000,石家庄,unknown,二线城市
5323,M,35,26-35,4599,4001-7000,南京,城区,新一线城市
5324,M,29,26-35,5591,4001-7000,中山,镇区,二线城市
5325,F,40,36-45,999,<=1000,淮南,unknown,四线城市
5326,F,53,46-60,599,<=1000,包头,城区,三线城市
5327,M,66,60+,1599,1001-2000,海东,乡村,五线城市
5328,F,79,60+,1548,1001-2000,成都,城区,新一线城市
5329,M,49,46-60,2399,2001-4000,长春,unknown,二线城市
5330,F,40,36-45,1899,1001-2000,阳江,unknown,四线城市
5331,M,63,60+,788,<=1000,石家庄,unknown,二线城市
5332,M,39,36-45,2699,2001-4000,汕头,镇区,三线城市
5333,M,56,46-60,799,<=1000,长春,unknown,二线城市
5334,M,32,26-35,999,<=1000,菏泽,unknown,四线城市
5335,F,56,46-60,1379,1001-2000,武汉,城区,新一线城市
5336,F,54,46-60,1598,1001-2000,哈密,镇区,五线城市
5337,F,68,60+,999,<=1000,成都,unknown,新一线城市
5338,M,37,36-45,1129,1001-2000,葫芦岛,城区,五线城市
5340,M,54,46-60,1999,1001-2000,呼伦贝尔,乡村,五线城市
5341,F,49,46-60,2499,2001-4000,兰州,乡村,二线城市
5342,M,39,36-45,3199,2001-4000,东莞,镇区,新一线城市
5344,M,40,36-45,1548,1001-2000,松原,乡村,五线城市
5345,M,68,60+,918,<=1000,张家口,unknown,四线城市
5347,F,69,60+,1798,1001-2000,益阳,unknown,四线城市
5349,M,23,19-25,1548,1001-2000,广州,unknown,一线城市
5350,M,75,60+,1299,1001-2000,延安,镇区,五线城市
5352,M,35,26-35,999,<=1000,重庆,乡村,新一线城市
5353,M,53,46-60,899,<=1000,岳阳,unknown,三线城市
5354,F,39,36-45,1999,1001-2000,毕节,unknown,四线城市
5356,M,72,60+,1399,1001-2000,菏泽,镇区,四线城市
5357,M,34,26-35,3548,2001-4000,苏州,镇区,新一线城市
5358,F,79,60+,899,<=1000,佳木斯,unknown,四线城市
5361,M,53,46-60,568,<=1000,临夏回族自治州,镇区,五线城市
5362,M,22,19-25,2399,2001-4000,辽源,乡村,五线城市
5364,M,62,60+,1199,1001-2000,黔东南苗族侗族自治州,unknown,四线城市
5366,M,38,36-45,1099,1001-2000,三亚,unknown,三线城市
5367,M,76,60+,1399,1001-2000,滨州,unknown,四线城市
5368,M,31,26-35,999,<=1000,毕节,镇区,四线城市
5371,M,34,26-35,3799,2001-4000,台州,unknown,二线城市
5372,M,26,26-35,1999,1001-2000,普洱,乡村,五线城市
5373,F,37,36-45,4899,4001-7000,阜阳,unknown,三线城市
5374,F,77,60+,1298,1001-2000,广州,unknown,一线城市
5375,M,35,26-35,1099,1001-2000,定西,乡村,五线城市
5376,F,34,26-35,2699,2001-4000,延安,unknown,五线城市
5377,M,20,19-25,1099,1001-2000,陇南,城区,五线城市
5378,M,37,36-45,1499,1001-2000,菏泽,乡村,四线城市
5379,M,34,26-35,2399,2001-4000,黔东南苗族侗族自治州,城区,四线城市
5380,M,58,46-60,1398,1001-2000,贵港,乡村,五线城市
5385,F,69,60+,1799,1001-2000,长治,乡村,五线城市
5386,M,42,36-45,6499,4001-7000,温州,unknown,二线城市
5387,M,60,46-60,999,<=1000,兰州,乡村,二线城市
5388,F,22,19-25,1299,1001-2000,金华,镇区,二线城市
5391,M,76,60+,1068,1001-2000,秦皇岛,乡村,三线城市
5392,M,26,26-35,2399,2001-4000,七台河,城区,五线城市
5393,F,24,19-25,862,<=1000,连云港,乡村,三线城市
5394,M,65,60+,1398,1001-2000,济宁,乡村,三线城市
5395,F,39,36-45,1799,1001-2000,南京,城区,新一线城市
5396,M,35,26-35,1199,1001-2000,长沙,城区,新一线城市
5397,F,36,36-45,999,<=1000,巴音郭楞蒙古自治州,乡村,五线城市
5398,M,70,60+,799,<=1000,临汾,城区,四线城市
5399,F,40,36-45,1789,1001-2000,宜宾,城区,四线城市
5400,M,40,36-45,2799,2001-4000,泰安,乡村,三线城市
5402,F,43,36-45,1399,1001-2000,衡水,unknown,五线城市
5403,F,65,60+,2969,2001-4000,上海,unknown,一线城市
5404,M,72,60+,5999,4001-7000,呼和浩特,unknown,三线城市
5405,M,76,60+,1300,1001-2000,临沂,城区,三线城市
5406,F,22,19-25,1548,1001-2000,菏泽,乡村,四线城市
5407,M,75,60+,2699,2001-4000,重庆,城区,新一线城市
5408,M,63,60+,1498,1001-2000,宜宾,乡村,四线城市
5409,M,26,26-35,5999,4001-7000,重庆,城区,新一线城市
5411,F,73,60+,1199,1001-2000,七台河,乡村,五线城市
5412,M,53,46-60,849,<=1000,石家庄,乡村,二线城市
5413,M,77,60+,1398,1001-2000,淮南,乡村,四线城市
5414,M,63,60+,1798,1001-2000,廊坊,城区,三线城市
5415,M,36,36-45,1199,1001-2000,黔东南苗族侗族自治州,乡村,四线城市
5416,F,66,60+,1548,1001-2000,临沧,乡村,五线城市
5417,M,33,26-35,699,<=1000,东莞,城区,新一线城市
5418,M,66,60+,899,<=1000,太原,城区,二线城市
5419,F,37,36-45,899,<=1000,日照,乡村,四线城市
5420,M,31,26-35,2199,2001-4000,长春,乡村,二线城市
5421,M,33,26-35,899,<=1000,柳州,城区,三线城市
5422,F,34,26-35,4999,4001-7000,西安,unknown,新一线城市
5425,M,63,60+,3999,2001-4000,齐齐哈尔,unknown,四线城市
5426,M,50,46-60,1199,1001-2000,嘉兴,unknown,二线城市
5428,F,23,19-25,938,<=1000,德阳,乡村,四线城市
5430,F,49,46-60,2699,2001-4000,秦皇岛,城区,三线城市
5432,M,56,46-60,1400,1001-2000,聊城,乡村,四线城市
5433,M,29,26-35,4899,4001-7000,石家庄,城区,二线城市
5435,F,31,26-35,494,<=1000,承德,乡村,四线城市
5436,M,28,26-35,999,<=1000,昆明,unknown,新一线城市
5437,M,51,46-60,1999,1001-2000,德阳,城区,四线城市
5439,F,63,60+,1199,1001-2000,南阳,unknown,三线城市
5440,M,70,60+,899,<=1000,大连,unknown,二线城市
5442,M,34,26-35,1699,1001-2000,玉林,unknown,四线城市
5443,M,78,60+,1149,1001-2000,承德,乡村,四线城市
5445,M,28,26-35,2498,2001-4000,深圳,城区,一线城市
5446,M,22,19-25,2499,2001-4000,景德镇,镇区,四线城市
5448,M,31,26-35,1099,1001-2000,黔东南苗族侗族自治州,unknown,四线城市
5449,F,28,26-35,2699,2001-4000,临汾,unknown,四线城市
5450,M,47,46-60,688,<=1000,南宁,城区,二线城市
5453,M,34,26-35,7599,7000+,济南,城区,二线城市
5454,F,30,26-35,2699,2001-4000,天水,城区,五线城市
5456,M,23,19-25,2299,2001-4000,榆林,乡村,四线城市
5458,F,47,46-60,969,<=1000,贵港,unknown,五线城市
5459,M,57,46-60,1899,1001-2000,呼伦贝尔,unknown,五线城市
5460,M,77,60+,999,<=1000,青岛,乡村,新一线城市
5461,M,31,26-35,1199,1001-2000,绍兴,unknown,二线城市
5463,M,68,60+,999,<=1000,衡水,乡村,五线城市
5466,M,30,26-35,1150,1001-2000,信阳,unknown,三线城市
5467,F,26,26-35,3999,2001-4000,苏州,镇区,新一线城市
5469,M,38,36-45,1599,1001-2000,重庆,城区,新一线城市
5472,F,48,46-60,849,<=1000,徐州,unknown,二线城市
5473,M,76,60+,1999,1001-2000,宣城,unknown,四线城市
5478,M,42,36-45,1899,1001-2000,北京,城区,一线城市
5479,M,41,36-45,1759,1001-2000,黔西南布依族苗族自治州,城区,五线城市
5481,M,55,46-60,3498,2001-4000,绥化,unknown,四线城市
5482,F,72,60+,1998,1001-2000,呼和浩特,unknown,三线城市
5484,M,24,19-25,1980,1001-2000,沧州,镇区,三线城市
5485,F,74,60+,2032,2001-4000,保定,unknown,三线城市
5486,M,69,60+,999,<=1000,长春,乡村,二线城市
5487,M,59,46-60,688,<=1000,唐山,乡村,三线城市
5488,M,52,46-60,3299,2001-4000,西宁,unknown,四线城市
5489,M,67,60+,899,<=1000,赣州,unknown,三线城市
5490,M,34,26-35,1499,1001-2000,邯郸,城区,三线城市
5492,F,25,19-25,1580,1001-2000,永州,乡村,四线城市
5493,M,51,46-60,1398,1001-2000,兴安盟,unknown,五线城市
5494,M,35,26-35,1998,1001-2000,辽阳,乡村,五线城市
5495,F,36,36-45,3299,2001-4000,天津,乡村,新一线城市
5496,F,54,46-60,999,<=1000,银川,unknown,三线城市
5497,M,74,60+,999,<=1000,六盘水,unknown,四线城市
5498,F,57,46-60,1068,1001-2000,凉山彝族自治州,乡村,五线城市
5499,M,76,60+,3999,2001-4000,榆林,镇区,四线城市
5501,M,78,60+,1548,1001-2000,聊城,乡村,四线城市
5502,F,50,46-60,5599,4001-7000,四平,unknown,五线城市
5503,M,40,36-45,5999,4001-7000,长春,乡村,二线城市
5504,M,22,19-25,2499,2001-4000,宜春,乡村,四线城市
5505,F,68,60+,2098,2001-4000,济宁,乡村,三线城市
5507,F,40,36-45,1599,1001-2000,金昌,unknown,五线城市
5508,M,75,60+,1199,1001-2000,襄阳,unknown,三线城市
5509,M,68,60+,1398,1001-2000,吉林,镇区,三线城市
5511,M,39,36-45,2199,2001-4000,吉安,城区,四线城市
5512,F,31,26-35,1699,1001-2000,丽水,unknown,三线城市
5514,M,44,36-45,2699,2001-4000,昭通,乡村,五线城市
5515,F,32,26-35,2699,2001-4000,遵义,城区,三线城市
5517,M,28,26-35,1399,1001-2000,通辽,乡村,五线城市
5518,F,27,26-35,2288,2001-4000,玉溪,乡村,五线城市
5520,M,45,36-45,1599,1001-2000,东莞,unknown,新一线城市
5524,M,27,26-35,2999,2001-4000,广州,城区,一线城市
5525,F,34,26-35,585,<=1000,毕节,乡村,四线城市
5527,F,20,19-25,1449,1001-2000,泰安,unknown,三线城市
5528,F,75,60+,1099,1001-2000,邯郸,unknown,三线城市
5530,F,40,36-45,1798,1001-2000,曲靖,镇区,四线城市
5534,F,22,19-25,3548,2001-4000,三明,乡村,三线城市
5535,M,59,46-60,1299,1001-2000,防城港,镇区,五线城市
5536,F,21,19-25,1980,1001-2000,沧州,乡村,三线城市
5538,M,54,46-60,1598,1001-2000,衡水,镇区,五线城市
5539,F,72,60+,2699,2001-4000,常德,镇区,四线城市
5540,M,58,46-60,1199,1001-2000,大连,城区,二线城市
5541,M,73,60+,1399,1001-2000,克拉玛依,unknown,五线城市
5542,F,78,60+,3999,2001-4000,石家庄,城区,二线城市
5543,F,37,36-45,803,<=1000,临沂,乡村,三线城市
5544,M,37,36-45,1199,1001-2000,枣庄,unknown,四线城市
5545,M,28,26-35,999,<=1000,邵阳,unknown,四线城市
5546,F,33,26-35,3399,2001-4000,延边朝鲜族自治州,乡村,四线城市
5547,M,39,36-45,3298,2001-4000,咸宁,unknown,四线城市
5548,M,67,60+,599,<=1000,吕梁,乡村,五线城市
5549,M,23,19-25,1399,1001-2000,鞍山,乡村,三线城市
5551,F,21,19-25,1298,1001-2000,平顶山,乡村,四线城市
5553,M,34,26-35,1899,1001-2000,榆林,镇区,四线城市
5556,F,52,46-60,1198,1001-2000,长春,镇区,二线城市
5557,M,25,19-25,1599,1001-2000,黔东南苗族侗族自治州,unknown,四线城市
5558,M,39,36-45,1099,1001-2000,南宁,城区,二线城市
5559,M,36,36-45,3299,2001-4000,江门,乡村,三线城市
5560,F,26,26-35,1270,1001-2000,天水,乡村,五线城市
5563,M,29,26-35,1899,1001-2000,毕节,乡村,四线城市
5564,M,26,26-35,1898,1001-2000,天水,乡村,五线城市
5565,F,23,19-25,799,<=1000,邯郸,unknown,三线城市
5566,M,66,60+,1999,1001-2000,晋中,unknown,四线城市
5567,M,67,60+,1199,1001-2000,毕节,乡村,四线城市
5570,F,51,46-60,799,<=1000,铁岭,镇区,五线城市
5572,F,28,26-35,5999,4001-7000,三门峡,城区,五线城市
5574,M,77,60+,1999,1001-2000,武汉,unknown,新一线城市
5577,M,75,60+,2000,1001-2000,唐山,镇区,三线城市
5578,F,32,26-35,899,<=1000,昭通,乡村,五线城市
5579,F,51,46-60,799,<=1000,普洱,乡村,五线城市
5580,F,38,36-45,2699,2001-4000,马鞍山,unknown,三线城市
5581,F,31,26-35,848,<=1000,陇南,乡村,五线城市
5582,M,36,36-45,2499,2001-4000,怒江傈僳族自治州,unknown,五线城市
5583,M,37,36-45,3999,2001-4000,贵港,城区,五线城市
5587,F,24,19-25,1599,1001-2000,昭通,镇区,五线城市
5588,F,66,60+,1398,1001-2000,临沂,unknown,三线城市
5589,F,33,26-35,1099,1001-2000,枣庄,乡村,四线城市
5590,M,31,26-35,2399,2001-4000,成都,城区,新一线城市
5591,M,34,26-35,849,<=1000,汉中,unknown,五线城市
5592,M,24,19-25,400,<=1000,和田地区,乡村,五线城市
5594,F,20,19-25,2100,2001-4000,金华,镇区,二线城市
5595,M,35,26-35,2699,2001-4000,金华,乡村,二线城市
5597,M,46,46-60,738,<=1000,秦皇岛,镇区,三线城市
5599,M,61,60+,999,<=1000,凉山彝族自治州,unknown,五线城市
5601,F,55,46-60,999,<=1000,赤峰,unknown,四线城市
5602,F,73,60+,599,<=1000,赣州,乡村,三线城市
5603,M,51,46-60,3498,2001-4000,新乡,unknown,三线城市
5605,F,61,60+,1599,1001-2000,许昌,乡村,四线城市
5606,M,31,26-35,1699,1001-2000,贵港,unknown,五线城市
5607,M,75,60+,2699,2001-4000,梅州,乡村,三线城市
5610,M,37,36-45,3699,2001-4000,衡水,乡村,五线城市
5611,F,34,26-35,899,<=1000,沧州,城区,三线城市
5613,F,40,36-45,3999,2001-4000,海北藏族自治州,乡村,五线城市
5614,F,35,26-35,1068,1001-2000,和田地区,unknown,五线城市
5615,M,30,26-35,1998,1001-2000,荆州,unknown,三线城市
5617,M,21,19-25,649,<=1000,临沂,unknown,三线城市
5619,M,67,60+,759,<=1000,德州,乡村,四线城市
5621,M,69,60+,799,<=1000,呼和浩特,城区,三线城市
5622,F,23,19-25,899,<=1000,郴州,乡村,三线城市
5625,M,43,36-45,3999,2001-4000,天水,城区,五线城市
5626,M,65,60+,1598,1001-2000,崇左,乡村,五线城市
5627,M,63,60+,899,<=1000,甘南藏族自治州,乡村,五线城市
5628,M,27,26-35,1999,1001-2000,苏州,城区,新一线城市
5629,M,52,46-60,1199,1001-2000,东莞,城区,新一线城市
5631,M,30,26-35,1298,1001-2000,温州,unknown,二线城市
5632,F,64,60+,788,<=1000,平凉,unknown,五线城市
5634,F,25,19-25,839,<=1000,上海,城区,一线城市
5637,M,71,60+,599,<=1000,丽江,乡村,四线城市
5638,F,61,60+,1199,1001-2000,东营,unknown,四线城市
5639,F,36,36-45,1398,1001-2000,邯郸,乡村,三线城市
5640,M,22,19-25,1599,1001-2000,滨州,镇区,四线城市
5641,F,57,46-60,1198,1001-2000,邯郸,乡村,三线城市
5642,F,23,19-25,1049,1001-2000,漳州,unknown,三线城市
5645,M,43,36-45,1899,1001-2000,北屯,镇区,五线城市
5646,F,22,19-25,1299,1001-2000,和田地区,乡村,五线城市
5649,M,51,46-60,1599,1001-2000,锦州,unknown,四线城市
5650,F,79,60+,1199,1001-2000,台州,乡村,二线城市
5652,F,54,46-60,1398,1001-2000,鄂尔多斯,unknown,四线城市
5653,M,32,26-35,1580,1001-2000,秦皇岛,unknown,三线城市
5659,M,57,46-60,1899,1001-2000,绥化,unknown,四线城市
5660,M,73,60+,1399,1001-2000,温州,unknown,二线城市
5661,M,35,26-35,1499,1001-2000,贵阳,unknown,二线城市
5662,F,31,26-35,2199,2001-4000,郑州,unknown,新一线城市
5664,M,66,60+,1150,1001-2000,漳州,unknown,三线城市
5666,M,26,26-35,1398,1001-2000,郴州,unknown,三线城市
5667,F,50,46-60,1999,1001-2000,洛阳,乡村,三线城市
5668,F,72,60+,999,<=1000,武汉,镇区,新一线城市
5669,M,79,60+,1398,1001-2000,芜湖,unknown,三线城市
5671,F,40,36-45,2699,2001-4000,濮阳,乡村,五线城市
5672,M,21,19-25,3999,2001-4000,无锡,城区,二线城市
5673,F,37,36-45,2699,2001-4000,长沙,乡村,新一线城市
5674,F,51,46-60,1098,1001-2000,大理白族自治州,乡村,四线城市
5675,M,24,19-25,3799,2001-4000,广州,城区,一线城市
5676,F,34,26-35,1498,1001-2000,沈阳,城区,新一线城市
5678,F,39,36-45,1699,1001-2000,成都,城区,新一线城市
5682,M,29,26-35,1798,1001-2000,阿克苏地区,乡村,五线城市
5683,F,49,46-60,1688,1001-2000,德阳,城区,四线城市
5684,M,37,36-45,1699,1001-2000,杭州,城区,新一线城市
5688,M,57,46-60,2499,2001-4000,南昌,城区,二线城市
5689,M,71,60+,1999,1001-2000,钦州,镇区,五线城市
5690,F,55,46-60,1099,1001-2000,毕节,乡村,四线城市
5691,F,49,46-60,949,<=1000,青岛,unknown,新一线城市
5692,M,62,60+,1798,1001-2000,渭南,乡村,四线城市
5693,M,44,36-45,1299,1001-2000,临沂,乡村,三线城市
5694,M,62,60+,700,<=1000,滨州,unknown,四线城市
5696,M,36,36-45,1999,1001-2000,济宁,unknown,三线城市
5697,M,73,60+,2788,2001-4000,白城,城区,五线城市
5701,F,76,60+,1199,1001-2000,宜昌,乡村,三线城市
5702,F,58,46-60,1398,1001-2000,枣庄,unknown,四线城市
5703,F,31,26-35,1199,1001-2000,韶关,镇区,四线城市
5705,M,25,19-25,1599,1001-2000,台州,城区,二线城市
5707,M,37,36-45,1398,1001-2000,亳州,unknown,五线城市
5708,M,79,60+,1199,1001-2000,沧州,unknown,三线城市
5709,M,31,26-35,2699,2001-4000,玉林,unknown,四线城市
5710,F,53,46-60,1599,1001-2000,哈尔滨,unknown,二线城市
5713,F,44,36-45,2699,2001-4000,成都,unknown,新一线城市
5714,M,28,26-35,2699,2001-4000,东莞,镇区,新一线城市
5717,F,29,26-35,1899,1001-2000,宜宾,乡村,四线城市
5719,M,33,26-35,849,<=1000,徐州,unknown,二线城市
5720,M,29,26-35,1899,1001-2000,北京,城区,一线城市
5722,F,65,60+,1789,1001-2000,济宁,乡村,三线城市
5727,F,50,46-60,2100,2001-4000,淄博,城区,三线城市
5728,M,39,36-45,1129,1001-2000,鞍山,乡村,三线城市
5729,M,76,60+,1399,1001-2000,青岛,乡村,新一线城市
5732,M,22,19-25,3996,2001-4000,南宁,乡村,二线城市
5733,M,65,60+,1139,1001-2000,儋州,unknown,五线城市
5734,F,30,26-35,3999,2001-4000,沈阳,城区,新一线城市
5736,F,37,36-45,2699,2001-4000,嘉兴,unknown,二线城市
5738,M,28,26-35,1250,1001-2000,毕节,乡村,四线城市
5739,F,39,36-45,1199,1001-2000,黔南布依族苗族自治州,unknown,四线城市
5740,M,79,60+,1548,1001-2000,大庆,unknown,三线城市
5742,M,34,26-35,999,<=1000,吕梁,乡村,五线城市
5744,M,26,26-35,2499,2001-4000,黔东南苗族侗族自治州,乡村,四线城市
5745,F,58,46-60,899,<=1000,济宁,乡村,三线城市
5749,M,34,26-35,2699,2001-4000,石家庄,unknown,二线城市
5750,M,38,36-45,1498,1001-2000,马鞍山,乡村,三线城市
5752,F,36,36-45,1299,1001-2000,邯郸,unknown,三线城市
5754,M,20,19-25,1699,1001-2000,保亭黎族苗族自治县,乡村,五线城市
5755,M,75,60+,2299,2001-4000,保定,unknown,三线城市
5757,F,23,19-25,848,<=1000,周口,乡村,四线城市
5758,M,65,60+,899,<=1000,甘南藏族自治州,乡村,五线城市
5759,M,36,36-45,1429,1001-2000,石家庄,城区,二线城市
5760,M,23,19-25,2199,2001-4000,徐州,unknown,二线城市
5761,M,51,46-60,1699,1001-2000,辽阳,乡村,五线城市
5762,F,42,36-45,1150,1001-2000,娄底,乡村,四线城市
5763,M,70,60+,1799,1001-2000,毕节,unknown,四线城市
5764,M,41,36-45,3299,2001-4000,伊犁哈萨克自治州,unknown,五线城市
5765,M,33,26-35,1129,1001-2000,巴中,乡村,五线城市
5766,M,38,36-45,2399,2001-4000,贵阳,乡村,二线城市
5767,F,75,60+,1999,1001-2000,保定,unknown,三线城市
5768,F,38,36-45,2399,2001-4000,南阳,unknown,三线城市
5769,M,63,60+,899,<=1000,贵阳,unknown,二线城市
5771,F,58,46-60,938,<=1000,甘孜藏族自治州,乡村,五线城市
5772,M,32,26-35,1998,1001-2000,贵阳,镇区,二线城市
5773,M,46,46-60,599,<=1000,驻马店,乡村,四线城市
5774,F,54,46-60,1499,1001-2000,毕节,unknown,四线城市
5775,M,26,26-35,1998,1001-2000,沧州,乡村,三线城市
5777,M,55,46-60,930,<=1000,潍坊,城区,三线城市
5778,M,33,26-35,1688,1001-2000,烟台,乡村,二线城市
5779,F,34,26-35,2499,2001-4000,聊城,乡村,四线城市
5780,F,30,26-35,2499,2001-4000,江门,乡村,三线城市
5781,F,76,60+,1398,1001-2000,张掖,unknown,五线城市
5782,M,31,26-35,1899,1001-2000,武汉,unknown,新一线城市
5783,F,45,36-45,849,<=1000,徐州,unknown,二线城市
5784,M,23,19-25,2598,2001-4000,承德,乡村,四线城市
5786,F,32,26-35,1399,1001-2000,天津,乡村,新一线城市
5788,M,69,60+,1199,1001-2000,邢台,unknown,四线城市
5791,M,74,60+,1199,1001-2000,北海,乡村,四线城市
5792,M,33,26-35,659,<=1000,黔西南布依族苗族自治州,乡村,五线城市
5795,M,51,46-60,1498,1001-2000,邯郸,乡村,三线城市
5796,F,47,46-60,1399,1001-2000,天水,城区,五线城市
5798,M,46,46-60,1199,1001-2000,绥化,乡村,四线城市
5799,M,56,46-60,3999,2001-4000,贺州,乡村,五线城市
5801,M,55,46-60,1068,1001-2000,海东,乡村,五线城市
5802,F,20,19-25,1699,1001-2000,南宁,乡村,二线城市
5805,M,45,36-45,2299,2001-4000,济南,unknown,二线城市
5806,M,49,46-60,599,<=1000,福州,城区,二线城市
5808,M,70,60+,1299,1001-2000,大同,unknown,四线城市
5810,F,46,46-60,2399,2001-4000,凉山彝族自治州,unknown,五线城市
5813,F,23,19-25,1068,1001-2000,乌鲁木齐,城区,三线城市
5815,M,71,60+,999,<=1000,石家庄,unknown,二线城市
5816,M,23,19-25,1199,1001-2000,曲靖,城区,四线城市
5817,M,31,26-35,2299,2001-4000,柳州,乡村,三线城市
5818,F,42,36-45,899,<=1000,邯郸,乡村,三线城市
5819,F,22,19-25,999,<=1000,平顶山,乡村,四线城市
5820,F,62,60+,2399,2001-4000,石河子,unknown,五线城市
5821,M,27,26-35,2399,2001-4000,永州,城区,四线城市
5822,M,39,36-45,1189,1001-2000,连云港,城区,三线城市
5823,F,53,46-60,999,<=1000,荆门,unknown,五线城市
5824,F,21,19-25,5999,4001-7000,沧州,镇区,三线城市
5826,M,47,46-60,1199,1001-2000,黔南布依族苗族自治州,乡村,四线城市
5832,M,33,26-35,1299,1001-2000,惠州,unknown,二线城市
5833,F,38,36-45,2298,2001-4000,呼和浩特,unknown,三线城市
5834,M,60,46-60,1149,1001-2000,临沧,unknown,五线城市
5835,F,68,60+,1548,1001-2000,红河哈尼族彝族自治州,乡村,四线城市
5836,M,36,36-45,2299,2001-4000,来宾,城区,五线城市
5838,F,76,60+,1199,1001-2000,深圳,城区,一线城市
5839,F,36,36-45,1099,1001-2000,丽江,乡村,四线城市
5841,F,28,26-35,1548,1001-2000,阿克苏地区,乡村,五线城市
5842,M,25,19-25,2299,2001-4000,广州,镇区,一线城市
5843,M,22,19-25,2699,2001-4000,武汉,城区,新一线城市
5844,F,44,36-45,1129,1001-2000,朝阳,乡村,五线城市
5846,M,78,60+,1299,1001-2000,兰州,镇区,二线城市
5847,M,40,36-45,2359,2001-4000,牡丹江,城区,四线城市
5848,F,36,36-45,1299,1001-2000,益阳,乡村,四线城市
5849,M,59,46-60,1449,1001-2000,张家口,乡村,四线城市
5851,M,36,36-45,1299,1001-2000,昌吉回族自治州,乡村,五线城市
5852,F,38,36-45,899,<=1000,郑州,unknown,新一线城市
5854,F,39,36-45,699,<=1000,永州,乡村,四线城市
5856,F,22,19-25,400,<=1000,自贡,乡村,五线城市
5857,F,23,19-25,6222,4001-7000,松原,镇区,五线城市
5858,F,77,60+,1798,1001-2000,沧州,乡村,三线城市
5859,F,37,36-45,1699,1001-2000,广州,unknown,一线城市
5861,M,75,60+,1599,1001-2000,东营,unknown,四线城市
5862,F,26,26-35,4899,4001-7000,哈尔滨,乡村,二线城市
5864,F,23,19-25,1899,1001-2000,温州,unknown,二线城市
5866,M,68,60+,2100,2001-4000,大庆,城区,三线城市
5869,F,55,46-60,899,<=1000,周口,乡村,四线城市
5870,M,35,26-35,1399,1001-2000,烟台,镇区,二线城市
5872,F,23,19-25,2499,2001-4000,上海,城区,一线城市
5874,M,76,60+,1599,1001-2000,海东,乡村,五线城市
5875,F,22,19-25,6222,4001-7000,温州,unknown,二线城市
5877,F,21,19-25,5999,4001-7000,海南藏族自治州,unknown,五线城市
5878,F,20,19-25,1299,1001-2000,伊犁哈萨克自治州,unknown,五线城市
5879,M,34,26-35,2699,2001-4000,杭州,城区,新一线城市
5880,M,78,60+,1299,1001-2000,濮阳,unknown,五线城市
5881,M,39,36-45,1548,1001-2000,阿拉善盟,乡村,五线城市
5882,M,27,26-35,999,<=1000,海西蒙古族藏族自治州,城区,五线城市
5883,F,22,19-25,399,<=1000,台州,城区,二线城市
5885,M,60,46-60,1099,1001-2000,西安,城区,新一线城市
5888,M,57,46-60,1798,1001-2000,驻马店,镇区,四线城市
5889,M,42,36-45,899,<=1000,柳州,镇区,三线城市
5892,M,56,46-60,1199,1001-2000,凉山彝族自治州,乡村,五线城市
5896,M,58,46-60,1699,1001-2000,四平,unknown,五线城市
5897,M,66,60+,928,<=1000,吴忠,乡村,五线城市
5898,F,57,46-60,1699,1001-2000,遵义,城区,三线城市
5901,M,76,60+,2199,2001-4000,曲靖,unknown,四线城市
5905,M,79,60+,999,<=1000,保定,unknown,三线城市
5906,F,20,19-25,1599,1001-2000,衡阳,unknown,三线城市
5909,F,57,46-60,1199,1001-2000,沈阳,城区,新一线城市
5910,M,21,19-25,1798,1001-2000,南平,乡村,三线城市
5912,M,65,60+,2299,2001-4000,朝阳,乡村,五线城市
5913,M,69,60+,899,<=1000,玉林,乡村,四线城市
5914,M,57,46-60,2499,2001-4000,运城,镇区,四线城市
5915,M,34,26-35,1499,1001-2000,海南藏族自治州,乡村,五线城市
5916,M,33,26-35,1348,1001-2000,海口,城区,二线城市
5917,M,61,60+,1789,1001-2000,青岛,unknown,新一线城市
5918,M,32,26-35,3599,2001-4000,大理白族自治州,乡村,四线城市
5919,M,38,36-45,1498,1001-2000,河源,城区,四线城市
5922,F,61,60+,1120,1001-2000,漳州,城区,三线城市
5923,F,75,60+,999,<=1000,平凉,unknown,五线城市
5924,M,23,19-25,1999,1001-2000,荆门,城区,五线城市
5926,M,51,46-60,1129,1001-2000,绵阳,乡村,三线城市
5927,M,23,19-25,3548,2001-4000,深圳,城区,一线城市
5928,M,52,46-60,1599,1001-2000,南京,城区,新一线城市
5930,M,52,46-60,999,<=1000,北京,乡村,一线城市
5932,F,27,26-35,1099,1001-2000,遵义,乡村,三线城市
5933,M,50,46-60,1398,1001-2000,包头,unknown,三线城市
5936,F,34,26-35,1150,1001-2000,桂林,unknown,三线城市
5937,M,32,26-35,4999,4001-7000,东莞,unknown,新一线城市
5938,M,37,36-45,1599,1001-2000,红河哈尼族彝族自治州,unknown,四线城市
5939,M,32,26-35,599,<=1000,齐齐哈尔,城区,四线城市
5940,F,44,36-45,1699,1001-2000,赣州,unknown,三线城市
5941,M,32,26-35,1398,1001-2000,商丘,乡村,三线城市
5942,M,73,60+,3999,2001-4000,阜阳,乡村,三线城市
5943,F,33,26-35,1599,1001-2000,德州,unknown,四线城市
5944,F,66,60+,2699,2001-4000,哈尔滨,乡村,二线城市
5945,F,21,19-25,2598,2001-4000,阿克苏地区,unknown,五线城市
5946,M,24,19-25,1198,1001-2000,青岛,城区,新一线城市
5947,F,52,46-60,999,<=1000,长春,乡村,二线城市
5948,F,68,60+,999,<=1000,青岛,城区,新一线城市
5949,M,71,60+,1548,1001-2000,荆门,乡村,五线城市
5953,M,49,46-60,1999,1001-2000,鸡西,城区,五线城市
5954,F,77,60+,999,<=1000,盘锦,unknown,四线城市
5956,M,50,46-60,928,<=1000,邢台,unknown,四线城市
5957,M,58,46-60,1699,1001-2000,松原,城区,五线城市
5959,F,62,60+,1898,1001-2000,新余,城区,五线城市
5960,F,64,60+,759,<=1000,湛江,乡村,三线城市
5962,M,40,36-45,2100,2001-4000,辽阳,乡村,五线城市
5963,M,48,46-60,3699,2001-4000,北京,镇区,一线城市
5964,M,71,60+,738,<=1000,朝阳,乡村,五线城市
5965,M,61,60+,1099,1001-2000,武汉,乡村,新一线城市
5966,M,45,36-45,5488,4001-7000,济南,unknown,二线城市
5967,F,33,26-35,1798,1001-2000,普洱,乡村,五线城市
5968,F,61,60+,899,<=1000,包头,unknown,三线城市
5969,M,50,46-60,1199,1001-2000,淄博,unknown,三线城市
5970,M,74,60+,999,<=1000,通化,unknown,五线城市
5975,F,40,36-45,1068,1001-2000,东莞,镇区,新一线城市
5976,M,55,46-60,999,<=1000,锡林郭勒盟,unknown,五线城市
5977,M,22,19-25,6499,4001-7000,呼和浩特,乡村,三线城市
5978,F,22,19-25,1499,1001-2000,延边朝鲜族自治州,镇区,四线城市
5979,F,65,60+,1399,1001-2000,毕节,乡村,四线城市
5980,M,65,60+,3698,2001-4000,临沂,unknown,三线城市
5982,M,55,46-60,1198,1001-2000,潍坊,乡村,三线城市
5983,F,33,26-35,2199,2001-4000,驻马店,unknown,四线城市
5986,M,65,60+,1199,1001-2000,贵港,乡村,五线城市
5989,M,76,60+,2788,2001-4000,佳木斯,unknown,四线城市
5990,M,22,19-25,2699,2001-4000,廊坊,镇区,三线城市
5991,M,39,36-45,2288,2001-4000,梧州,城区,四线城市
5992,F,61,60+,1398,1001-2000,哈尔滨,乡村,二线城市
5993,F,34,26-35,3180,2001-4000,营口,乡村,四线城市
5995,M,38,36-45,1999,1001-2000,邢台,unknown,四线城市
5996,M,32,26-35,3548,2001-4000,无锡,城区,二线城市
5997,M,63,60+,799,<=1000,武汉,城区,新一线城市
5998,F,22,19-25,1299,1001-2000,德宏傣族景颇族自治州,unknown,四线城市
5999,F,24,19-25,1399,1001-2000,长治,乡村,五线城市
6000,M,59,46-60,999,<=1000,长沙,unknown,新一线城市
6001,F,34,26-35,1399,1001-2000,毕节,乡村,四线城市
6002,M,24,19-25,3799,2001-4000,毕节,乡村,四线城市
6009,F,50,46-60,1400,1001-2000,绥化,乡村,四线城市
6013,M,39,36-45,1149,1001-2000,贵阳,unknown,二线城市
6014,M,78,60+,799,<=1000,忻州,乡村,五线城市
6018,F,40,36-45,1699,1001-2000,玉林,乡村,四线城市
6020,F,45,36-45,1599,1001-2000,铜川,乡村,五线城市
6021,M,53,46-60,1899,1001-2000,嘉兴,城区,二线城市
6022,M,60,46-60,1599,1001-2000,济南,unknown,二线城市
6023,M,64,60+,1999,1001-2000,南昌,城区,二线城市
6026,M,57,46-60,1599,1001-2000,普洱,乡村,五线城市
6027,M,57,46-60,799,<=1000,呼伦贝尔,城区,五线城市
6028,F,34,26-35,799,<=1000,上饶,镇区,三线城市
6032,F,39,36-45,2699,2001-4000,贵阳,城区,二线城市
6033,M,72,60+,1199,1001-2000,安阳,unknown,四线城市
6034,F,32,26-35,1149,1001-2000,河池,unknown,五线城市
6035,M,74,60+,1199,1001-2000,聊城,城区,四线城市
6036,M,31,26-35,2999,2001-4000,济南,乡村,二线城市
6039,M,59,46-60,1399,1001-2000,安庆,乡村,三线城市
6040,M,50,46-60,1398,1001-2000,泰安,unknown,三线城市
6041,F,46,46-60,1199,1001-2000,赣州,镇区,三线城市
6042,M,74,60+,1598,1001-2000,兴安盟,镇区,五线城市
6045,M,79,60+,999,<=1000,哈尔滨,城区,二线城市
6046,M,25,19-25,2199,2001-4000,沧州,镇区,三线城市
6047,M,65,60+,1398,1001-2000,兰州,unknown,二线城市
6051,M,53,46-60,1999,1001-2000,毕节,镇区,四线城市
6052,M,22,19-25,1398,1001-2000,文山壮族苗族自治州,乡村,五线城市
6053,M,40,36-45,1899,1001-2000,宜春,unknown,四线城市
6055,M,26,26-35,1799,1001-2000,佳木斯,乡村,四线城市
6058,M,20,19-25,1999,1001-2000,曲靖,城区,四线城市
6061,M,50,46-60,1699,1001-2000,商丘,乡村,三线城市
6062,M,43,36-45,1149,1001-2000,清远,乡村,三线城市
6063,M,50,46-60,568,<=1000,凉山彝族自治州,乡村,五线城市
6064,F,26,26-35,1898,1001-2000,湛江,乡村,三线城市
6066,M,71,60+,2499,2001-4000,济宁,unknown,三线城市
6067,F,37,36-45,1198,1001-2000,安阳,乡村,四线城市
6068,F,32,26-35,3999,2001-4000,平顶山,城区,四线城市
6073,F,75,60+,1998,1001-2000,营口,unknown,四线城市
6077,F,47,46-60,1789,1001-2000,遂宁,unknown,五线城市
6078,M,54,46-60,899,<=1000,通辽,unknown,五线城市
6079,M,51,46-60,2099,2001-4000,吉林,unknown,三线城市
6081,M,58,46-60,999,<=1000,呼和浩特,unknown,三线城市
6082,M,31,26-35,1299,1001-2000,商丘,unknown,三线城市
6084,M,33,26-35,3999,2001-4000,兴安盟,镇区,五线城市
6085,F,40,36-45,2699,2001-4000,石家庄,城区,二线城市
6086,M,68,60+,1198,1001-2000,南通,镇区,二线城市
6087,M,23,19-25,2999,2001-4000,邵阳,镇区,四线城市
6088,M,58,46-60,1299,1001-2000,南京,城区,新一线城市
6089,M,57,46-60,1399,1001-2000,吉林,乡村,三线城市
6091,M,34,26-35,1899,1001-2000,东莞,镇区,新一线城市
6092,M,32,26-35,1498,1001-2000,唐山,乡村,三线城市
6093,M,63,60+,799,<=1000,济南,城区,二线城市
6094,F,52,46-60,901,<=1000,芜湖,unknown,三线城市
6095,M,35,26-35,2399,2001-4000,海口,城区,二线城市
6096,M,51,46-60,1449,1001-2000,通辽,unknown,五线城市
6097,M,58,46-60,1699,1001-2000,潍坊,unknown,三线城市
6098,M,71,60+,1699,1001-2000,南京,unknown,新一线城市
6100,M,61,60+,1299,1001-2000,北京,unknown,一线城市
6102,F,71,60+,899,<=1000,定西,乡村,五线城市
6104,F,45,36-45,2969,2001-4000,潍坊,unknown,三线城市
6105,M,23,19-25,2099,2001-4000,天津,城区,新一线城市
6109,F,51,46-60,1199,1001-2000,北京,unknown,一线城市
6110,M,71,60+,1688,1001-2000,朝阳,城区,五线城市
6113,M,62,60+,1199,1001-2000,沧州,乡村,三线城市
6114,M,47,46-60,999,<=1000,泉州,unknown,二线城市
6115,M,24,19-25,2199,2001-4000,和田地区,unknown,五线城市
6117,M,52,46-60,1999,1001-2000,韶关,镇区,四线城市
6119,M,57,46-60,1688,1001-2000,延安,unknown,五线城市
6120,F,33,26-35,849,<=1000,徐州,unknown,二线城市
6121,M,67,60+,1789,1001-2000,武威,unknown,五线城市
6122,M,72,60+,991,<=1000,辽源,乡村,五线城市
6123,M,52,46-60,2499,2001-4000,百色,镇区,四线城市
6124,F,77,60+,2499,2001-4000,西宁,unknown,四线城市
6126,F,39,36-45,6499,4001-7000,宣城,城区,四线城市
6128,F,51,46-60,899,<=1000,天津,unknown,新一线城市
6130,M,75,60+,899,<=1000,鞍山,乡村,三线城市
6131,F,63,60+,2699,2001-4000,唐山,镇区,三线城市
6133,M,75,60+,1348,1001-2000,定西,乡村,五线城市
6135,M,79,60+,899,<=1000,邯郸,unknown,三线城市
6136,M,28,26-35,2999,2001-4000,天水,乡村,五线城市
6137,F,68,60+,1200,1001-2000,广元,乡村,五线城市
6140,F,34,26-35,999,<=1000,临沧,乡村,五线城市
6141,M,24,19-25,1099,1001-2000,丽江,乡村,四线城市
6144,F,76,60+,1789,1001-2000,辽阳,unknown,五线城市
6145,F,46,46-60,1399,1001-2000,阜新,乡村,五线城市
6148,M,39,36-45,1189,1001-2000,桂林,乡村,三线城市
6151,F,60,46-60,1899,1001-2000,石家庄,unknown,二线城市
6152,M,41,36-45,2299,2001-4000,西宁,乡村,四线城市
6153,M,37,36-45,2598,2001-4000,昌吉回族自治州,城区,五线城市
6154,M,45,36-45,1298,1001-2000,德州,镇区,四线城市
6155,F,69,60+,1199,1001-2000,重庆,乡村,新一线城市
6157,M,66,60+,499,<=1000,惠州,城区,二线城市
6158,M,51,46-60,2698,2001-4000,临沂,乡村,三线城市
6159,M,51,46-60,1599,1001-2000,葫芦岛,乡村,五线城市
6160,F,59,46-60,1298,1001-2000,朔州,乡村,五线城市
6163,M,72,60+,1299,1001-2000,三门峡,乡村,五线城市
6164,M,30,26-35,2399,2001-4000,台州,unknown,二线城市
6165,F,22,19-25,1399,1001-2000,日照,乡村,四线城市
6166,M,36,36-45,2000,1001-2000,张家口,unknown,四线城市
6167,M,50,46-60,1099,1001-2000,天水,乡村,五线城市
6170,F,31,26-35,1999,1001-2000,连云港,乡村,三线城市
6171,M,44,36-45,568,<=1000,成都,城区,新一线城市
6172,M,20,19-25,1458,1001-2000,吐鲁番,城区,五线城市
6174,M,57,46-60,799,<=1000,遵义,乡村,三线城市
6179,F,22,19-25,1789,1001-2000,定西,乡村,五线城市
6181,F,42,36-45,1999,1001-2000,运城,城区,四线城市
6182,F,40,36-45,2399,2001-4000,梧州,乡村,四线城市
6191,M,79,60+,1599,1001-2000,咸阳,乡村,三线城市
6192,M,21,19-25,3548,2001-4000,临高,unknown,五线城市
6193,F,57,46-60,1699,1001-2000,赤峰,城区,四线城市
6194,M,56,46-60,899,<=1000,湖州,unknown,三线城市
6195,F,21,19-25,1998,1001-2000,喀什地区,乡村,五线城市
6197,F,37,36-45,3548,2001-4000,大连,乡村,二线城市
6198,M,32,26-35,695,<=1000,石家庄,unknown,二线城市
6199,M,35,26-35,1999,1001-2000,百色,乡村,四线城市
6200,M,45,36-45,2699,2001-4000,阿克苏地区,unknown,五线城市
6202,M,42,36-45,1699,1001-2000,南平,乡村,三线城市
6203,M,36,36-45,1799,1001-2000,柳州,乡村,三线城市
6204,F,23,19-25,3999,2001-4000,佛山,城区,二线城市
6205,M,69,60+,1299,1001-2000,常州,unknown,二线城市
6206,M,33,26-35,1099,1001-2000,岳阳,乡村,三线城市
6209,M,77,60+,1899,1001-2000,庆阳,城区,五线城市
6210,M,30,26-35,3599,2001-4000,金华,城区,二线城市
6211,M,24,19-25,6222,4001-7000,上海,unknown,一线城市
6213,F,52,46-60,1899,1001-2000,哈尔滨,乡村,二线城市
6214,M,60,46-60,1898,1001-2000,邢台,乡村,四线城市
6217,M,44,36-45,3999,2001-4000,成都,城区,新一线城市
6219,F,22,19-25,1398,1001-2000,长沙,乡村,新一线城市
6221,M,37,36-45,3298,2001-4000,喀什地区,乡村,五线城市
6224,F,49,46-60,1399,1001-2000,青岛,城区,新一线城市
6225,F,21,19-25,1299,1001-2000,成都,镇区,新一线城市
6226,M,60,46-60,1699,1001-2000,石家庄,乡村,二线城市
6227,M,23,19-25,6222,4001-7000,淮北,镇区,五线城市
6228,M,33,26-35,5599,4001-7000,佛山,城区,二线城市
6229,M,28,26-35,3299,2001-4000,西安,乡村,新一线城市
6231,F,23,19-25,1099,1001-2000,楚雄彝族自治州,乡村,五线城市
6232,M,36,36-45,1399,1001-2000,毕节,乡村,四线城市
6234,M,36,36-45,1099,1001-2000,无锡,unknown,二线城市
6235,M,68,60+,1150,1001-2000,日照,镇区,四线城市
6236,F,22,19-25,1789,1001-2000,扬州,城区,二线城市
6237,M,20,19-25,1498,1001-2000,宜春,unknown,四线城市
6241,M,76,60+,1299,1001-2000,临沧,镇区,五线城市
6242,F,49,46-60,1699,1001-2000,东莞,unknown,新一线城市
6244,M,27,26-35,2299,2001-4000,泉州,乡村,二线城市
6245,M,34,26-35,1688,1001-2000,天津,城区,新一线城市
6246,F,78,60+,699,<=1000,苏州,城区,新一线城市
6249,F,21,19-25,1599,1001-2000,喀什地区,镇区,五线城市
6250,M,22,19-25,9299,7000+,广州,乡村,一线城市
6251,M,79,60+,999,<=1000,潍坊,unknown,三线城市
6252,F,39,36-45,1199,1001-2000,咸宁,乡村,四线城市
6253,M,53,46-60,400,<=1000,大同,乡村,四线城市
6258,M,39,36-45,7999,7000+,鞍山,乡村,三线城市
6261,M,55,46-60,648,<=1000,达州,城区,五线城市
6262,F,56,46-60,599,<=1000,朝阳,乡村,五线城市
6263,F,23,19-25,2299,2001-4000,儋州,镇区,五线城市
6264,M,62,60+,1199,1001-2000,唐山,unknown,三线城市
6265,M,37,36-45,1898,1001-2000,四平,乡村,五线城市
6266,M,32,26-35,3498,2001-4000,保定,unknown,三线城市
6268,M,27,26-35,5599,4001-7000,拉萨,unknown,四线城市
6269,M,57,46-60,1798,1001-2000,北京,unknown,一线城市
6272,M,53,46-60,3999,2001-4000,宁德,乡村,三线城市
6273,M,25,19-25,2999,2001-4000,乐东黎族自治县,乡村,五线城市
6274,M,51,46-60,1149,1001-2000,济南,城区,二线城市
6275,M,74,60+,1149,1001-2000,唐山,unknown,三线城市
6276,M,37,36-45,1999,1001-2000,长春,乡村,二线城市
6280,M,53,46-60,4999,4001-7000,无锡,城区,二线城市
6281,M,22,19-25,1548,1001-2000,鄂尔多斯,乡村,四线城市
6282,F,43,36-45,3399,2001-4000,四平,unknown,五线城市
6285,M,71,60+,1799,1001-2000,洛阳,乡村,三线城市
6291,M,30,26-35,599,<=1000,朔州,unknown,五线城市
6293,M,67,60+,1898,1001-2000,白城,乡村,五线城市
6294,M,48,46-60,3488,2001-4000,武威,unknown,五线城市
6295,M,50,46-60,2299,2001-4000,无锡,unknown,二线城市
6297,M,45,36-45,1399,1001-2000,辽阳,unknown,五线城市
6298,M,20,19-25,3599,2001-4000,邯郸,乡村,三线城市
6299,M,32,26-35,2299,2001-4000,黔南布依族苗族自治州,unknown,四线城市
6301,M,44,36-45,1199,1001-2000,贵港,乡村,五线城市
6303,M,74,60+,1299,1001-2000,恩施土家族苗族自治州,乡村,四线城市
6305,F,20,19-25,1089,1001-2000,巴中,乡村,五线城市
6306,M,40,36-45,1599,1001-2000,沧州,城区,三线城市
6307,M,49,46-60,2399,2001-4000,普洱,乡村,五线城市
6308,F,67,60+,1099,1001-2000,营口,城区,四线城市
6310,F,21,19-25,1498,1001-2000,钦州,乡村,五线城市
6311,M,53,46-60,788,<=1000,丹东,unknown,四线城市
6312,M,52,46-60,1398,1001-2000,郴州,乡村,三线城市
6313,M,43,36-45,1399,1001-2000,广州,unknown,一线城市
6315,M,38,36-45,799,<=1000,福州,unknown,二线城市
6317,F,61,60+,17299,7000+,石家庄,乡村,二线城市
6318,F,31,26-35,1688,1001-2000,长春,镇区,二线城市
6319,M,34,26-35,1999,1001-2000,新乡,unknown,三线城市
6320,F,68,60+,799,<=1000,大连,城区,二线城市
6321,F,28,26-35,1199,1001-2000,合肥,城区,二线城市
6322,F,37,36-45,3200,2001-4000,西安,城区,新一线城市
6327,M,37,36-45,988,<=1000,玉林,城区,四线城市
6328,M,59,46-60,899,<=1000,阳泉,乡村,五线城市
6329,M,79,60+,848,<=1000,聊城,乡村,四线城市
6330,F,52,46-60,3999,2001-4000,漳州,unknown,三线城市
6331,F,24,19-25,1068,1001-2000,桂林,镇区,三线城市
6335,M,76,60+,1299,1001-2000,台州,unknown,二线城市
6336,F,43,36-45,4899,4001-7000,黔东南苗族侗族自治州,镇区,四线城市
6337,M,22,19-25,1398,1001-2000,东莞,镇区,新一线城市
6338,M,34,26-35,6222,4001-7000,广州,城区,一线城市
6340,F,50,46-60,1398,1001-2000,保定,城区,三线城市
6341,M,59,46-60,3999,2001-4000,鄂州,镇区,五线城市
6343,M,69,60+,1899,1001-2000,沈阳,城区,新一线城市
6346,F,52,46-60,1099,1001-2000,石家庄,unknown,二线城市
6347,M,58,46-60,599,<=1000,平凉,乡村,五线城市
6351,M,55,46-60,2699,2001-4000,廊坊,unknown,三线城市
6352,M,35,26-35,899,<=1000,铜仁,乡村,四线城市
6354,M,64,60+,5998,4001-7000,北京,unknown,一线城市
6355,M,32,26-35,1799,1001-2000,济宁,unknown,三线城市
6356,M,24,19-25,4999,4001-7000,临沂,镇区,三线城市
6357,M,25,19-25,2499,2001-4000,周口,unknown,四线城市
6358,M,22,19-25,1798,1001-2000,沧州,城区,三线城市
6360,M,33,26-35,1599,1001-2000,玉林,乡村,四线城市
6362,M,36,36-45,4999,4001-7000,泰州,城区,三线城市
6363,F,79,60+,2199,2001-4000,惠州,乡村,二线城市
6364,M,53,46-60,1899,1001-2000,莆田,城区,三线城市
6365,M,32,26-35,1699,1001-2000,济南,乡村,二线城市
6369,M,65,60+,599,<=1000,苏州,城区,新一线城市
6370,F,22,19-25,1498,1001-2000,深圳,城区,一线城市
6373,M,28,26-35,3499,2001-4000,林芝,乡村,五线城市
6374,F,56,46-60,788,<=1000,吕梁,unknown,五线城市
6375,F,55,46-60,1099,1001-2000,榆林,乡村,四线城市
6376,F,20,19-25,999,<=1000,抚州,乡村,四线城市
6377,F,60,46-60,899,<=1000,哈尔滨,乡村,二线城市
6378,F,43,36-45,799,<=1000,平凉,乡村,五线城市
6379,F,63,60+,1999,1001-2000,衡水,镇区,五线城市
6381,M,28,26-35,2969,2001-4000,成都,unknown,新一线城市
6383,F,49,46-60,1399,1001-2000,呼伦贝尔,unknown,五线城市
6384,F,45,36-45,1299,1001-2000,沈阳,城区,新一线城市
6386,M,59,46-60,2288,2001-4000,张家口,unknown,四线城市
6390,F,21,19-25,999,<=1000,泸州,乡村,四线城市
6392,F,62,60+,1599,1001-2000,齐齐哈尔,unknown,四线城市
6396,F,22,19-25,1498,1001-2000,邯郸,unknown,三线城市
6397,F,38,36-45,3199,2001-4000,周口,乡村,四线城市
6398,M,51,46-60,1098,1001-2000,商丘,乡村,三线城市
6399,F,21,19-25,1580,1001-2000,肇庆,乡村,三线城市
6400,M,69,60+,2399,2001-4000,沧州,乡村,三线城市
6401,M,53,46-60,1899,1001-2000,石家庄,城区,二线城市
6405,F,26,26-35,1398,1001-2000,保山,乡村,四线城市
6406,F,23,19-25,1099,1001-2000,金华,unknown,二线城市
6409,F,39,36-45,5999,4001-7000,唐山,unknown,三线城市
6411,M,79,60+,3199,2001-4000,大同,unknown,四线城市
6414,M,32,26-35,1898,1001-2000,松原,unknown,五线城市
6416,M,48,46-60,1999,1001-2000,宜宾,unknown,四线城市
6418,M,57,46-60,1699,1001-2000,四平,unknown,五线城市
6421,M,30,26-35,1398,1001-2000,兴安盟,乡村,五线城市
6426,M,70,60+,1398,1001-2000,廊坊,unknown,三线城市
6427,M,55,46-60,901,<=1000,菏泽,乡村,四线城市
6428,M,55,46-60,400,<=1000,乌兰察布,乡村,五线城市
6429,M,67,60+,1998,1001-2000,哈尔滨,城区,二线城市
6430,M,57,46-60,1299,1001-2000,宜春,镇区,四线城市
6431,F,26,26-35,2000,1001-2000,定西,unknown,五线城市
6432,M,45,36-45,1998,1001-2000,赤峰,乡村,四线城市
6433,M,76,60+,799,<=1000,大同,unknown,四线城市
6436,M,71,60+,1998,1001-2000,石嘴山,unknown,五线城市
6437,M,68,60+,2288,2001-4000,固原,unknown,五线城市
6438,M,26,26-35,4699,4001-7000,遵义,unknown,三线城市
6439,M,26,26-35,1699,1001-2000,中山,镇区,二线城市
6441,F,61,60+,1199,1001-2000,菏泽,unknown,四线城市
6445,F,58,46-60,2288,2001-4000,菏泽,unknown,四线城市
6446,M,52,46-60,999,<=1000,吉安,城区,四线城市
6447,F,74,60+,1699,1001-2000,沈阳,unknown,新一线城市
6449,F,27,26-35,1498,1001-2000,上饶,unknown,三线城市
6451,F,37,36-45,3498,2001-4000,包头,unknown,三线城市
6452,F,32,26-35,2100,2001-4000,周口,城区,四线城市
6454,M,36,36-45,1199,1001-2000,临沂,unknown,三线城市
6455,M,57,46-60,3488,2001-4000,深圳,unknown,一线城市
6456,M,54,46-60,1199,1001-2000,呼和浩特,unknown,三线城市
6457,F,52,46-60,999,<=1000,南平,unknown,三线城市
6458,M,31,26-35,9299,7000+,加古川,unknown,unknown
6460,M,61,60+,1198,1001-2000,铁岭,乡村,五线城市
6461,M,72,60+,1798,1001-2000,新乡,unknown,三线城市
6462,M,39,36-45,2149,2001-4000,衡水,乡村,五线城市
6463,M,64,60+,999,<=1000,临沂,unknown,三线城市
6464,M,20,19-25,1798,1001-2000,徐州,unknown,二线城市
6467,F,71,60+,3498,2001-4000,齐齐哈尔,乡村,四线城市
6470,M,77,60+,1699,1001-2000,怀化,unknown,四线城市
6471,F,40,36-45,1999,1001-2000,百色,unknown,四线城市
6472,M,68,60+,4998,4001-7000,济宁,unknown,三线城市
6475,F,21,19-25,1899,1001-2000,石家庄,乡村,二线城市
6476,M,67,60+,1099,1001-2000,太原,城区,二线城市
6477,M,58,46-60,999,<=1000,石家庄,乡村,二线城市
6478,M,30,26-35,3498,2001-4000,莆田,城区,三线城市
6479,M,36,36-45,1699,1001-2000,澳门,unknown,二线城市
6480,F,30,26-35,6222,4001-7000,阜阳,unknown,三线城市
6481,M,26,26-35,949,<=1000,济宁,unknown,三线城市
6483,M,32,26-35,1599,1001-2000,鄂尔多斯,乡村,四线城市
6484,F,32,26-35,2699,2001-4000,佛山,城区,二线城市
6485,F,76,60+,1799,1001-2000,朝阳,乡村,五线城市
6486,M,67,60+,899,<=1000,上海,unknown,一线城市
6488,F,59,46-60,1599,1001-2000,驻马店,乡村,四线城市
6489,F,38,36-45,2999,2001-4000,昆明,城区,新一线城市
6490,M,50,46-60,1699,1001-2000,北京,unknown,一线城市
6491,M,72,60+,1899,1001-2000,南宁,乡村,二线城市
6493,F,65,60+,2798,2001-4000,重庆,乡村,新一线城市
6494,F,32,26-35,2921,2001-4000,淮南,unknown,四线城市
6496,F,54,46-60,1149,1001-2000,娄底,unknown,四线城市
6497,F,31,26-35,2399,2001-4000,无锡,城区,二线城市
6499,M,43,36-45,2799,2001-4000,阿勒泰地区,乡村,五线城市
6503,M,70,60+,1099,1001-2000,东莞,镇区,新一线城市
6508,M,21,19-25,7999,7000+,南京,城区,新一线城市
6509,M,45,36-45,1099,1001-2000,六盘水,镇区,四线城市
6511,F,64,60+,899,<=1000,哈尔滨,乡村,二线城市
6512,F,48,46-60,899,<=1000,晋中,乡村,四线城市
6519,F,65,60+,1068,1001-2000,滨州,城区,四线城市
6520,M,36,36-45,899,<=1000,北京,unknown,一线城市
6522,F,74,60+,1999,1001-2000,泰州,城区,三线城市
6526,M,28,26-35,6222,4001-7000,郴州,城区,三线城市
6527,M,30,26-35,1580,1001-2000,无锡,镇区,二线城市
6528,F,59,46-60,1799,1001-2000,长沙,unknown,新一线城市
6529,M,63,60+,508,<=1000,南阳,乡村,三线城市
6530,F,33,26-35,699,<=1000,朝阳,unknown,五线城市
6533,M,57,46-60,1099,1001-2000,四平,乡村,五线城市
6534,M,59,46-60,6499,4001-7000,漯河,unknown,五线城市
6535,M,62,60+,899,<=1000,巴彦淖尔,unknown,五线城市
6536,M,69,60+,2499,2001-4000,凉山彝族自治州,unknown,五线城市
6537,F,46,46-60,1199,1001-2000,葫芦岛,unknown,五线城市
6539,M,28,26-35,5999,4001-7000,攀枝花,城区,五线城市
6542,M,32,26-35,1398,1001-2000,六盘水,乡村,四线城市
6543,F,61,60+,2458,2001-4000,楚雄彝族自治州,乡村,五线城市
6546,F,25,19-25,2499,2001-4000,云浮,unknown,五线城市
6547,M,69,60+,1199,1001-2000,运城,乡村,四线城市
6551,M,78,60+,1499,1001-2000,玉林,unknown,四线城市
6552,M,79,60+,999,<=1000,哈尔滨,unknown,二线城市
6554,F,71,60+,999,<=1000,承德,unknown,四线城市
6557,F,54,46-60,1149,1001-2000,通辽,乡村,五线城市
6559,F,37,36-45,3498,2001-4000,六安,unknown,四线城市
6560,M,34,26-35,1199,1001-2000,开封,unknown,四线城市
6561,F,20,19-25,1899,1001-2000,湛江,乡村,三线城市
6562,F,24,19-25,899,<=1000,黔南布依族苗族自治州,乡村,四线城市
6564,M,27,26-35,1399,1001-2000,深圳,城区,一线城市
6567,F,35,26-35,1199,1001-2000,济宁,乡村,三线城市
6568,F,57,46-60,1789,1001-2000,乌海,unknown,五线城市
6569,M,58,46-60,1068,1001-2000,丽江,乡村,四线城市
6570,F,39,36-45,3699,2001-4000,贵阳,城区,二线城市
6574,M,47,46-60,2299,2001-4000,黔东南苗族侗族自治州,镇区,四线城市
6575,F,42,36-45,1099,1001-2000,佳木斯,城区,四线城市
6577,F,24,19-25,1299,1001-2000,郑州,城区,新一线城市
6581,F,65,60+,2299,2001-4000,天津,城区,新一线城市
6582,M,59,46-60,1498,1001-2000,常州,城区,二线城市
6583,M,65,60+,1158,1001-2000,淮北,城区,五线城市
6584,M,73,60+,949,<=1000,玉林,unknown,四线城市
6585,M,63,60+,1298,1001-2000,昆明,乡村,新一线城市
6586,M,59,46-60,1000,<=1000,韶关,乡村,四线城市
6589,M,76,60+,1068,1001-2000,南通,unknown,二线城市
6591,F,24,19-25,8899,7000+,泉州,镇区,二线城市
6592,F,58,46-60,1199,1001-2000,长春,乡村,二线城市
6594,F,52,46-60,1399,1001-2000,海南藏族自治州,镇区,五线城市
6597,M,68,60+,699,<=1000,宜宾,unknown,四线城市
6599,M,21,19-25,8999,7000+,定西,乡村,五线城市
6600,M,38,36-45,4399,4001-7000,西安,城区,新一线城市
6601,F,30,26-35,1599,1001-2000,黄南藏族自治州,unknown,五线城市
6602,M,73,60+,1199,1001-2000,承德,镇区,四线城市
6603,M,36,36-45,2399,2001-4000,榆林,乡村,四线城市
6606,M,56,46-60,1399,1001-2000,南阳,乡村,三线城市
6610,M,51,46-60,1399,1001-2000,大连,unknown,二线城市
6616,M,26,26-35,1789,1001-2000,商丘,乡村,三线城市
6617,M,38,36-45,599,<=1000,达州,unknown,五线城市
6618,M,68,60+,1199,1001-2000,常德,unknown,四线城市
6619,M,74,60+,1199,1001-2000,唐山,乡村,三线城市
6621,F,39,36-45,1199,1001-2000,大庆,unknown,三线城市
6622,M,57,46-60,799,<=1000,毕节,镇区,四线城市
6623,F,61,60+,1099,1001-2000,沧州,unknown,三线城市
6625,M,36,36-45,2969,2001-4000,长沙,unknown,新一线城市
6627,M,55,46-60,1598,1001-2000,临沂,乡村,三线城市
6629,M,33,26-35,1068,1001-2000,毕节,镇区,四线城市
6630,M,36,36-45,3650,2001-4000,河池,unknown,五线城市
6631,M,31,26-35,1449,1001-2000,北京,乡村,一线城市
6632,M,47,46-60,1548,1001-2000,秦皇岛,镇区,三线城市
6633,M,75,60+,799,<=1000,济宁,乡村,三线城市
6634,M,52,46-60,1899,1001-2000,合肥,unknown,二线城市
6639,M,23,19-25,3299,2001-4000,铜仁,城区,四线城市
6642,F,57,46-60,1098,1001-2000,秦皇岛,unknown,三线城市
6643,F,64,60+,1199,1001-2000,北京,unknown,一线城市
6644,M,38,36-45,2299,2001-4000,济宁,unknown,三线城市
6646,M,22,19-25,3788,2001-4000,镇江,镇区,三线城市
6647,M,37,36-45,2969,2001-4000,广州,城区,一线城市
6648,M,40,36-45,1699,1001-2000,普洱,乡村,五线城市
6650,M,44,36-45,1999,1001-2000,合肥,unknown,二线城市
6651,M,70,60+,1199,1001-2000,沧州,城区,三线城市
6653,M,64,60+,738,<=1000,张掖,unknown,五线城市
6655,M,33,26-35,1999,1001-2000,邯郸,unknown,三线城市
6658,M,49,46-60,2799,2001-4000,深圳,城区,一线城市
6659,F,78,60+,1299,1001-2000,天津,unknown,新一线城市
6660,M,56,46-60,999,<=1000,徐州,乡村,二线城市
6661,M,72,60+,1299,1001-2000,镇江,unknown,三线城市
6662,M,33,26-35,1499,1001-2000,襄阳,镇区,三线城市
6664,F,73,60+,1199,1001-2000,石家庄,城区,二线城市
6665,F,36,36-45,2699,2001-4000,阜新,城区,五线城市
6666,M,61,60+,1799,1001-2000,鄂尔多斯,unknown,四线城市
6667,M,31,26-35,1699,1001-2000,南通,镇区,二线城市
6668,M,53,46-60,899,<=1000,来宾,乡村,五线城市
6669,M,56,46-60,2399,2001-4000,恩施土家族苗族自治州,unknown,四线城市
6670,F,50,46-60,1299,1001-2000,益阳,unknown,四线城市
6671,M,47,46-60,6399,4001-7000,湘西土家族苗族自治州,乡村,五线城市
6673,F,65,60+,1898,1001-2000,朝阳,乡村,五线城市
6674,M,40,36-45,2799,2001-4000,邢台,城区,四线城市
6675,M,28,26-35,1798,1001-2000,宝鸡,乡村,四线城市
6676,F,40,36-45,1099,1001-2000,临沂,乡村,三线城市
6678,M,35,26-35,2699,2001-4000,玉溪,乡村,五线城市
6680,M,54,46-60,1149,1001-2000,昆明,unknown,新一线城市
6681,M,58,46-60,999,<=1000,商丘,unknown,三线城市
6682,F,28,26-35,1199,1001-2000,辽源,乡村,五线城市
6683,F,32,26-35,1348,1001-2000,济宁,镇区,三线城市
6685,M,52,46-60,1499,1001-2000,宁波,unknown,新一线城市
6686,M,41,36-45,1999,1001-2000,大连,乡村,二线城市
6688,M,35,26-35,1599,1001-2000,保山,unknown,四线城市
6689,M,41,36-45,3599,2001-4000,白银,乡村,五线城市
6690,M,56,46-60,4999,4001-7000,佳木斯,乡村,四线城市
6691,F,37,36-45,1398,1001-2000,邢台,乡村,四线城市
6692,F,32,26-35,1699,1001-2000,武汉,unknown,新一线城市
6695,M,63,60+,2699,2001-4000,淄博,unknown,三线城市
6697,M,73,60+,999,<=1000,秦皇岛,乡村,三线城市
6698,M,67,60+,1199,1001-2000,本溪,unknown,五线城市
6701,M,55,46-60,899,<=1000,沧州,乡村,三线城市
6703,M,62,60+,1499,1001-2000,保山,unknown,四线城市
6704,F,72,60+,2299,2001-4000,德州,镇区,四线城市
6705,M,31,26-35,2799,2001-4000,鄂尔多斯,镇区,四线城市
6706,F,50,46-60,1049,1001-2000,荆州,城区,三线城市
6707,M,49,46-60,1599,1001-2000,连云港,乡村,三线城市
6708,F,42,36-45,1498,1001-2000,常德,unknown,四线城市
6710,M,70,60+,558,<=1000,吐鲁番,镇区,五线城市
6711,F,50,46-60,2660,2001-4000,呼和浩特,乡村,三线城市
6712,F,78,60+,1399,1001-2000,广安,unknown,五线城市
6713,M,24,19-25,2499,2001-4000,北京,城区,一线城市
6716,F,77,60+,1199,1001-2000,遵义,unknown,三线城市
6717,M,32,26-35,1099,1001-2000,濮阳,乡村,五线城市
6721,M,35,26-35,2999,2001-4000,广州,unknown,一线城市
6722,M,70,60+,999,<=1000,赣州,镇区,三线城市
6725,M,65,60+,1899,1001-2000,泰安,unknown,三线城市
6726,M,40,36-45,7999,7000+,常州,unknown,二线城市
6727,M,67,60+,1599,1001-2000,临沂,unknown,三线城市
6729,M,39,36-45,3199,2001-4000,无锡,unknown,二线城市
6730,M,20,19-25,3498,2001-4000,阿坝藏族羌族自治州,unknown,五线城市
6731,M,33,26-35,499,<=1000,枣庄,城区,四线城市
6735,M,56,46-60,3698,2001-4000,烟台,城区,二线城市
6736,F,45,36-45,2399,2001-4000,泉州,城区,二线城市
6738,M,76,60+,688,<=1000,银川,乡村,三线城市
6741,F,46,46-60,1599,1001-2000,汕头,unknown,三线城市
6742,F,52,46-60,2399,2001-4000,宣城,乡村,四线城市
6743,F,25,19-25,1899,1001-2000,汕头,镇区,三线城市
6745,F,55,46-60,999,<=1000,曲靖,unknown,四线城市
6746,F,61,60+,1099,1001-2000,石家庄,城区,二线城市
6747,M,21,19-25,1099,1001-2000,毕节,乡村,四线城市
6748,M,25,19-25,1999,1001-2000,天津,城区,新一线城市
6751,F,74,60+,1399,1001-2000,威海,乡村,三线城市
6752,M,28,26-35,2699,2001-4000,承德,unknown,四线城市
6753,F,39,36-45,1899,1001-2000,保定,乡村,三线城市
6754,M,75,60+,1498,1001-2000,聊城,镇区,四线城市
6755,F,40,36-45,3299,2001-4000,杭州,unknown,新一线城市
6756,M,74,60+,1099,1001-2000,呼和浩特,unknown,三线城市
6758,F,23,19-25,1199,1001-2000,宜宾,unknown,四线城市
6761,M,61,60+,3999,2001-4000,阿克苏地区,unknown,五线城市
6763,F,76,60+,1250,1001-2000,廊坊,城区,三线城市
6764,M,59,46-60,1299,1001-2000,濮阳,乡村,五线城市
6765,M,33,26-35,2399,2001-4000,深圳,城区,一线城市
6767,F,65,60+,1899,1001-2000,曲靖,镇区,四线城市
6768,M,36,36-45,599,<=1000,赣州,城区,三线城市
6770,M,38,36-45,1998,1001-2000,昆明,unknown,新一线城市
6771,F,32,26-35,1298,1001-2000,上饶,乡村,三线城市
6772,M,68,60+,2399,2001-4000,济南,unknown,二线城市
6774,M,69,60+,2399,2001-4000,太原,城区,二线城市
6775,M,35,26-35,1599,1001-2000,文山壮族苗族自治州,unknown,五线城市
6776,M,35,26-35,699,<=1000,锦州,乡村,四线城市
6778,F,22,19-25,4399,4001-7000,阳江,城区,四线城市
6780,M,30,26-35,2799,2001-4000,甘孜藏族自治州,乡村,五线城市
6781,M,39,36-45,1299,1001-2000,亳州,unknown,五线城市
6782,M,56,46-60,1298,1001-2000,随州,unknown,五线城市
6783,M,52,46-60,1599,1001-2000,吴忠,unknown,五线城市
6784,F,20,19-25,1399,1001-2000,廊坊,乡村,三线城市
6788,M,71,60+,799,<=1000,鸡西,乡村,五线城市
6791,M,34,26-35,2999,2001-4000,沈阳,城区,新一线城市
6793,M,63,60+,999,<=1000,南昌,unknown,二线城市
6796,M,68,60+,1498,1001-2000,葫芦岛,乡村,五线城市
6797,F,37,36-45,1299,1001-2000,上饶,乡村,三线城市
6798,F,22,19-25,1999,1001-2000,南阳,城区,三线城市
6799,M,37,36-45,2698,2001-4000,石家庄,乡村,二线城市
6802,M,52,46-60,999,<=1000,防城港,乡村,五线城市
6803,M,35,26-35,499,<=1000,石家庄,镇区,二线城市
6804,M,39,36-45,1398,1001-2000,宜春,乡村,四线城市
6806,F,46,46-60,1129,1001-2000,葫芦岛,乡村,五线城市
6812,F,23,19-25,738,<=1000,邵阳,乡村,四线城市
6813,F,58,46-60,400,<=1000,海东,乡村,五线城市
6814,M,73,60+,1699,1001-2000,杭州,城区,新一线城市
6815,M,41,36-45,3498,2001-4000,东莞,unknown,新一线城市
6816,M,24,19-25,3548,2001-4000,惠州,镇区,二线城市
6817,F,73,60+,799,<=1000,柳州,城区,三线城市
6818,M,31,26-35,1599,1001-2000,济宁,乡村,三线城市
6819,M,53,46-60,1688,1001-2000,沈阳,城区,新一线城市
6820,F,74,60+,3299,2001-4000,天津,城区,新一线城市
6821,M,20,19-25,899,<=1000,宿州,镇区,四线城市
6822,M,61,60+,2999,2001-4000,荆州,城区,三线城市
6825,F,72,60+,1699,1001-2000,哈尔滨,unknown,二线城市
6826,F,39,36-45,2399,2001-4000,黔西南布依族苗族自治州,城区,五线城市
6827,M,68,60+,699,<=1000,抚州,unknown,四线城市
6828,M,37,36-45,1099,1001-2000,普洱,unknown,五线城市
6829,M,31,26-35,2299,2001-4000,济南,unknown,二线城市
6831,F,30,26-35,3498,2001-4000,榆林,乡村,四线城市
6832,M,59,46-60,1619,1001-2000,威海,unknown,三线城市
6833,F,34,26-35,1999,1001-2000,邢台,unknown,四线城市
6835,M,50,46-60,1250,1001-2000,陇南,乡村,五线城市
6836,F,21,19-25,1299,1001-2000,乐山,乡村,四线城市
6839,M,34,26-35,4999,4001-7000,北京,unknown,一线城市
6840,F,31,26-35,2799,2001-4000,宁波,城区,新一线城市
6841,M,51,46-60,1299,1001-2000,重庆,unknown,新一线城市
6844,M,35,26-35,1699,1001-2000,曲靖,unknown,四线城市
6846,M,61,60+,999,<=1000,天水,unknown,五线城市
6847,M,66,60+,4999,4001-7000,宜昌,城区,三线城市
6848,F,49,46-60,2299,2001-4000,乌鲁木齐,unknown,三线城市
6850,F,74,60+,1599,1001-2000,喀什地区,unknown,五线城市
6851,M,27,26-35,2399,2001-4000,淮南,城区,四线城市
6852,M,63,60+,3499,2001-4000,保定,城区,三线城市
6853,F,69,60+,2288,2001-4000,天津,城区,新一线城市
6854,M,38,36-45,1499,1001-2000,庆阳,乡村,五线城市
6856,M,57,46-60,1980,1001-2000,徐州,unknown,二线城市
6860,M,67,60+,699,<=1000,毕节,乡村,四线城市
6863,M,49,46-60,1499,1001-2000,大连,unknown,二线城市
6864,F,34,26-35,3299,2001-4000,毕节,乡村,四线城市
6866,F,58,46-60,1399,1001-2000,阳江,unknown,四线城市
6867,M,40,36-45,1798,1001-2000,石河子,乡村,五线城市
6868,M,54,46-60,1089,1001-2000,黄冈,unknown,四线城市
6870,M,75,60+,949,<=1000,松原,城区,五线城市
6871,M,60,46-60,1149,1001-2000,通化,unknown,五线城市
6875,M,31,26-35,3199,2001-4000,佳木斯,城区,四线城市
6876,F,50,46-60,1699,1001-2000,佛山,乡村,二线城市
6877,F,61,60+,7599,7000+,沈阳,unknown,新一线城市
6878,F,48,46-60,1199,1001-2000,武威,乡村,五线城市
6879,M,31,26-35,1068,1001-2000,阜阳,unknown,三线城市
6880,M,31,26-35,1399,1001-2000,德州,乡村,四线城市
6881,M,76,60+,1068,1001-2000,铁岭,unknown,五线城市
6882,M,66,60+,599,<=1000,上海,unknown,一线城市
6884,F,37,36-45,1599,1001-2000,呼和浩特,unknown,三线城市
6885,F,40,36-45,1099,1001-2000,平顶山,乡村,四线城市
6887,M,38,36-45,2299,2001-4000,吉安,城区,四线城市
6888,M,48,46-60,3698,2001-4000,德宏傣族景颇族自治州,乡村,四线城市
6890,M,23,19-25,1299,1001-2000,南京,unknown,新一线城市
6892,M,64,60+,1499,1001-2000,聊城,乡村,四线城市
6893,F,21,19-25,1398,1001-2000,临沂,乡村,三线城市
6899,M,20,19-25,1580,1001-2000,肇庆,城区,三线城市
6900,M,49,46-60,3699,2001-4000,亳州,unknown,五线城市
6901,M,58,46-60,2698,2001-4000,南京,unknown,新一线城市
6905,M,72,60+,1398,1001-2000,沈阳,镇区,新一线城市
6906,M,72,60+,1699,1001-2000,咸宁,unknown,四线城市
6908,M,47,46-60,1189,1001-2000,丹东,城区,四线城市
6909,M,58,46-60,1899,1001-2000,重庆,城区,新一线城市
6912,F,48,46-60,1999,1001-2000,喀什地区,乡村,五线城市
6914,M,55,46-60,1999,1001-2000,天水,乡村,五线城市
6916,M,22,19-25,1999,1001-2000,潍坊,城区,三线城市
6917,F,36,36-45,899,<=1000,广州,unknown,一线城市
6919,M,36,36-45,4399,4001-7000,云浮,乡村,五线城市
6923,M,23,19-25,901,<=1000,曲靖,unknown,四线城市
6927,M,51,46-60,1599,1001-2000,扬州,unknown,二线城市
6929,F,58,46-60,999,<=1000,怀化,unknown,四线城市
6930,F,41,36-45,2699,2001-4000,西安,城区,新一线城市
6931,F,25,19-25,4399,4001-7000,鞍山,乡村,三线城市
6933,F,37,36-45,999,<=1000,呼伦贝尔,乡村,五线城市
6935,M,31,26-35,1398,1001-2000,邯郸,乡村,三线城市
6936,F,37,36-45,2699,2001-4000,杭州,城区,新一线城市
6937,F,40,36-45,2499,2001-4000,廊坊,unknown,三线城市
6939,M,20,19-25,6222,4001-7000,莱芜,城区,五线城市
6940,M,33,26-35,848,<=1000,泰安,镇区,三线城市
6941,F,50,46-60,1398,1001-2000,邯郸,乡村,三线城市
6943,M,77,60+,1198,1001-2000,长治,unknown,五线城市
6944,F,38,36-45,2999,2001-4000,安庆,unknown,三线城市
6945,M,77,60+,1068,1001-2000,临夏回族自治州,乡村,五线城市
6947,M,69,60+,1999,1001-2000,安康,unknown,五线城市
6950,M,44,36-45,1498,1001-2000,威海,乡村,三线城市
6954,F,59,46-60,1599,1001-2000,张掖,乡村,五线城市
6956,F,41,36-45,3399,2001-4000,潍坊,城区,三线城市
6957,F,72,60+,1199,1001-2000,新余,镇区,五线城市
6959,M,42,36-45,1999,1001-2000,晋城,乡村,五线城市
6963,M,33,26-35,1699,1001-2000,汕头,乡村,三线城市
6969,M,39,36-45,2788,2001-4000,北海,unknown,四线城市
6971,F,28,26-35,1400,1001-2000,唐山,乡村,三线城市
6972,F,70,60+,3799,2001-4000,西安,unknown,新一线城市
6973,F,56,46-60,1399,1001-2000,泰安,乡村,三线城市
6974,M,58,46-60,1399,1001-2000,威海,unknown,三线城市
6975,M,68,60+,1099,1001-2000,辽源,乡村,五线城市
6976,M,50,46-60,1199,1001-2000,张家口,乡村,四线城市
6977,M,75,60+,899,<=1000,宁德,unknown,三线城市
6978,F,27,26-35,1098,1001-2000,钦州,unknown,五线城市
6979,M,61,60+,999,<=1000,许昌,城区,四线城市
6980,M,23,19-25,5999,4001-7000,绵阳,城区,三线城市
6982,F,63,60+,1068,1001-2000,宝鸡,乡村,四线城市
6983,M,79,60+,799,<=1000,安阳,unknown,四线城市
6984,F,36,36-45,2198,2001-4000,永州,unknown,四线城市
6985,F,70,60+,3469,2001-4000,上海,unknown,一线城市
6986,F,75,60+,799,<=1000,赤峰,乡村,四线城市
6987,M,38,36-45,2699,2001-4000,嘉兴,乡村,二线城市
6990,M,45,36-45,1299,1001-2000,衡水,乡村,五线城市
6991,M,37,36-45,1498,1001-2000,绍兴,镇区,二线城市
6992,M,77,60+,1299,1001-2000,铁岭,乡村,五线城市
6993,F,39,36-45,999,<=1000,成都,unknown,新一线城市
6995,M,74,60+,1599,1001-2000,济南,unknown,二线城市
6996,M,50,46-60,1398,1001-2000,鞍山,城区,三线城市
6997,M,54,46-60,1899,1001-2000,赤峰,乡村,四线城市
6998,M,35,26-35,4899,4001-7000,秦皇岛,unknown,三线城市
6999,M,69,60+,1999,1001-2000,延安,乡村,五线城市
7001,F,78,60+,999,<=1000,大连,unknown,二线城市
7002,M,22,19-25,1299,1001-2000,益阳,乡村,四线城市
7004,M,26,26-35,999,<=1000,长春,城区,二线城市
7005,M,61,60+,1398,1001-2000,荆门,乡村,五线城市
7006,M,60,46-60,2498,2001-4000,赣州,unknown,三线城市
7007,F,41,36-45,1129,1001-2000,宿州,城区,四线城市
7008,F,46,46-60,2999,2001-4000,南阳,城区,三线城市
7009,F,35,26-35,2100,2001-4000,青岛,城区,新一线城市
7011,M,34,26-35,1668,1001-2000,重庆,乡村,新一线城市
7013,M,57,46-60,899,<=1000,毕节,unknown,四线城市
7015,M,46,46-60,1998,1001-2000,玉溪,unknown,五线城市
7019,F,66,60+,788,<=1000,驻马店,乡村,四线城市
7020,M,49,46-60,899,<=1000,信阳,乡村,三线城市
7021,M,44,36-45,1789,1001-2000,天水,unknown,五线城市
7023,M,39,36-45,999,<=1000,商丘,镇区,三线城市
7027,M,38,36-45,6499,4001-7000,梅州,乡村,三线城市
7028,F,31,26-35,999,<=1000,通辽,乡村,五线城市
7029,F,27,26-35,899,<=1000,毕节,乡村,四线城市
7031,F,36,36-45,2999,2001-4000,日照,unknown,四线城市
7032,M,50,46-60,1998,1001-2000,来宾,unknown,五线城市
7033,F,22,19-25,1618,1001-2000,贺州,乡村,五线城市
7034,M,39,36-45,599,<=1000,台州,乡村,二线城市
7036,F,37,36-45,1599,1001-2000,六安,乡村,四线城市
7037,M,79,60+,1599,1001-2000,海西蒙古族藏族自治州,城区,五线城市
7039,F,63,60+,799,<=1000,锦州,乡村,四线城市
7040,M,56,46-60,1099,1001-2000,商丘,unknown,三线城市
7041,M,23,19-25,1398,1001-2000,上海,城区,一线城市
7043,M,59,46-60,1449,1001-2000,新乡,unknown,三线城市
7044,M,39,36-45,5899,4001-7000,泉州,unknown,二线城市
7045,M,51,46-60,899,<=1000,济南,乡村,二线城市
7049,M,44,36-45,999,<=1000,温州,城区,二线城市
7051,F,32,26-35,1398,1001-2000,赣州,乡村,三线城市
7052,F,68,60+,799,<=1000,泰安,unknown,三线城市
7055,M,31,26-35,8899,7000+,北京,城区,一线城市
7057,F,48,46-60,4399,4001-7000,湘西土家族苗族自治州,镇区,五线城市
7058,F,52,46-60,1399,1001-2000,成都,unknown,新一线城市
7059,M,25,19-25,1548,1001-2000,苏州,城区,新一线城市
7060,M,32,26-35,2399,2001-4000,北京,unknown,一线城市
7063,M,24,19-25,3798,2001-4000,鹰潭,镇区,四线城市
7065,M,65,60+,2458,2001-4000,西安,城区,新一线城市
7066,F,54,46-60,1068,1001-2000,凉山彝族自治州,乡村,五线城市
7069,M,70,60+,688,<=1000,庆阳,乡村,五线城市
7070,M,35,26-35,3098,2001-4000,眉山,乡村,四线城市
7072,M,70,60+,1279,1001-2000,北海,unknown,四线城市
7073,M,55,46-60,1899,1001-2000,昆明,unknown,新一线城市
7076,M,62,60+,6222,4001-7000,益阳,unknown,四线城市
7077,F,48,46-60,1798,1001-2000,福州,unknown,二线城市
7078,M,68,60+,1999,1001-2000,大庆,城区,三线城市
7080,F,77,60+,1699,1001-2000,达州,unknown,五线城市
7082,F,33,26-35,899,<=1000,连云港,镇区,三线城市
7084,M,57,46-60,1099,1001-2000,东营,unknown,四线城市
7085,M,54,46-60,938,<=1000,朔州,城区,五线城市
7086,M,51,46-60,3299,2001-4000,黔东南苗族侗族自治州,unknown,四线城市
7088,F,34,26-35,4999,4001-7000,石家庄,unknown,二线城市
7089,F,21,19-25,1599,1001-2000,商丘,镇区,三线城市
7091,F,24,19-25,1789,1001-2000,合肥,unknown,二线城市
7092,M,70,60+,1699,1001-2000,承德,乡村,四线城市
7093,M,39,36-45,2099,2001-4000,东营,乡村,四线城市
7094,F,56,46-60,1398,1001-2000,广元,乡村,五线城市
7095,M,39,36-45,2699,2001-4000,周口,unknown,四线城市
7096,F,40,36-45,2798,2001-4000,兴安盟,乡村,五线城市
7098,M,40,36-45,1899,1001-2000,乌鲁木齐,城区,三线城市
7100,M,74,60+,899,<=1000,吉林,城区,三线城市
7102,M,35,26-35,1999,1001-2000,沧州,unknown,三线城市
7104,M,60,46-60,1798,1001-2000,许昌,unknown,四线城市
7105,F,71,60+,799,<=1000,沧州,乡村,三线城市
7109,F,20,19-25,1998,1001-2000,周口,镇区,四线城市
7112,M,52,46-60,2788,2001-4000,连云港,镇区,三线城市
7115,M,37,36-45,3699,2001-4000,威海,镇区,三线城市
7116,M,51,46-60,999,<=1000,惠州,unknown,二线城市
7117,F,28,26-35,1649,1001-2000,衢州,unknown,四线城市
7118,M,37,36-45,3699,2001-4000,大理白族自治州,乡村,四线城市
7119,M,29,26-35,2199,2001-4000,赤峰,镇区,四线城市
7120,M,72,60+,899,<=1000,天津,unknown,新一线城市
7121,M,51,46-60,999,<=1000,苏州,城区,新一线城市
7122,M,62,60+,1998,1001-2000,驻马店,乡村,四线城市
7125,F,50,46-60,2149,2001-4000,潍坊,unknown,三线城市
7126,M,69,60+,3498,2001-4000,廊坊,unknown,三线城市
7127,M,20,19-25,899,<=1000,定西,乡村,五线城市
7128,M,22,19-25,999,<=1000,阿克苏地区,乡村,五线城市
7129,M,55,46-60,1299,1001-2000,沧州,unknown,三线城市
7130,F,64,60+,1099,1001-2000,哈密,镇区,五线城市
7131,M,39,36-45,1798,1001-2000,北京,城区,一线城市
7135,F,22,19-25,2699,2001-4000,黔东南苗族侗族自治州,乡村,四线城市
7137,M,53,46-60,2699,2001-4000,安顺,unknown,四线城市
7138,M,39,36-45,2499,2001-4000,深圳,城区,一线城市
7139,M,46,46-60,1498,1001-2000,濮阳,镇区,五线城市
7141,F,39,36-45,1699,1001-2000,大理白族自治州,乡村,四线城市
7142,F,61,60+,1398,1001-2000,临夏回族自治州,乡村,五线城市
7145,M,22,19-25,899,<=1000,喀什地区,乡村,五线城市
7147,M,71,60+,599,<=1000,济宁,乡村,三线城市
7148,M,45,36-45,1199,1001-2000,临沂,镇区,三线城市
7149,M,60,46-60,999,<=1000,黔南布依族苗族自治州,乡村,四线城市
7150,F,22,19-25,2999,2001-4000,南昌,unknown,二线城市
7152,M,76,60+,1398,1001-2000,晋城,城区,五线城市
7155,M,61,60+,1398,1001-2000,哈尔滨,unknown,二线城市
7156,F,32,26-35,999,<=1000,周口,乡村,四线城市
7161,M,40,36-45,2699,2001-4000,赤峰,乡村,四线城市
7163,F,77,60+,1299,1001-2000,沧州,乡村,三线城市
7164,M,50,46-60,599,<=1000,德州,乡村,四线城市
7166,M,31,26-35,1398,1001-2000,临沧,乡村,五线城市
7167,M,65,60+,2699,2001-4000,石家庄,unknown,二线城市
7169,M,48,46-60,678,<=1000,昆明,unknown,新一线城市
7173,F,46,46-60,1798,1001-2000,滨州,乡村,四线城市
7174,F,22,19-25,2399,2001-4000,厦门,unknown,二线城市
7176,M,20,19-25,1299,1001-2000,绍兴,城区,二线城市
7177,F,63,60+,1198,1001-2000,保定,乡村,三线城市
7178,F,30,26-35,4399,4001-7000,深圳,城区,一线城市
7179,M,34,26-35,1999,1001-2000,贵港,乡村,五线城市
7180,M,70,60+,949,<=1000,咸宁,乡村,四线城市
7182,F,61,60+,1098,1001-2000,辽阳,unknown,五线城市
7183,F,31,26-35,2288,2001-4000,常州,城区,二线城市
7185,M,32,26-35,1548,1001-2000,梅州,城区,三线城市
7187,F,36,36-45,5999,4001-7000,运城,unknown,四线城市
7188,M,56,46-60,999,<=1000,绍兴,乡村,二线城市
7190,M,74,60+,999,<=1000,驻马店,unknown,四线城市
7191,F,30,26-35,6499,4001-7000,北京,unknown,一线城市
7192,F,65,60+,999,<=1000,邵阳,乡村,四线城市
7193,F,36,36-45,1699,1001-2000,赤峰,乡村,四线城市
7194,M,39,36-45,2399,2001-4000,山南,城区,五线城市
7196,M,50,46-60,1899,1001-2000,通辽,乡村,五线城市
7197,F,70,60+,5999,4001-7000,烟台,城区,二线城市
7200,F,38,36-45,6799,4001-7000,威海,镇区,三线城市
7205,M,36,36-45,1198,1001-2000,济宁,城区,三线城市
7206,F,51,46-60,2499,2001-4000,武汉,城区,新一线城市
7207,M,39,36-45,999,<=1000,天津,unknown,新一线城市
7209,F,47,46-60,1998,1001-2000,赤峰,城区,四线城市
7210,M,61,60+,1099,1001-2000,榆林,城区,四线城市
7212,M,46,46-60,1798,1001-2000,苏州,镇区,新一线城市
7214,M,69,60+,599,<=1000,泰安,unknown,三线城市
7215,M,60,46-60,738,<=1000,滨州,乡村,四线城市
7217,M,74,60+,1398,1001-2000,恩施土家族苗族自治州,乡村,四线城市
7219,F,48,46-60,1688,1001-2000,亳州,unknown,五线城市
7220,M,34,26-35,2499,2001-4000,长春,乡村,二线城市
7221,F,39,36-45,1599,1001-2000,临夏回族自治州,unknown,五线城市
7223,M,58,46-60,1299,1001-2000,烟台,unknown,二线城市
7224,M,21,19-25,1709,1001-2000,晋城,乡村,五线城市
7225,M,79,60+,2498,2001-4000,沧州,乡村,三线城市
7227,F,78,60+,1098,1001-2000,齐齐哈尔,镇区,四线城市
7228,M,52,46-60,1599,1001-2000,济宁,unknown,三线城市
7229,M,60,46-60,2399,2001-4000,海北藏族自治州,乡村,五线城市
7230,M,79,60+,899,<=1000,朝阳,城区,五线城市
7231,F,35,26-35,1298,1001-2000,葫芦岛,城区,五线城市
7232,M,23,19-25,2698,2001-4000,香港,unknown,一线城市
7235,M,33,26-35,1980,1001-2000,深圳,unknown,一线城市
7237,M,26,26-35,8999,7000+,贵阳,城区,二线城市
7239,M,24,19-25,4999,4001-7000,银川,城区,三线城市
7240,M,73,60+,1499,1001-2000,济南,unknown,二线城市
7241,M,63,60+,1299,1001-2000,潍坊,乡村,三线城市
7242,M,67,60+,1060,1001-2000,上海,城区,一线城市
7244,F,45,36-45,1299,1001-2000,澄迈,乡村,五线城市
7246,M,35,26-35,1199,1001-2000,商丘,乡村,三线城市
7247,F,40,36-45,999,<=1000,阜阳,乡村,三线城市
7248,M,58,46-60,1099,1001-2000,西宁,乡村,四线城市
7249,M,20,19-25,1299,1001-2000,文山壮族苗族自治州,乡村,五线城市
7253,M,51,46-60,1398,1001-2000,陇南,unknown,五线城市
7254,M,54,46-60,1599,1001-2000,成都,unknown,新一线城市
7255,F,37,36-45,2399,2001-4000,嘉兴,unknown,二线城市
7258,F,35,26-35,2799,2001-4000,沧州,乡村,三线城市
7260,M,25,19-25,4899,4001-7000,防城港,unknown,五线城市
7261,M,60,46-60,3699,2001-4000,无锡,unknown,二线城市
7264,M,79,60+,1068,1001-2000,苏州,镇区,新一线城市
7265,M,55,46-60,1199,1001-2000,长治,城区,五线城市
7266,F,74,60+,1099,1001-2000,武汉,unknown,新一线城市
7267,M,55,46-60,1149,1001-2000,长春,乡村,二线城市
7271,M,36,36-45,688,<=1000,商洛,乡村,五线城市
7272,M,47,46-60,999,<=1000,鄂尔多斯,unknown,四线城市
7274,F,79,60+,1199,1001-2000,成都,unknown,新一线城市
7275,F,56,46-60,1999,1001-2000,武汉,城区,新一线城市
7281,M,37,36-45,1399,1001-2000,昆明,乡村,新一线城市
7282,F,29,26-35,699,<=1000,邵阳,unknown,四线城市
7284,M,21,19-25,1099,1001-2000,凉山彝族自治州,乡村,五线城市
7286,F,37,36-45,2699,2001-4000,驻马店,unknown,四线城市
7291,M,32,26-35,3999,2001-4000,天水,乡村,五线城市
7292,M,45,36-45,1299,1001-2000,六安,unknown,四线城市
7294,F,64,60+,999,<=1000,邯郸,乡村,三线城市
7295,M,26,26-35,3399,2001-4000,宣城,乡村,四线城市
7298,F,78,60+,1399,1001-2000,沈阳,乡村,新一线城市
7299,M,26,26-35,1999,1001-2000,东莞,城区,新一线城市
7300,M,24,19-25,5999,4001-7000,阿坝藏族羌族自治州,乡村,五线城市
7301,M,52,46-60,1548,1001-2000,阜新,unknown,五线城市
7302,M,35,26-35,3799,2001-4000,邯郸,城区,三线城市
7303,M,41,36-45,2598,2001-4000,东莞,镇区,新一线城市
7305,F,38,36-45,4088,4001-7000,吐鲁番,乡村,五线城市
7308,M,41,36-45,3399,2001-4000,钦州,unknown,五线城市
7310,M,41,36-45,3999,2001-4000,长春,unknown,二线城市
7311,M,57,46-60,1548,1001-2000,荆门,乡村,五线城市
7313,M,42,36-45,2699,2001-4000,邯郸,unknown,三线城市
7314,M,56,46-60,6199,4001-7000,福州,镇区,二线城市
7317,M,20,19-25,699,<=1000,六盘水,城区,四线城市
7320,M,62,60+,4199,4001-7000,菏泽,unknown,四线城市
7322,M,36,36-45,3699,2001-4000,巴音郭楞蒙古自治州,城区,五线城市
7323,F,56,46-60,599,<=1000,湛江,乡村,三线城市
7324,F,40,36-45,2698,2001-4000,重庆,unknown,新一线城市
7327,M,55,46-60,999,<=1000,周口,unknown,四线城市
7329,M,22,19-25,899,<=1000,吉安,乡村,四线城市
7330,M,79,60+,1150,1001-2000,惠州,乡村,二线城市
7333,F,20,19-25,8399,7000+,新乡,镇区,三线城市
7334,M,66,60+,1548,1001-2000,佳木斯,unknown,四线城市
7335,M,76,60+,3199,2001-4000,六盘水,镇区,四线城市
7337,M,46,46-60,8999,7000+,赤峰,unknown,四线城市
7338,M,20,19-25,1398,1001-2000,邯郸,unknown,三线城市
7339,M,60,46-60,1699,1001-2000,邢台,乡村,四线城市
7340,F,20,19-25,2399,2001-4000,黔南布依族苗族自治州,乡村,四线城市
7341,M,36,36-45,3699,2001-4000,武汉,城区,新一线城市
7343,F,75,60+,2399,2001-4000,常州,unknown,二线城市
7345,M,30,26-35,1548,1001-2000,陇南,城区,五线城市
7346,F,21,19-25,568,<=1000,百色,unknown,四线城市
7347,M,62,60+,599,<=1000,廊坊,unknown,三线城市
7349,M,72,60+,899,<=1000,秦皇岛,unknown,三线城市
7351,M,49,46-60,688,<=1000,承德,乡村,四线城市
7352,F,78,60+,1199,1001-2000,固原,乡村,五线城市
7354,F,67,60+,3098,2001-4000,白城,乡村,五线城市
7357,M,35,26-35,2699,2001-4000,石家庄,乡村,二线城市
7358,M,21,19-25,999,<=1000,遵义,镇区,三线城市
7359,M,68,60+,2499,2001-4000,杭州,unknown,新一线城市
7363,M,33,26-35,2999,2001-4000,龙岩,乡村,三线城市
7364,F,36,36-45,3548,2001-4000,宿迁,unknown,三线城市
7365,M,50,46-60,1199,1001-2000,合肥,unknown,二线城市
7367,F,24,19-25,2458,2001-4000,广州,unknown,一线城市
7368,M,42,36-45,2100,2001-4000,海东,镇区,五线城市
7369,F,38,36-45,1380,1001-2000,临沂,unknown,三线城市
7374,M,59,46-60,2399,2001-4000,德州,unknown,四线城市
7376,F,46,46-60,999,<=1000,济南,乡村,二线城市
7377,F,64,60+,3488,2001-4000,毕节,unknown,四线城市
7378,M,33,26-35,2999,2001-4000,凉山彝族自治州,乡村,五线城市
7379,F,64,60+,2999,2001-4000,天津,乡村,新一线城市
7380,M,67,60+,2498,2001-4000,临沂,乡村,三线城市
7381,M,31,26-35,899,<=1000,徐州,unknown,二线城市
7382,F,32,26-35,1759,1001-2000,成都,unknown,新一线城市
7383,M,23,19-25,2099,2001-4000,济南,unknown,二线城市
7384,M,23,19-25,2798,2001-4000,平顶山,镇区,四线城市
7385,F,50,46-60,2299,2001-4000,丹东,乡村,四线城市
7387,M,32,26-35,1899,1001-2000,文山壮族苗族自治州,乡村,五线城市
7390,M,31,26-35,1899,1001-2000,百色,unknown,四线城市
7391,M,50,46-60,999,<=1000,白城,unknown,五线城市
7392,M,43,36-45,1598,1001-2000,哈密,城区,五线城市
7393,M,70,60+,1899,1001-2000,昆明,城区,新一线城市
7394,M,36,36-45,1150,1001-2000,宿迁,镇区,三线城市
7395,M,70,60+,899,<=1000,临沂,乡村,三线城市
7396,F,57,46-60,1599,1001-2000,邯郸,unknown,三线城市
7398,M,54,46-60,659,<=1000,海东,乡村,五线城市
7399,F,29,26-35,1099,1001-2000,哈尔滨,unknown,二线城市
7402,F,21,19-25,1099,1001-2000,新乡,镇区,三线城市
7405,M,75,60+,2399,2001-4000,赤峰,乡村,四线城市
7406,M,49,46-60,16999,7000+,上海,unknown,一线城市
7408,M,71,60+,499,<=1000,菏泽,乡村,四线城市
7411,M,71,60+,899,<=1000,湖州,unknown,三线城市
7412,M,34,26-35,1199,1001-2000,固原,乡村,五线城市
7414,F,65,60+,1399,1001-2000,平凉,城区,五线城市
7415,M,77,60+,1199,1001-2000,黔西南布依族苗族自治州,乡村,五线城市
7416,M,60,46-60,2199,2001-4000,朝阳,unknown,五线城市
7421,M,53,46-60,2799,2001-4000,延安,乡村,五线城市
7422,M,73,60+,999,<=1000,邵阳,乡村,四线城市
7424,M,33,26-35,1999,1001-2000,白山,unknown,五线城市
7425,F,36,36-45,1298,1001-2000,嘉兴,镇区,二线城市
7426,F,36,36-45,4899,4001-7000,菏泽,镇区,四线城市
7427,F,30,26-35,1699,1001-2000,文山壮族苗族自治州,乡村,五线城市
7429,M,39,36-45,1139,1001-2000,新余,乡村,五线城市
7430,M,63,60+,1599,1001-2000,邯郸,unknown,三线城市
7433,M,59,46-60,1999,1001-2000,济南,unknown,二线城市
7434,F,46,46-60,1598,1001-2000,南宁,乡村,二线城市
7435,M,63,60+,2399,2001-4000,枣庄,unknown,四线城市
7436,M,67,60+,2399,2001-4000,聊城,unknown,四线城市
7438,M,34,26-35,1199,1001-2000,广州,乡村,一线城市
7440,M,64,60+,3299,2001-4000,新余,城区,五线城市
7441,M,73,60+,1598,1001-2000,石家庄,unknown,二线城市
7442,F,21,19-25,799,<=1000,新乡,乡村,三线城市
7443,M,35,26-35,999,<=1000,武汉,unknown,新一线城市
7445,M,33,26-35,3999,2001-4000,衡水,城区,五线城市
7446,M,37,36-45,599,<=1000,贵港,乡村,五线城市
7447,F,37,36-45,3699,2001-4000,沧州,乡村,三线城市
7449,F,31,26-35,999,<=1000,烟台,unknown,二线城市
7450,M,74,60+,1598,1001-2000,天津,城区,新一线城市
7451,F,59,46-60,1150,1001-2000,昆明,unknown,新一线城市
7452,M,68,60+,599,<=1000,凉山彝族自治州,乡村,五线城市
7453,M,38,36-45,3399,2001-4000,西安,城区,新一线城市
7454,M,78,60+,999,<=1000,商丘,乡村,三线城市
7455,M,74,60+,1199,1001-2000,辽源,unknown,五线城市
7457,F,36,36-45,2288,2001-4000,衡水,乡村,五线城市
7458,M,54,46-60,1199,1001-2000,襄阳,unknown,三线城市
7459,F,30,26-35,2499,2001-4000,海东,镇区,五线城市
7460,M,21,19-25,1599,1001-2000,广安,乡村,五线城市
7464,F,28,26-35,2699,2001-4000,德阳,乡村,四线城市
7465,F,37,36-45,2000,1001-2000,牡丹江,unknown,四线城市
7466,M,38,36-45,999,<=1000,泉州,城区,二线城市
7469,M,50,46-60,899,<=1000,哈尔滨,unknown,二线城市
7471,F,74,60+,1199,1001-2000,深圳,unknown,一线城市
7474,M,39,36-45,3110,2001-4000,邵阳,unknown,四线城市
7475,M,58,46-60,1399,1001-2000,大连,城区,二线城市
7480,M,61,60+,568,<=1000,衡水,乡村,五线城市
7481,F,42,36-45,2099,2001-4000,大连,unknown,二线城市
7483,M,34,26-35,568,<=1000,石河子,城区,五线城市
7485,M,77,60+,809,<=1000,大同,乡村,四线城市
7486,F,31,26-35,2299,2001-4000,宜昌,城区,三线城市
7488,M,30,26-35,1199,1001-2000,鸡西,城区,五线城市
7489,F,58,46-60,2299,2001-4000,昆明,unknown,新一线城市
7490,M,68,60+,738,<=1000,定西,乡村,五线城市
7491,F,78,60+,899,<=1000,吉林,城区,三线城市
7493,M,67,60+,3999,2001-4000,郑州,unknown,新一线城市
7494,M,36,36-45,1599,1001-2000,呼伦贝尔,乡村,五线城市
7495,M,50,46-60,2699,2001-4000,陇南,乡村,五线城市
7496,M,49,46-60,1599,1001-2000,南宁,城区,二线城市
7498,M,31,26-35,1298,1001-2000,鄂尔多斯,乡村,四线城市
7503,M,61,60+,2499,2001-4000,宿州,unknown,四线城市
7504,F,60,46-60,2149,2001-4000,荆门,城区,五线城市
7505,F,38,36-45,2499,2001-4000,楚雄彝族自治州,unknown,五线城市
7506,M,77,60+,1699,1001-2000,无锡,城区,二线城市
7507,M,29,26-35,1599,1001-2000,保定,镇区,三线城市
7508,M,59,46-60,6222,4001-7000,衢州,城区,四线城市
7510,M,55,46-60,2699,2001-4000,成都,unknown,新一线城市
7511,F,58,46-60,928,<=1000,资阳,城区,五线城市
7512,F,69,60+,2999,2001-4000,来宾,乡村,五线城市
7513,M,58,46-60,1599,1001-2000,荆门,乡村,五线城市
7514,M,66,60+,1798,1001-2000,临沂,乡村,三线城市
7516,M,61,60+,699,<=1000,南阳,unknown,三线城市
7517,M,73,60+,1548,1001-2000,六盘水,unknown,四线城市
7518,M,44,36-45,3548,2001-4000,镇江,unknown,三线城市
7520,M,49,46-60,3988,2001-4000,肇庆,unknown,三线城市
7521,M,79,60+,1299,1001-2000,沧州,乡村,三线城市
7524,F,54,46-60,999,<=1000,信阳,unknown,三线城市
7525,M,32,26-35,2999,2001-4000,上海,城区,一线城市
7526,F,50,46-60,999,<=1000,和田地区,乡村,五线城市
7527,M,21,19-25,6222,4001-7000,东莞,镇区,新一线城市
7528,F,58,46-60,2198,2001-4000,西宁,unknown,四线城市
7530,M,30,26-35,1199,1001-2000,广州,unknown,一线城市
7532,F,54,46-60,1999,1001-2000,济宁,城区,三线城市
7533,F,33,26-35,1548,1001-2000,南充,unknown,四线城市
7534,F,32,26-35,901,<=1000,来宾,unknown,五线城市
7535,F,47,46-60,2299,2001-4000,白城,unknown,五线城市
7536,M,33,26-35,3799,2001-4000,中山,城区,二线城市
7538,M,41,36-45,999,<=1000,秦皇岛,乡村,三线城市
7540,M,49,46-60,1199,1001-2000,保定,城区,三线城市
7541,F,40,36-45,1398,1001-2000,榆林,乡村,四线城市
7542,M,45,36-45,2999,2001-4000,齐齐哈尔,unknown,四线城市
7544,M,52,46-60,788,<=1000,深圳,城区,一线城市
7545,M,32,26-35,1998,1001-2000,乌鲁木齐,乡村,三线城市
7547,M,75,60+,4899,4001-7000,青岛,城区,新一线城市
7549,F,31,26-35,2288,2001-4000,开封,乡村,四线城市
7550,F,52,46-60,1699,1001-2000,贵阳,unknown,二线城市
7551,M,41,36-45,2999,2001-4000,揭阳,乡村,三线城市
7552,F,67,60+,788,<=1000,保定,乡村,三线城市
7555,M,24,19-25,1299,1001-2000,乌鲁木齐,城区,三线城市
7556,M,70,60+,3999,2001-4000,珠海,乡村,二线城市
7559,M,36,36-45,400,<=1000,定西,镇区,五线城市
7560,F,61,60+,1899,1001-2000,佛山,unknown,二线城市
7562,M,51,46-60,1399,1001-2000,郑州,unknown,新一线城市
7563,M,62,60+,1599,1001-2000,定西,乡村,五线城市
7564,M,61,60+,1198,1001-2000,榆林,镇区,四线城市
7566,F,37,36-45,3299,2001-4000,常州,unknown,二线城市
7567,M,74,60+,1599,1001-2000,威海,城区,三线城市
7569,M,35,26-35,1999,1001-2000,太原,城区,二线城市
7571,M,33,26-35,2299,2001-4000,济宁,unknown,三线城市
7572,M,33,26-35,2458,2001-4000,内江,unknown,五线城市
7573,M,52,46-60,899,<=1000,邢台,unknown,四线城市
7574,M,55,46-60,1699,1001-2000,玉林,unknown,四线城市
7575,M,41,36-45,1200,1001-2000,遵义,城区,三线城市
7576,F,21,19-25,8999,7000+,临沧,unknown,五线城市
7577,M,79,60+,1068,1001-2000,六盘水,乡村,四线城市
7580,M,66,60+,799,<=1000,菏泽,乡村,四线城市
7582,M,49,46-60,1149,1001-2000,商丘,乡村,三线城市
7584,M,33,26-35,6222,4001-7000,北京,镇区,一线城市
7586,F,38,36-45,2498,2001-4000,南宁,乡村,二线城市
7588,M,37,36-45,1998,1001-2000,北海,城区,四线城市
7589,M,32,26-35,1299,1001-2000,连云港,乡村,三线城市
7590,F,34,26-35,7999,7000+,茂名,城区,四线城市
7591,M,32,26-35,2399,2001-4000,唐山,城区,三线城市
7593,M,44,36-45,999,<=1000,延安,乡村,五线城市
7595,M,53,46-60,2699,2001-4000,鄂尔多斯,城区,四线城市
7596,M,75,60+,1198,1001-2000,哈密,unknown,五线城市
7598,M,55,46-60,999,<=1000,毕节,乡村,四线城市
7600,M,22,19-25,938,<=1000,成都,unknown,新一线城市
7602,M,72,60+,1599,1001-2000,呼和浩特,unknown,三线城市
7603,M,54,46-60,1298,1001-2000,上海,城区,一线城市
7607,F,59,46-60,899,<=1000,哈尔滨,城区,二线城市
7608,F,52,46-60,1599,1001-2000,大连,城区,二线城市
7611,M,42,36-45,3498,2001-4000,昆明,城区,新一线城市
7612,M,30,26-35,5999,4001-7000,潍坊,城区,三线城市
7614,M,33,26-35,4299,4001-7000,潍坊,城区,三线城市
7616,F,75,60+,1068,1001-2000,甘南藏族自治州,镇区,五线城市
7617,M,76,60+,949,<=1000,南昌,unknown,二线城市
7620,M,68,60+,2699,2001-4000,石家庄,城区,二线城市
7621,F,59,46-60,2999,2001-4000,保定,镇区,三线城市
7622,M,56,46-60,899,<=1000,承德,乡村,四线城市
7623,F,61,60+,1199,1001-2000,南充,乡村,四线城市
7624,F,37,36-45,1699,1001-2000,玉林,乡村,四线城市
7625,M,57,46-60,930,<=1000,海东,城区,五线城市
7628,M,26,26-35,1798,1001-2000,无锡,unknown,二线城市
7629,M,23,19-25,999,<=1000,南阳,乡村,三线城市
7631,M,48,46-60,1398,1001-2000,徐州,乡村,二线城市
7632,M,21,19-25,999,<=1000,青岛,乡村,新一线城市
7633,M,65,60+,999,<=1000,岳阳,unknown,三线城市
7635,M,40,36-45,848,<=1000,衡水,城区,五线城市
7636,F,47,46-60,1599,1001-2000,中卫,unknown,五线城市
7637,M,70,60+,3498,2001-4000,儋州,镇区,五线城市
7638,M,32,26-35,2899,2001-4000,贵港,城区,五线城市
7639,M,51,46-60,1199,1001-2000,百色,城区,四线城市
7643,M,40,36-45,899,<=1000,毕节,unknown,四线城市
7645,M,28,26-35,1068,1001-2000,临沧,乡村,五线城市
7646,F,50,46-60,2499,2001-4000,汕头,城区,三线城市
7648,F,58,46-60,949,<=1000,保山,unknown,四线城市
7650,M,37,36-45,1699,1001-2000,郴州,城区,三线城市
7651,M,36,36-45,1399,1001-2000,南宁,unknown,二线城市
7652,F,26,26-35,2998,2001-4000,凉山彝族自治州,乡村,五线城市
7655,F,29,26-35,8349,7000+,凉山彝族自治州,城区,五线城市
7656,M,34,26-35,2099,2001-4000,东莞,镇区,新一线城市
7658,M,66,60+,1345,1001-2000,承德,unknown,四线城市
7659,M,41,36-45,1899,1001-2000,文山壮族苗族自治州,unknown,五线城市
7661,F,60,46-60,1599,1001-2000,昭通,乡村,五线城市
7662,M,34,26-35,2299,2001-4000,盘锦,城区,四线城市
7663,M,69,60+,2499,2001-4000,吕梁,乡村,五线城市
7666,M,37,36-45,1299,1001-2000,梧州,乡村,四线城市
7668,M,28,26-35,2499,2001-4000,南宁,乡村,二线城市
7669,F,36,36-45,1699,1001-2000,长沙,城区,新一线城市
7670,F,31,26-35,1398,1001-2000,红河哈尼族彝族自治州,乡村,四线城市
7671,F,22,19-25,1499,1001-2000,贵阳,乡村,二线城市
7672,M,45,36-45,2699,2001-4000,成都,城区,新一线城市
7673,F,74,60+,999,<=1000,渭南,乡村,四线城市
7675,F,32,26-35,2999,2001-4000,深圳,unknown,一线城市
7676,M,22,19-25,2299,2001-4000,深圳,城区,一线城市
7677,M,65,60+,1998,1001-2000,石家庄,乡村,二线城市
7678,M,21,19-25,1599,1001-2000,防城港,城区,五线城市
7679,F,78,60+,799,<=1000,枣庄,unknown,四线城市
7680,M,31,26-35,899,<=1000,开封,unknown,四线城市
7681,M,39,36-45,848,<=1000,衡水,乡村,五线城市
7682,F,20,19-25,969,<=1000,南阳,unknown,三线城市
7683,M,33,26-35,1499,1001-2000,濮阳,镇区,五线城市
7684,M,65,60+,3399,2001-4000,绥化,unknown,四线城市
7687,F,30,26-35,1299,1001-2000,宁德,乡村,三线城市
7690,F,23,19-25,2299,2001-4000,普洱,乡村,五线城市
7692,F,24,19-25,5999,4001-7000,绍兴,城区,二线城市
7693,M,53,46-60,699,<=1000,铁岭,乡村,五线城市
7694,M,78,60+,1599,1001-2000,青岛,乡村,新一线城市
7696,M,33,26-35,2699,2001-4000,德州,乡村,四线城市
7699,M,22,19-25,3299,2001-4000,北京,unknown,一线城市
7700,M,30,26-35,1799,1001-2000,苏州,城区,新一线城市
7702,M,68,60+,1099,1001-2000,徐州,unknown,二线城市
7703,F,58,46-60,999,<=1000,温州,unknown,二线城市
7704,F,69,60+,999,<=1000,红河哈尼族彝族自治州,乡村,四线城市
7705,F,31,26-35,1399,1001-2000,孝感,unknown,四线城市
7706,F,60,46-60,3200,2001-4000,锦州,乡村,四线城市
7707,M,41,36-45,17799,7000+,天津,城区,新一线城市
7708,M,42,36-45,1699,1001-2000,汕头,乡村,三线城市
7710,M,30,26-35,799,<=1000,临汾,镇区,四线城市
7712,M,75,60+,1798,1001-2000,成都,unknown,新一线城市
7715,M,48,46-60,2099,2001-4000,渭南,镇区,四线城市
7717,M,34,26-35,7999,7000+,西安,城区,新一线城市
7718,M,58,46-60,1399,1001-2000,苏州,unknown,新一线城市
7721,M,67,60+,599,<=1000,济宁,乡村,三线城市
7722,M,38,36-45,1699,1001-2000,普洱,unknown,五线城市
7724,M,20,19-25,2399,2001-4000,琼海,乡村,五线城市
7725,M,32,26-35,945,<=1000,毕节,乡村,四线城市
7726,M,25,19-25,1099,1001-2000,福州,乡村,二线城市
7727,M,26,26-35,999,<=1000,巴音郭楞蒙古自治州,unknown,五线城市
7728,F,70,60+,4999,4001-7000,松原,乡村,五线城市
7729,M,77,60+,999,<=1000,天津,城区,新一线城市
7730,F,50,46-60,1298,1001-2000,汕头,unknown,三线城市
7732,F,47,46-60,1699,1001-2000,攀枝花,乡村,五线城市
7733,F,33,26-35,1548,1001-2000,玉溪,乡村,五线城市
7734,M,67,60+,1298,1001-2000,扬州,乡村,二线城市
7735,F,57,46-60,1099,1001-2000,哈尔滨,乡村,二线城市
7737,F,26,26-35,2288,2001-4000,毕节,镇区,四线城市
7739,F,56,46-60,2699,2001-4000,上海,unknown,一线城市
7740,M,60,46-60,599,<=1000,商丘,unknown,三线城市
7742,F,35,26-35,4688,4001-7000,深圳,城区,一线城市
7743,M,24,19-25,799,<=1000,天水,乡村,五线城市
7745,F,37,36-45,5999,4001-7000,本溪,unknown,五线城市
7746,M,50,46-60,1499,1001-2000,南充,unknown,四线城市
7747,M,33,26-35,1399,1001-2000,枣庄,unknown,四线城市
7748,F,35,26-35,991,<=1000,天津,unknown,新一线城市
7749,M,21,19-25,1150,1001-2000,毕节,镇区,四线城市
7750,M,23,19-25,1399,1001-2000,珠海,镇区,二线城市
7753,F,23,19-25,649,<=1000,秦皇岛,unknown,三线城市
7754,F,23,19-25,3299,2001-4000,邯郸,unknown,三线城市
7756,M,36,36-45,1098,1001-2000,连云港,unknown,三线城市
7758,M,40,36-45,3299,2001-4000,柳州,乡村,三线城市
7760,M,75,60+,629,<=1000,南宁,unknown,二线城市
7761,M,40,36-45,2299,2001-4000,广州,城区,一线城市
7762,F,45,36-45,1299,1001-2000,成都,城区,新一线城市
7763,F,44,36-45,1899,1001-2000,鞍山,乡村,三线城市
7765,M,40,36-45,1399,1001-2000,太原,城区,二线城市
7766,M,78,60+,899,<=1000,沈阳,乡村,新一线城市
7768,F,31,26-35,12999,7000+,北京,乡村,一线城市
7770,F,64,60+,980,<=1000,伊春,乡村,五线城市
7771,M,57,46-60,899,<=1000,鞍山,城区,三线城市
7772,M,34,26-35,1599,1001-2000,广州,unknown,一线城市
7773,M,52,46-60,1599,1001-2000,湘西土家族苗族自治州,unknown,五线城市
7775,M,76,60+,1449,1001-2000,青岛,乡村,新一线城市
7777,M,51,46-60,999,<=1000,淮南,城区,四线城市
7779,M,58,46-60,1398,1001-2000,北京,乡村,一线城市
7780,M,78,60+,1398,1001-2000,烟台,unknown,二线城市
7781,F,42,36-45,1398,1001-2000,葫芦岛,unknown,五线城市
7782,F,53,46-60,1999,1001-2000,白银,乡村,五线城市
7783,M,52,46-60,1699,1001-2000,广元,乡村,五线城市
7784,M,70,60+,1999,1001-2000,盐城,镇区,三线城市
7786,M,68,60+,788,<=1000,北京,城区,一线城市
7787,M,52,46-60,2999,2001-4000,郑州,unknown,新一线城市
7788,F,21,19-25,999,<=1000,七台河,城区,五线城市
7789,F,69,60+,2499,2001-4000,昭通,乡村,五线城市
7790,F,39,36-45,3799,2001-4000,临沂,乡村,三线城市
7791,M,71,60+,1299,1001-2000,盘锦,unknown,四线城市
7793,M,70,60+,1099,1001-2000,泉州,城区,二线城市
7794,F,40,36-45,1199,1001-2000,陇南,乡村,五线城市
7795,M,50,46-60,1299,1001-2000,文山壮族苗族自治州,乡村,五线城市
7796,F,24,19-25,1199,1001-2000,南昌,unknown,二线城市
7797,M,76,60+,1098,1001-2000,巴彦淖尔,城区,五线城市
7801,M,66,60+,549,<=1000,洛阳,乡村,三线城市
7802,M,61,60+,2399,2001-4000,兰州,城区,二线城市
7805,F,20,19-25,1399,1001-2000,惠州,乡村,二线城市
7806,F,55,46-60,2399,2001-4000,上饶,镇区,三线城市
7807,F,64,60+,1580,1001-2000,普洱,镇区,五线城市
7808,M,25,19-25,3999,2001-4000,和田地区,镇区,五线城市
7809,F,40,36-45,1599,1001-2000,凉山彝族自治州,unknown,五线城市
7810,F,75,60+,1999,1001-2000,宁波,unknown,新一线城市
7811,M,32,26-35,1399,1001-2000,石家庄,镇区,二线城市
7813,M,39,36-45,3498,2001-4000,安庆,乡村,三线城市
7814,M,51,46-60,1699,1001-2000,株洲,unknown,三线城市
7816,F,39,36-45,869,<=1000,南昌,unknown,二线城市
7817,M,24,19-25,1099,1001-2000,漯河,乡村,五线城市
7818,F,56,46-60,2499,2001-4000,廊坊,城区,三线城市
7819,M,33,26-35,1299,1001-2000,邯郸,乡村,三线城市
7820,M,68,60+,2299,2001-4000,广州,乡村,一线城市
7821,F,56,46-60,3599,2001-4000,乌鲁木齐,城区,三线城市
7822,M,30,26-35,4399,4001-7000,杭州,城区,新一线城市
7823,M,50,46-60,1499,1001-2000,黔东南苗族侗族自治州,unknown,四线城市
7825,F,37,36-45,3699,2001-4000,泉州,unknown,二线城市
7826,M,62,60+,1599,1001-2000,榆林,乡村,四线城市
7827,F,61,60+,695,<=1000,安阳,unknown,四线城市
7828,F,32,26-35,2199,2001-4000,怀化,乡村,四线城市
7829,M,52,46-60,799,<=1000,大连,城区,二线城市
7830,F,34,26-35,1499,1001-2000,毕节,乡村,四线城市
7831,M,75,60+,2798,2001-4000,上海,乡村,一线城市
7832,F,23,19-25,1398,1001-2000,盐城,乡村,三线城市
7833,F,59,46-60,1599,1001-2000,汉中,镇区,五线城市
7834,F,39,36-45,2499,2001-4000,保定,乡村,三线城市
7835,M,35,26-35,1899,1001-2000,延安,乡村,五线城市
7837,F,45,36-45,599,<=1000,辽阳,unknown,五线城市
7838,F,58,46-60,899,<=1000,温州,乡村,二线城市
7842,F,27,26-35,1998,1001-2000,张掖,乡村,五线城市
7843,F,31,26-35,1068,1001-2000,河池,乡村,五线城市
7844,M,78,60+,5488,4001-7000,鄂尔多斯,乡村,四线城市
7846,M,32,26-35,2499,2001-4000,济源,城区,五线城市
7847,M,30,26-35,1300,1001-2000,乌鲁木齐,城区,三线城市
7851,M,30,26-35,2699,2001-4000,上海,城区,一线城市
7852,M,76,60+,1068,1001-2000,郑州,城区,新一线城市
7853,F,77,60+,1398,1001-2000,上海,unknown,一线城市
7854,M,36,36-45,999,<=1000,聊城,城区,四线城市
7855,M,34,26-35,1599,1001-2000,阳泉,unknown,五线城市
7856,M,64,60+,400,<=1000,九江,乡村,三线城市
7857,M,33,26-35,1399,1001-2000,上海,unknown,一线城市
7858,M,44,36-45,1999,1001-2000,湛江,unknown,三线城市
7860,M,36,36-45,2999,2001-4000,屯昌,乡村,五线城市
7861,F,58,46-60,849,<=1000,邯郸,乡村,三线城市
7864,F,24,19-25,1699,1001-2000,上海,城区,一线城市
7868,M,77,60+,1399,1001-2000,潍坊,镇区,三线城市
7869,M,34,26-35,999,<=1000,长春,乡村,二线城市
7871,M,43,36-45,1999,1001-2000,黔东南苗族侗族自治州,乡村,四线城市
7872,M,77,60+,1199,1001-2000,巴彦淖尔,unknown,五线城市
7873,M,37,36-45,1499,1001-2000,崇左,unknown,五线城市
7874,M,60,46-60,1498,1001-2000,吉林,unknown,三线城市
7875,F,49,46-60,659,<=1000,忻州,城区,五线城市
7876,F,40,36-45,999,<=1000,重庆,unknown,新一线城市
7878,M,70,60+,3498,2001-4000,四平,城区,五线城市
7879,M,28,26-35,3498,2001-4000,广州,unknown,一线城市
7880,F,20,19-25,899,<=1000,喀什地区,乡村,五线城市
7881,F,20,19-25,1548,1001-2000,广安,乡村,五线城市
7883,M,32,26-35,1299,1001-2000,锡林郭勒盟,unknown,五线城市
7885,M,79,60+,1963,1001-2000,平凉,乡村,五线城市
7886,F,50,46-60,599,<=1000,上饶,unknown,三线城市
7887,M,70,60+,1199,1001-2000,赤峰,unknown,四线城市
7892,M,69,60+,1999,1001-2000,十堰,unknown,四线城市
7893,M,39,36-45,1150,1001-2000,毕节,unknown,四线城市
7895,M,23,19-25,4399,4001-7000,无锡,城区,二线城市
7897,M,37,36-45,7799,7000+,唐山,乡村,三线城市
7899,F,55,46-60,1556,1001-2000,银川,乡村,三线城市
7900,F,69,60+,1199,1001-2000,邯郸,unknown,三线城市
7901,M,37,36-45,1699,1001-2000,郑州,乡村,新一线城市
7902,M,61,60+,3699,2001-4000,吉林,乡村,三线城市
7903,M,49,46-60,999,<=1000,榆林,镇区,四线城市
7904,M,36,36-45,1599,1001-2000,宁波,乡村,新一线城市
7906,M,69,60+,1399,1001-2000,德州,unknown,四线城市
7907,F,51,46-60,999,<=1000,大连,unknown,二线城市
7910,M,49,46-60,1198,1001-2000,临沂,城区,三线城市
7911,M,45,36-45,1999,1001-2000,巴中,镇区,五线城市
7912,F,35,26-35,3399,2001-4000,钦州,unknown,五线城市
7913,M,54,46-60,3999,2001-4000,日照,unknown,四线城市
7914,M,59,46-60,899,<=1000,潍坊,乡村,三线城市
7915,F,47,46-60,1299,1001-2000,庆阳,城区,五线城市
7917,M,40,36-45,5999,4001-7000,平顶山,城区,四线城市
7918,F,53,46-60,1139,1001-2000,呼和浩特,unknown,三线城市
7919,M,67,60+,2799,2001-4000,惠州,unknown,二线城市
7921,M,29,26-35,1299,1001-2000,宜春,unknown,四线城市
7922,M,59,46-60,1199,1001-2000,泉州,城区,二线城市
7923,M,57,46-60,1199,1001-2000,北京,城区,一线城市
7924,F,58,46-60,1099,1001-2000,临沧,unknown,五线城市
7925,M,47,46-60,1189,1001-2000,平顶山,乡村,四线城市
7926,M,62,60+,1599,1001-2000,南宁,乡村,二线城市
7927,M,63,60+,1299,1001-2000,济宁,乡村,三线城市
7928,M,60,46-60,1599,1001-2000,扬州,unknown,二线城市
7929,M,62,60+,899,<=1000,中卫,乡村,五线城市
7930,M,48,46-60,1999,1001-2000,张家口,乡村,四线城市
7931,F,68,60+,999,<=1000,济宁,unknown,三线城市
7935,M,68,60+,1899,1001-2000,邯郸,unknown,三线城市
7937,F,30,26-35,2599,2001-4000,长沙,unknown,新一线城市
7940,F,31,26-35,1699,1001-2000,重庆,unknown,新一线城市
7941,M,71,60+,2999,2001-4000,宿迁,镇区,三线城市
7943,M,20,19-25,1279,1001-2000,中山,镇区,二线城市
7944,M,28,26-35,7999,7000+,合肥,镇区,二线城市
7945,F,28,26-35,3788,2001-4000,佛山,城区,二线城市
7946,M,73,60+,1599,1001-2000,黔南布依族苗族自治州,镇区,四线城市
7948,M,35,26-35,1398,1001-2000,上海,unknown,一线城市
7949,M,77,60+,2699,2001-4000,通辽,镇区,五线城市
7950,M,38,36-45,1499,1001-2000,娄底,乡村,四线城市
7952,M,73,60+,1068,1001-2000,安庆,乡村,三线城市
7953,M,60,46-60,1799,1001-2000,安阳,unknown,四线城市
7954,M,34,26-35,1060,1001-2000,贵阳,城区,二线城市
7955,M,41,36-45,1399,1001-2000,新乡,乡村,三线城市
7958,F,64,60+,788,<=1000,衡阳,乡村,三线城市
7959,F,39,36-45,2799,2001-4000,甘南藏族自治州,乡村,五线城市
7960,F,57,46-60,1068,1001-2000,北海,unknown,四线城市
7962,M,47,46-60,3699,2001-4000,百色,乡村,四线城市
7963,M,46,46-60,2100,2001-4000,锡林郭勒盟,城区,五线城市
7964,F,32,26-35,999,<=1000,济宁,unknown,三线城市
7965,M,39,36-45,1599,1001-2000,承德,乡村,四线城市
7968,M,40,36-45,5999,4001-7000,唐山,unknown,三线城市
7972,F,51,46-60,1068,1001-2000,乐山,unknown,四线城市
7973,F,49,46-60,1699,1001-2000,曲靖,乡村,四线城市
7975,M,35,26-35,1899,1001-2000,长春,城区,二线城市
7976,F,47,46-60,1348,1001-2000,楚雄彝族自治州,unknown,五线城市
7979,M,49,46-60,2699,2001-4000,菏泽,乡村,四线城市
7980,M,36,36-45,4299,4001-7000,福州,城区,二线城市
7981,M,22,19-25,3099,2001-4000,长沙,城区,新一线城市
7985,F,66,60+,1279,1001-2000,天水,乡村,五线城市
7989,M,34,26-35,999,<=1000,宣城,镇区,四线城市
7990,M,39,36-45,1499,1001-2000,潍坊,城区,三线城市
7995,F,42,36-45,1398,1001-2000,吉安,unknown,四线城市
7997,F,35,26-35,2788,2001-4000,保定,unknown,三线城市
7998,M,31,26-35,999,<=1000,赣州,乡村,三线城市
7999,F,28,26-35,1199,1001-2000,普洱,镇区,五线城市
8000,F,68,60+,799,<=1000,揭阳,城区,三线城市
8005,F,55,46-60,999,<=1000,白银,乡村,五线城市
8006,M,53,46-60,599,<=1000,肇庆,城区,三线城市
8009,F,32,26-35,2499,2001-4000,驻马店,城区,四线城市
8010,F,66,60+,1399,1001-2000,西安,unknown,新一线城市
8011,F,74,60+,1599,1001-2000,湖州,乡村,三线城市
8012,F,58,46-60,1599,1001-2000,北京,unknown,一线城市
8014,M,42,36-45,1899,1001-2000,西宁,unknown,四线城市
8015,M,31,26-35,2499,2001-4000,莆田,乡村,三线城市
8017,M,23,19-25,9299,7000+,深圳,城区,一线城市
8018,M,30,26-35,3999,2001-4000,临汾,城区,四线城市
8019,M,24,19-25,3199,2001-4000,深圳,城区,一线城市
8020,F,60,46-60,1199,1001-2000,济南,unknown,二线城市
8021,M,37,36-45,1199,1001-2000,长春,乡村,二线城市
8022,F,64,60+,1499,1001-2000,青岛,unknown,新一线城市
8027,M,62,60+,1789,1001-2000,徐州,unknown,二线城市
8028,F,31,26-35,1699,1001-2000,阜阳,乡村,三线城市
8029,M,37,36-45,788,<=1000,内江,unknown,五线城市
8030,M,63,60+,1799,1001-2000,长春,乡村,二线城市
8031,M,69,60+,999,<=1000,孝感,unknown,四线城市
8032,F,30,26-35,3299,2001-4000,沧州,乡村,三线城市
8033,F,40,36-45,1399,1001-2000,临沂,镇区,三线城市
8036,M,58,46-60,1599,1001-2000,菏泽,乡村,四线城市
8037,F,61,60+,3498,2001-4000,东营,镇区,四线城市
8038,M,58,46-60,1499,1001-2000,济宁,unknown,三线城市
8039,M,32,26-35,1199,1001-2000,张家口,镇区,四线城市
8040,M,43,36-45,1548,1001-2000,菏泽,unknown,四线城市
8041,M,46,46-60,1699,1001-2000,达州,unknown,五线城市
8042,M,24,19-25,3548,2001-4000,烟台,城区,二线城市
8043,M,61,60+,695,<=1000,驻马店,unknown,四线城市
8045,F,59,46-60,1199,1001-2000,临沂,城区,三线城市
8046,M,21,19-25,3699,2001-4000,佛山,城区,二线城市
8049,M,31,26-35,1068,1001-2000,来宾,乡村,五线城市
8050,F,31,26-35,2999,2001-4000,宿迁,unknown,三线城市
8052,F,26,26-35,1899,1001-2000,普洱,乡村,五线城市
8054,F,79,60+,2299,2001-4000,十堰,unknown,四线城市
8055,F,78,60+,799,<=1000,武威,乡村,五线城市
8056,M,51,46-60,2399,2001-4000,梧州,unknown,四线城市
8057,F,55,46-60,999,<=1000,济南,unknown,二线城市
8058,M,49,46-60,1599,1001-2000,大连,unknown,二线城市
8059,M,24,19-25,1999,1001-2000,东莞,镇区,新一线城市
8060,M,56,46-60,1199,1001-2000,曲靖,镇区,四线城市
8062,M,37,36-45,2299,2001-4000,楚雄彝族自治州,乡村,五线城市
8063,F,79,60+,2999,2001-4000,怒江傈僳族自治州,unknown,五线城市
8064,M,68,60+,899,<=1000,海东,镇区,五线城市
8069,F,41,36-45,1598,1001-2000,大同,城区,四线城市
8072,M,48,46-60,4299,4001-7000,滁州,乡村,三线城市
8073,F,23,19-25,2299,2001-4000,保定,乡村,三线城市
8074,M,61,60+,1599,1001-2000,武威,unknown,五线城市
8075,F,54,46-60,949,<=1000,呼和浩特,unknown,三线城市
8076,M,52,46-60,899,<=1000,沧州,城区,三线城市
8079,M,70,60+,2699,2001-4000,北京,unknown,一线城市
8080,F,39,36-45,1999,1001-2000,萍乡,乡村,五线城市
8081,F,79,60+,899,<=1000,酒泉,城区,五线城市
8082,M,34,26-35,2699,2001-4000,唐山,乡村,三线城市
8083,M,78,60+,1399,1001-2000,德州,镇区,四线城市
8085,M,78,60+,2898,2001-4000,厦门,unknown,二线城市
8087,M,32,26-35,1718,1001-2000,菏泽,乡村,四线城市
8088,M,78,60+,1499,1001-2000,广州,城区,一线城市
8089,M,71,60+,599,<=1000,广州,unknown,一线城市
8090,F,77,60+,1899,1001-2000,白银,乡村,五线城市
8091,M,63,60+,999,<=1000,兴安盟,城区,五线城市
8094,F,33,26-35,2499,2001-4000,苏州,城区,新一线城市
8096,F,35,26-35,1299,1001-2000,聊城,unknown,四线城市
8097,F,67,60+,1199,1001-2000,日照,unknown,四线城市
8099,M,20,19-25,999,<=1000,泸州,unknown,四线城市
8100,F,50,46-60,3498,2001-4000,金昌,乡村,五线城市
8101,F,39,36-45,1798,1001-2000,绵阳,unknown,三线城市
8102,F,32,26-35,899,<=1000,昆明,unknown,新一线城市
8104,F,40,36-45,848,<=1000,哈尔滨,城区,二线城市
8105,M,77,60+,1099,1001-2000,北京,unknown,一线城市
8106,M,30,26-35,2399,2001-4000,漯河,乡村,五线城市
8107,F,31,26-35,1399,1001-2000,喀什地区,unknown,五线城市
8110,F,31,26-35,899,<=1000,铜仁,乡村,四线城市
8111,M,48,46-60,999,<=1000,北海,乡村,四线城市
8112,M,32,26-35,969,<=1000,深圳,unknown,一线城市
8113,M,47,46-60,1498,1001-2000,大连,unknown,二线城市
8114,F,33,26-35,1699,1001-2000,榆林,乡村,四线城市
8115,F,71,60+,1068,1001-2000,烟台,unknown,二线城市
8116,F,74,60+,2288,2001-4000,伊春,unknown,五线城市
8117,F,20,19-25,1599,1001-2000,哈尔滨,乡村,二线城市
8118,M,25,19-25,5599,4001-7000,吉安,乡村,四线城市
8119,F,22,19-25,2699,2001-4000,汕尾,城区,四线城市
8121,M,21,19-25,1499,1001-2000,南昌,乡村,二线城市
8124,F,40,36-45,3299,2001-4000,舟山,城区,三线城市
8125,M,21,19-25,1699,1001-2000,昭通,乡村,五线城市
8128,F,68,60+,3198,2001-4000,南昌,unknown,二线城市
8130,F,40,36-45,3548,2001-4000,北京,城区,一线城市
8131,F,40,36-45,2788,2001-4000,梅州,unknown,三线城市
8132,M,22,19-25,1498,1001-2000,北京,城区,一线城市
8133,F,76,60+,969,<=1000,鹤壁,镇区,五线城市
8134,M,64,60+,1798,1001-2000,池州,unknown,五线城市
8136,M,33,26-35,5599,4001-7000,沧州,城区,三线城市
8137,M,35,26-35,2999,2001-4000,湖州,unknown,三线城市
8138,M,23,19-25,2399,2001-4000,衢州,unknown,四线城市
8140,M,32,26-35,1699,1001-2000,双鸭山,乡村,五线城市
8141,M,54,46-60,2699,2001-4000,东方,unknown,五线城市
8142,F,26,26-35,1898,1001-2000,潍坊,乡村,三线城市
8143,F,27,26-35,2699,2001-4000,毕节,unknown,四线城市
8145,M,38,36-45,1699,1001-2000,榆林,乡村,四线城市
8147,M,52,46-60,1299,1001-2000,阜阳,unknown,三线城市
8149,F,72,60+,1699,1001-2000,怀化,乡村,四线城市
8150,M,36,36-45,1978,1001-2000,南通,unknown,二线城市
8151,F,61,60+,2499,2001-4000,湛江,unknown,三线城市
8152,M,31,26-35,999,<=1000,西宁,城区,四线城市
8154,M,75,60+,1149,1001-2000,唐山,城区,三线城市
8155,M,32,26-35,2699,2001-4000,安顺,镇区,四线城市
8156,M,74,60+,400,<=1000,武威,乡村,五线城市
8158,F,40,36-45,1899,1001-2000,天水,unknown,五线城市
8159,F,64,60+,999,<=1000,白银,镇区,五线城市
8161,M,34,26-35,1149,1001-2000,上海,城区,一线城市
8162,M,23,19-25,3199,2001-4000,潍坊,城区,三线城市
8163,M,60,46-60,2199,2001-4000,沧州,unknown,三线城市
8164,F,22,19-25,1299,1001-2000,石家庄,城区,二线城市
8166,F,75,60+,1129,1001-2000,邯郸,unknown,三线城市
8167,M,36,36-45,989,<=1000,白山,城区,五线城市
8168,M,25,19-25,999,<=1000,汕头,城区,三线城市
8169,F,70,60+,1199,1001-2000,秦皇岛,乡村,三线城市
8173,F,75,60+,799,<=1000,百色,镇区,四线城市
8175,M,63,60+,899,<=1000,潍坊,unknown,三线城市
8179,M,51,46-60,999,<=1000,玉林,乡村,四线城市
8180,M,69,60+,2499,2001-4000,天津,unknown,新一线城市
8184,F,46,46-60,3999,2001-4000,西安,城区,新一线城市
8185,M,40,36-45,1099,1001-2000,济宁,乡村,三线城市
8186,F,22,19-25,1399,1001-2000,六安,城区,四线城市
8187,M,70,60+,1199,1001-2000,湖州,乡村,三线城市
8189,M,40,36-45,629,<=1000,佛山,unknown,二线城市
8190,F,63,60+,1548,1001-2000,唐山,unknown,三线城市
8191,F,27,26-35,1099,1001-2000,德宏傣族景颇族自治州,乡村,四线城市
8193,M,22,19-25,1399,1001-2000,广州,乡村,一线城市
8194,M,75,60+,799,<=1000,沧州,城区,三线城市
8198,F,26,26-35,1548,1001-2000,毕节,乡村,四线城市
8199,M,44,36-45,1299,1001-2000,哈尔滨,乡村,二线城市
8201,M,35,26-35,1899,1001-2000,珠海,unknown,二线城市
8202,F,78,60+,1299,1001-2000,忻州,乡村,五线城市
8204,M,36,36-45,1299,1001-2000,邢台,乡村,四线城市
8205,M,26,26-35,1999,1001-2000,汕尾,乡村,四线城市
8206,F,25,19-25,1398,1001-2000,蚌埠,乡村,三线城市
8207,F,37,36-45,1250,1001-2000,昭通,乡村,五线城市
8208,F,71,60+,1599,1001-2000,威海,乡村,三线城市
8209,M,34,26-35,3499,2001-4000,莆田,乡村,三线城市
8210,M,51,46-60,999,<=1000,枣庄,unknown,四线城市
8211,M,39,36-45,1799,1001-2000,济宁,镇区,三线城市
8212,M,56,46-60,999,<=1000,东莞,unknown,新一线城市
8213,M,54,46-60,1199,1001-2000,济南,城区,二线城市
8214,M,41,36-45,999,<=1000,聊城,乡村,四线城市
8215,M,67,60+,1299,1001-2000,恩施土家族苗族自治州,unknown,四线城市
8218,M,31,26-35,4699,4001-7000,临汾,乡村,四线城市
8220,F,20,19-25,1499,1001-2000,秦皇岛,乡村,三线城市
8221,M,24,19-25,3699,2001-4000,海口,unknown,二线城市
8222,M,45,36-45,2699,2001-4000,沈阳,unknown,新一线城市
8223,M,37,36-45,1699,1001-2000,东莞,unknown,新一线城市
8224,M,21,19-25,4399,4001-7000,成都,城区,新一线城市
8226,M,65,60+,2099,2001-4000,晋城,unknown,五线城市
8227,M,39,36-45,1599,1001-2000,宁德,镇区,三线城市
8228,M,77,60+,899,<=1000,黄南藏族自治州,乡村,五线城市
8229,M,22,19-25,1999,1001-2000,南通,城区,二线城市
8231,F,62,60+,699,<=1000,济南,城区,二线城市
8233,M,56,46-60,2399,2001-4000,兰州,城区,二线城市
8234,F,36,36-45,1299,1001-2000,苏州,城区,新一线城市
8235,M,21,19-25,1399,1001-2000,茂名,乡村,四线城市
8237,M,78,60+,1098,1001-2000,毕节,乡村,四线城市
8239,M,26,26-35,1299,1001-2000,阿克苏地区,镇区,五线城市
8240,F,67,60+,1299,1001-2000,吉林,乡村,三线城市
8242,F,42,36-45,1398,1001-2000,南昌,unknown,二线城市
8245,M,58,46-60,1898,1001-2000,赤峰,unknown,四线城市
8247,M,35,26-35,1298,1001-2000,德州,镇区,四线城市
8250,M,36,36-45,6499,4001-7000,上海,unknown,一线城市
8251,M,54,46-60,1398,1001-2000,沧州,unknown,三线城市
8252,M,44,36-45,1298,1001-2000,上饶,unknown,三线城市
8253,M,78,60+,1998,1001-2000,吕梁,乡村,五线城市
8258,M,54,46-60,1498,1001-2000,本溪,城区,五线城市
8260,M,24,19-25,2288,2001-4000,玉林,乡村,四线城市
8261,M,76,60+,1099,1001-2000,临沂,乡村,三线城市
8262,M,36,36-45,1999,1001-2000,榆林,乡村,四线城市
8263,F,23,19-25,1099,1001-2000,凉山彝族自治州,乡村,五线城市
8265,F,38,36-45,5999,4001-7000,鞍山,镇区,三线城市
8266,M,33,26-35,1348,1001-2000,贵阳,unknown,二线城市
8269,M,71,60+,1199,1001-2000,济南,unknown,二线城市
8271,F,27,26-35,6222,4001-7000,固原,城区,五线城市
8274,M,49,46-60,2699,2001-4000,日喀则,unknown,五线城市
8275,F,47,46-60,899,<=1000,宁波,unknown,新一线城市
8276,M,38,36-45,3899,2001-4000,温州,乡村,二线城市
8277,M,29,26-35,4999,4001-7000,哈尔滨,城区,二线城市
8280,M,34,26-35,1398,1001-2000,红河哈尼族彝族自治州,unknown,四线城市
8281,F,31,26-35,1999,1001-2000,临沧,unknown,五线城市
8282,F,47,46-60,899,<=1000,清远,乡村,三线城市
8283,M,63,60+,1548,1001-2000,邯郸,unknown,三线城市
8286,M,37,36-45,2499,2001-4000,衡水,乡村,五线城市
8287,F,66,60+,1999,1001-2000,桂林,乡村,三线城市
8288,F,42,36-45,1980,1001-2000,齐齐哈尔,乡村,四线城市
8290,M,24,19-25,2498,2001-4000,普洱,乡村,五线城市
8291,M,38,36-45,1899,1001-2000,宁波,unknown,新一线城市
8293,F,31,26-35,2399,2001-4000,焦作,城区,四线城市
8295,F,40,36-45,2188,2001-4000,厦门,城区,二线城市
8299,F,20,19-25,1348,1001-2000,亳州,城区,五线城市
8300,M,77,60+,1099,1001-2000,嘉兴,unknown,二线城市
8302,M,59,46-60,1898,1001-2000,晋中,乡村,四线城市
8303,M,74,60+,1499,1001-2000,黔东南苗族侗族自治州,镇区,四线城市
8304,F,66,60+,1899,1001-2000,保定,乡村,三线城市
8305,M,28,26-35,8999,7000+,定西,城区,五线城市
8308,M,61,60+,1499,1001-2000,保定,乡村,三线城市
8309,M,74,60+,1399,1001-2000,长治,unknown,五线城市
8311,M,55,46-60,1999,1001-2000,宜宾,unknown,四线城市
8313,M,33,26-35,1699,1001-2000,上海,unknown,一线城市
8315,F,34,26-35,1999,1001-2000,泉州,unknown,二线城市
8317,M,78,60+,1299,1001-2000,巴彦淖尔,镇区,五线城市
8318,F,25,19-25,6499,4001-7000,哈尔滨,城区,二线城市
8319,F,71,60+,1398,1001-2000,七台河,城区,五线城市
8320,M,67,60+,1199,1001-2000,孝感,城区,四线城市
8321,F,70,60+,1068,1001-2000,宜昌,乡村,三线城市
8322,M,52,46-60,1068,1001-2000,北京,城区,一线城市
8324,M,65,60+,1699,1001-2000,成都,unknown,新一线城市
8326,M,35,26-35,3199,2001-4000,宁波,unknown,新一线城市
8327,M,76,60+,930,<=1000,临沂,乡村,三线城市
8328,F,38,36-45,1998,1001-2000,曲靖,乡村,四线城市
8331,F,33,26-35,8999,7000+,广州,unknown,一线城市
8332,F,28,26-35,2699,2001-4000,阜阳,unknown,三线城市
8333,M,67,60+,1199,1001-2000,潍坊,城区,三线城市
8335,M,39,36-45,2699,2001-4000,滨州,乡村,四线城市
8336,M,79,60+,1699,1001-2000,运城,乡村,四线城市
8339,M,67,60+,2498,2001-4000,安庆,城区,三线城市
8341,F,23,19-25,899,<=1000,百色,乡村,四线城市
8342,M,37,36-45,1699,1001-2000,塔城地区,乡村,五线城市
8344,F,63,60+,1399,1001-2000,上海,unknown,一线城市
8345,M,53,46-60,999,<=1000,郑州,乡村,新一线城市
8347,F,28,26-35,2799,2001-4000,哈尔滨,镇区,二线城市
8348,M,36,36-45,1499,1001-2000,石家庄,镇区,二线城市
8349,M,31,26-35,848,<=1000,忻州,unknown,五线城市
8350,M,35,26-35,5599,4001-7000,资阳,unknown,五线城市
8351,M,21,19-25,899,<=1000,葫芦岛,乡村,五线城市
8353,F,35,26-35,1799,1001-2000,双鸭山,乡村,五线城市
8355,M,57,46-60,1799,1001-2000,邯郸,镇区,三线城市
8356,F,63,60+,1998,1001-2000,大理白族自治州,乡村,四线城市
8358,F,31,26-35,1999,1001-2000,成都,城区,新一线城市
8361,M,55,46-60,1599,1001-2000,宜宾,unknown,四线城市
8363,F,77,60+,3098,2001-4000,许昌,乡村,四线城市
8364,M,31,26-35,1099,1001-2000,洛阳,乡村,三线城市
8366,F,56,46-60,1499,1001-2000,绥化,镇区,四线城市
8368,M,56,46-60,688,<=1000,石家庄,城区,二线城市
8371,M,32,26-35,3699,2001-4000,鞍山,城区,三线城市
8372,F,22,19-25,1298,1001-2000,梧州,unknown,四线城市
8373,M,21,19-25,799,<=1000,新乡,城区,三线城市
8374,F,77,60+,999,<=1000,苏州,城区,新一线城市
8375,F,32,26-35,1199,1001-2000,亳州,unknown,五线城市
8377,M,44,36-45,1199,1001-2000,邢台,乡村,四线城市
8378,M,46,46-60,1399,1001-2000,石家庄,镇区,二线城市
8379,M,42,36-45,3799,2001-4000,厦门,unknown,二线城市
8380,M,43,36-45,1098,1001-2000,威海,城区,三线城市
8381,M,24,19-25,3699,2001-4000,佛山,城区,二线城市
8382,M,63,60+,1449,1001-2000,重庆,unknown,新一线城市
8384,M,58,46-60,1799,1001-2000,梧州,乡村,四线城市
8386,F,29,26-35,8999,7000+,邵阳,unknown,四线城市
8387,M,50,46-60,2149,2001-4000,济南,城区,二线城市
8388,F,33,26-35,2699,2001-4000,唐山,unknown,三线城市
8389,M,60,46-60,2288,2001-4000,衡水,unknown,五线城市
8390,M,77,60+,2299,2001-4000,商丘,乡村,三线城市
8391,F,75,60+,1999,1001-2000,西宁,unknown,四线城市
8392,M,39,36-45,2399,2001-4000,泸州,乡村,四线城市
8394,M,27,26-35,2299,2001-4000,临沧,乡村,五线城市
8395,M,51,46-60,899,<=1000,三门峡,城区,五线城市
8396,M,79,60+,2050,2001-4000,邢台,乡村,四线城市
8398,M,35,26-35,1399,1001-2000,廊坊,镇区,三线城市
8399,M,39,36-45,1199,1001-2000,孝感,unknown,四线城市
8400,M,22,19-25,1199,1001-2000,临汾,unknown,四线城市
8404,M,50,46-60,999,<=1000,商丘,乡村,三线城市
8407,M,38,36-45,1998,1001-2000,临沧,unknown,五线城市
8408,M,43,36-45,1999,1001-2000,宝鸡,乡村,四线城市
8409,M,77,60+,599,<=1000,赤峰,unknown,四线城市
8411,F,22,19-25,3699,2001-4000,宁波,unknown,新一线城市
8413,F,23,19-25,1299,1001-2000,淮安,乡村,三线城市
8415,F,62,60+,999,<=1000,鸡西,乡村,五线城市
8416,M,59,46-60,1068,1001-2000,唐山,乡村,三线城市
8418,M,22,19-25,2299,2001-4000,昭通,unknown,五线城市
8419,F,30,26-35,1998,1001-2000,临沂,乡村,三线城市
8420,M,71,60+,849,<=1000,赤峰,unknown,四线城市
8421,M,45,36-45,1139,1001-2000,清远,城区,三线城市
8423,F,32,26-35,2099,2001-4000,青岛,乡村,新一线城市
8424,F,53,46-60,999,<=1000,延边朝鲜族自治州,乡村,四线城市
8429,F,74,60+,2199,2001-4000,成都,镇区,新一线城市
8431,M,37,36-45,1398,1001-2000,山南,乡村,五线城市
8432,M,75,60+,1999,1001-2000,阜阳,unknown,三线城市
8433,M,57,46-60,2399,2001-4000,锦州,乡村,四线城市
8436,M,35,26-35,6222,4001-7000,金华,unknown,二线城市
8439,M,67,60+,1998,1001-2000,石嘴山,城区,五线城市
8440,F,34,26-35,1399,1001-2000,文山壮族苗族自治州,乡村,五线城市
8442,F,68,60+,1068,1001-2000,鞍山,城区,三线城市
8443,M,64,60+,599,<=1000,亳州,乡村,五线城市
8444,F,21,19-25,899,<=1000,贵阳,城区,二线城市
8445,F,51,46-60,1789,1001-2000,天津,乡村,新一线城市
8446,F,34,26-35,2298,2001-4000,金华,unknown,二线城市
8448,M,43,36-45,1899,1001-2000,绵阳,乡村,三线城市
8450,M,64,60+,1398,1001-2000,楚雄彝族自治州,乡村,五线城市
8451,F,55,46-60,999,<=1000,陇南,unknown,五线城市
8452,M,39,36-45,899,<=1000,福州,unknown,二线城市
8453,M,40,36-45,3699,2001-4000,深圳,城区,一线城市
8454,M,20,19-25,1199,1001-2000,茂名,乡村,四线城市
8455,M,39,36-45,1699,1001-2000,昌都,乡村,五线城市
8456,M,54,46-60,3199,2001-4000,广州,城区,一线城市
8457,F,40,36-45,1399,1001-2000,菏泽,unknown,四线城市
8458,M,59,46-60,999,<=1000,衡阳,unknown,三线城市
8459,F,63,60+,1899,1001-2000,武汉,unknown,新一线城市
8461,F,63,60+,1699,1001-2000,天水,乡村,五线城市
8462,M,48,46-60,999,<=1000,凉山彝族自治州,乡村,五线城市
8464,M,43,36-45,3999,2001-4000,郴州,镇区,三线城市
8465,F,33,26-35,2399,2001-4000,昭通,乡村,五线城市
8467,F,70,60+,7999,7000+,南通,乡村,二线城市
8469,M,74,60+,2698,2001-4000,阿拉尔,乡村,五线城市
8471,F,20,19-25,2288,2001-4000,六盘水,镇区,四线城市
8477,F,33,26-35,3548,2001-4000,长沙,城区,新一线城市
8478,F,52,46-60,1299,1001-2000,赤峰,unknown,四线城市
8479,M,74,60+,1899,1001-2000,廊坊,乡村,三线城市
8480,M,59,46-60,1599,1001-2000,锦州,城区,四线城市
8481,M,74,60+,6399,4001-7000,贵阳,城区,二线城市
8482,F,40,36-45,1798,1001-2000,西宁,unknown,四线城市
8484,M,44,36-45,1899,1001-2000,深圳,unknown,一线城市
8485,F,62,60+,799,<=1000,张家界,乡村,五线城市
8486,M,57,46-60,2099,2001-4000,太原,unknown,二线城市
8487,F,34,26-35,3799,2001-4000,黔西南布依族苗族自治州,镇区,五线城市
8488,F,51,46-60,999,<=1000,济宁,乡村,三线城市
8489,M,66,60+,3699,2001-4000,长春,unknown,二线城市
8492,F,79,60+,991,<=1000,重庆,unknown,新一线城市
8493,F,65,60+,3399,2001-4000,大连,unknown,二线城市
8495,F,29,26-35,1068,1001-2000,鄂州,乡村,五线城市
8496,F,66,60+,1199,1001-2000,百色,乡村,四线城市
8497,M,22,19-25,1699,1001-2000,昆明,城区,新一线城市
8498,M,38,36-45,1548,1001-2000,日喀则,unknown,五线城市
8499,M,34,26-35,2298,2001-4000,来宾,城区,五线城市
8500,M,23,19-25,1398,1001-2000,甘孜藏族自治州,乡村,五线城市
8502,M,52,46-60,1299,1001-2000,邯郸,unknown,三线城市
8503,F,35,26-35,2499,2001-4000,锦州,城区,四线城市
8505,M,44,36-45,2699,2001-4000,海东,乡村,五线城市
8506,F,22,19-25,2999,2001-4000,安阳,乡村,四线城市
8508,M,78,60+,1399,1001-2000,海北藏族自治州,unknown,五线城市
8510,M,73,60+,1799,1001-2000,绥化,乡村,四线城市
8511,F,40,36-45,1699,1001-2000,西安,unknown,新一线城市
8512,M,71,60+,899,<=1000,湘西土家族苗族自治州,乡村,五线城市
8513,F,72,60+,4899,4001-7000,鞍山,城区,三线城市
8514,F,47,46-60,2100,2001-4000,铜仁,乡村,四线城市
8519,F,42,36-45,6222,4001-7000,徐州,unknown,二线城市
8521,F,30,26-35,1699,1001-2000,重庆,城区,新一线城市
8523,M,28,26-35,1298,1001-2000,襄阳,城区,三线城市
8524,M,31,26-35,2399,2001-4000,衡水,镇区,五线城市
8525,F,36,36-45,400,<=1000,宝鸡,乡村,四线城市
8526,F,41,36-45,1149,1001-2000,唐山,乡村,三线城市
8527,F,36,36-45,4899,4001-7000,宿州,unknown,四线城市
8528,M,56,46-60,999,<=1000,贵阳,城区,二线城市
8529,M,64,60+,1199,1001-2000,石家庄,unknown,二线城市
8531,M,54,46-60,400,<=1000,沧州,乡村,三线城市
8532,F,33,26-35,849,<=1000,沈阳,unknown,新一线城市
8533,M,53,46-60,899,<=1000,东莞,镇区,新一线城市
8535,M,51,46-60,1068,1001-2000,临沂,乡村,三线城市
8537,M,29,26-35,1399,1001-2000,贵阳,乡村,二线城市
8538,M,57,46-60,1999,1001-2000,昭通,unknown,五线城市
8540,M,26,26-35,738,<=1000,临沧,乡村,五线城市
8541,F,36,36-45,3699,2001-4000,大同,城区,四线城市
8542,M,51,46-60,1199,1001-2000,滨州,unknown,四线城市
8543,F,36,36-45,1699,1001-2000,天津,城区,新一线城市
8547,M,23,19-25,1399,1001-2000,枣庄,城区,四线城市
8548,M,37,36-45,899,<=1000,赣州,unknown,三线城市
8549,F,27,26-35,2399,2001-4000,唐山,unknown,三线城市
8550,F,60,46-60,3999,2001-4000,乌海,unknown,五线城市
8551,M,76,60+,2699,2001-4000,临沂,unknown,三线城市
8552,M,51,46-60,599,<=1000,唐山,乡村,三线城市
8554,M,33,26-35,2399,2001-4000,青岛,unknown,新一线城市
8556,M,42,36-45,1199,1001-2000,晋中,unknown,四线城市
8557,M,46,46-60,1498,1001-2000,揭阳,unknown,三线城市
8558,F,74,60+,899,<=1000,吉林,镇区,三线城市
8560,F,50,46-60,1799,1001-2000,济宁,乡村,三线城市
8561,M,34,26-35,7799,7000+,云浮,unknown,五线城市
8563,M,32,26-35,4999,4001-7000,济宁,乡村,三线城市
8567,M,57,46-60,2699,2001-4000,宜宾,乡村,四线城市
8577,M,28,26-35,5399,4001-7000,北京,乡村,一线城市
8579,F,30,26-35,2399,2001-4000,唐山,unknown,三线城市
8581,M,55,46-60,2299,2001-4000,新乡,乡村,三线城市
8582,F,40,36-45,1499,1001-2000,青岛,unknown,新一线城市
8584,F,22,19-25,999,<=1000,临沧,unknown,五线城市
8585,M,22,19-25,4999,4001-7000,忻州,unknown,五线城市
8586,M,31,26-35,2698,2001-4000,甘孜藏族自治州,乡村,五线城市
8587,M,35,26-35,1899,1001-2000,合肥,城区,二线城市
8588,M,22,19-25,1199,1001-2000,文山壮族苗族自治州,乡村,五线城市
8589,M,71,60+,1298,1001-2000,承德,unknown,四线城市
8590,M,20,19-25,2599,2001-4000,黔西南布依族苗族自治州,乡村,五线城市
8591,F,59,46-60,1699,1001-2000,吉安,乡村,四线城市
8592,F,79,60+,1699,1001-2000,桂林,unknown,三线城市
8593,M,23,19-25,599,<=1000,红河哈尼族彝族自治州,unknown,四线城市
8595,F,53,46-60,1068,1001-2000,宜宾,乡村,四线城市
8596,M,35,26-35,4999,4001-7000,咸阳,镇区,三线城市
8597,F,33,26-35,2149,2001-4000,太原,unknown,二线城市
8598,M,67,60+,1399,1001-2000,淄博,乡村,三线城市
8600,F,33,26-35,1198,1001-2000,安阳,unknown,四线城市
8601,M,37,36-45,2999,2001-4000,长春,城区,二线城市
8604,M,33,26-35,5999,4001-7000,武汉,unknown,新一线城市
8606,F,39,36-45,2699,2001-4000,北京,城区,一线城市
8607,M,39,36-45,2699,2001-4000,徐州,unknown,二线城市
8608,F,20,19-25,3999,2001-4000,海南藏族自治州,乡村,五线城市
8609,M,32,26-35,1599,1001-2000,成都,城区,新一线城市
8610,M,54,46-60,2699,2001-4000,银川,城区,三线城市
8611,F,37,36-45,999,<=1000,邢台,乡村,四线城市
8612,M,54,46-60,1899,1001-2000,济宁,乡村,三线城市
8614,M,21,19-25,1399,1001-2000,南宁,城区,二线城市
8615,F,42,36-45,2599,2001-4000,西安,unknown,新一线城市
8616,F,60,46-60,1398,1001-2000,包头,unknown,三线城市
8618,M,28,26-35,1898,1001-2000,淮安,乡村,三线城市
8619,F,44,36-45,2699,2001-4000,广州,城区,一线城市
8620,F,79,60+,1798,1001-2000,中山,镇区,二线城市
8621,M,34,26-35,1099,1001-2000,太原,城区,二线城市
8622,M,65,60+,1699,1001-2000,上海,unknown,一线城市
8624,F,76,60+,899,<=1000,娄底,unknown,四线城市
8625,F,71,60+,999,<=1000,鄂尔多斯,镇区,四线城市
8629,M,28,26-35,3098,2001-4000,黄山,unknown,四线城市
8631,M,39,36-45,688,<=1000,昆明,乡村,新一线城市
8632,M,23,19-25,1149,1001-2000,韶关,乡村,四线城市
8634,F,54,46-60,699,<=1000,徐州,乡村,二线城市
8636,F,37,36-45,1149,1001-2000,阜阳,unknown,三线城市
8638,M,34,26-35,1399,1001-2000,荆州,乡村,三线城市
8640,M,37,36-45,1999,1001-2000,汕尾,城区,四线城市
8642,M,22,19-25,899,<=1000,中山,镇区,二线城市
8643,M,43,36-45,1499,1001-2000,永州,unknown,四线城市
8644,F,31,26-35,1299,1001-2000,北京,unknown,一线城市
8645,M,34,26-35,1798,1001-2000,保定,unknown,三线城市
8646,M,32,26-35,1899,1001-2000,达州,乡村,五线城市
8647,F,73,60+,1098,1001-2000,石家庄,乡村,二线城市
8648,M,34,26-35,3699,2001-4000,西安,城区,新一线城市
8649,F,23,19-25,3548,2001-4000,清远,城区,三线城市
8650,F,74,60+,549,<=1000,张家口,乡村,四线城市
8651,M,23,19-25,2799,2001-4000,宝鸡,乡村,四线城市
8652,M,78,60+,1999,1001-2000,北京,unknown,一线城市
8653,M,37,36-45,2499,2001-4000,衡水,乡村,五线城市
8654,F,24,19-25,930,<=1000,哈尔滨,乡村,二线城市
8656,F,79,60+,1699,1001-2000,许昌,镇区,四线城市
8657,M,36,36-45,1298,1001-2000,惠州,城区,二线城市
8658,F,56,46-60,599,<=1000,太原,unknown,二线城市
8660,M,69,60+,1199,1001-2000,邯郸,unknown,三线城市
8661,M,79,60+,2999,2001-4000,许昌,unknown,四线城市
8662,M,56,46-60,1398,1001-2000,潍坊,乡村,三线城市
8663,F,33,26-35,5999,4001-7000,嘉兴,unknown,二线城市
8664,F,37,36-45,695,<=1000,潍坊,unknown,三线城市
8665,M,26,26-35,899,<=1000,黔西南布依族苗族自治州,乡村,五线城市
8666,M,47,46-60,1999,1001-2000,嘉兴,unknown,二线城市
8667,M,24,19-25,1398,1001-2000,周口,乡村,四线城市
8668,M,68,60+,1068,1001-2000,唐山,镇区,三线城市
8670,M,37,36-45,1279,1001-2000,株洲,unknown,三线城市
8672,F,37,36-45,1699,1001-2000,毕节,乡村,四线城市
8675,M,36,36-45,2399,2001-4000,广州,乡村,一线城市
8677,M,54,46-60,799,<=1000,徐州,乡村,二线城市
8680,M,62,60+,1899,1001-2000,潍坊,unknown,三线城市
8681,F,67,60+,1398,1001-2000,陇南,乡村,五线城市
8684,M,50,46-60,899,<=1000,潍坊,unknown,三线城市
8685,M,50,46-60,1899,1001-2000,昭通,乡村,五线城市
8686,M,55,46-60,999,<=1000,连云港,城区,三线城市
8687,M,36,36-45,999,<=1000,广州,unknown,一线城市
8691,M,68,60+,6499,4001-7000,鄂尔多斯,unknown,四线城市
8692,M,41,36-45,2299,2001-4000,天津,城区,新一线城市
8693,M,69,60+,999,<=1000,鞍山,乡村,三线城市
8694,F,52,46-60,1448,1001-2000,九江,镇区,三线城市
8695,F,29,26-35,1498,1001-2000,曲靖,乡村,四线城市
8699,F,49,46-60,1899,1001-2000,柳州,镇区,三线城市
8700,M,31,26-35,4999,4001-7000,武汉,unknown,新一线城市
8701,F,61,60+,400,<=1000,保定,镇区,三线城市
8702,M,33,26-35,2498,2001-4000,青岛,城区,新一线城市
8704,M,72,60+,2660,2001-4000,辽源,unknown,五线城市
8705,F,30,26-35,8999,7000+,苏州,城区,新一线城市
8706,M,50,46-60,2199,2001-4000,延安,unknown,五线城市
8707,F,33,26-35,1399,1001-2000,银川,unknown,三线城市
8709,M,29,26-35,1199,1001-2000,佛山,城区,二线城市
8710,F,40,36-45,1999,1001-2000,沈阳,城区,新一线城市
8711,M,22,19-25,2188,2001-4000,徐州,乡村,二线城市
8713,M,37,36-45,4299,4001-7000,苏州,城区,新一线城市
8714,M,71,60+,869,<=1000,通化,乡村,五线城市
8716,M,78,60+,1699,1001-2000,南京,unknown,新一线城市
8720,M,64,60+,1299,1001-2000,佳木斯,unknown,四线城市
8721,M,52,46-60,788,<=1000,郴州,城区,三线城市
8722,M,69,60+,1099,1001-2000,吉林,镇区,三线城市
8723,F,28,26-35,1199,1001-2000,韶关,unknown,四线城市
8724,F,40,36-45,3699,2001-4000,沧州,城区,三线城市
8725,F,45,36-45,2458,2001-4000,太原,城区,二线城市
8726,F,45,36-45,2298,2001-4000,遂宁,乡村,五线城市
8727,M,50,46-60,1798,1001-2000,绥化,乡村,四线城市
8728,F,25,19-25,899,<=1000,清远,乡村,三线城市
8729,M,79,60+,2288,2001-4000,吴忠,乡村,五线城市
8730,F,39,36-45,2699,2001-4000,晋中,unknown,四线城市
8731,M,51,46-60,788,<=1000,绵阳,乡村,三线城市
8732,M,30,26-35,3799,2001-4000,长沙,unknown,新一线城市
8733,M,58,46-60,1699,1001-2000,宁波,unknown,新一线城市
8734,M,33,26-35,7799,7000+,江门,乡村,三线城市
8737,F,59,46-60,799,<=1000,咸阳,unknown,三线城市
8739,M,63,60+,1699,1001-2000,大同,unknown,四线城市
8740,M,77,60+,1199,1001-2000,武汉,城区,新一线城市
8741,M,22,19-25,2100,2001-4000,承德,城区,四线城市
8742,M,43,36-45,1199,1001-2000,吴忠,城区,五线城市
8743,F,49,46-60,1398,1001-2000,东莞,unknown,新一线城市
8744,M,35,26-35,1798,1001-2000,中山,镇区,二线城市
8745,F,39,36-45,2999,2001-4000,石家庄,unknown,二线城市
8747,F,62,60+,2299,2001-4000,朝阳,乡村,五线城市
8748,F,47,46-60,448,<=1000,齐齐哈尔,unknown,四线城市
8749,M,63,60+,1699,1001-2000,北京,unknown,一线城市
8750,M,79,60+,600,<=1000,天水,乡村,五线城市
8752,F,65,60+,1099,1001-2000,连云港,乡村,三线城市
8754,M,68,60+,1099,1001-2000,呼和浩特,城区,三线城市
8755,F,65,60+,899,<=1000,贺州,unknown,五线城市
8756,M,32,26-35,3699,2001-4000,株洲,城区,三线城市
8757,M,39,36-45,999,<=1000,大理白族自治州,乡村,四线城市
8758,M,57,46-60,1068,1001-2000,乌鲁木齐,城区,三线城市
8760,F,25,19-25,1199,1001-2000,盐城,镇区,三线城市
8762,M,69,60+,1499,1001-2000,郑州,城区,新一线城市
8763,M,41,36-45,999,<=1000,商丘,乡村,三线城市
8764,M,62,60+,999,<=1000,新乡,unknown,三线城市
8766,M,60,46-60,1199,1001-2000,泰安,乡村,三线城市
8768,M,57,46-60,2299,2001-4000,舟山,乡村,三线城市
8770,M,63,60+,1150,1001-2000,青岛,城区,新一线城市
8772,M,38,36-45,1899,1001-2000,德州,乡村,四线城市
8773,F,42,36-45,2999,2001-4000,杭州,unknown,新一线城市
8775,M,79,60+,1599,1001-2000,鹤岗,unknown,五线城市
8776,M,32,26-35,3999,2001-4000,安庆,unknown,三线城市
8781,M,50,46-60,1699,1001-2000,长春,unknown,二线城市
8783,M,62,60+,2499,2001-4000,莆田,乡村,三线城市
8784,F,34,26-35,5899,4001-7000,玉树藏族自治州,unknown,五线城市
8785,M,37,36-45,1618,1001-2000,阜阳,乡村,三线城市
8786,M,54,46-60,1699,1001-2000,呼和浩特,乡村,三线城市
8787,F,40,36-45,2499,2001-4000,哈尔滨,unknown,二线城市
8788,M,35,26-35,2999,2001-4000,济宁,乡村,三线城市
8790,M,31,26-35,3999,2001-4000,揭阳,unknown,三线城市
8791,M,60,46-60,688,<=1000,济宁,乡村,三线城市
8792,M,72,60+,796,<=1000,长治,unknown,五线城市
8793,M,64,60+,1999,1001-2000,北京,unknown,一线城市
8794,F,25,19-25,2399,2001-4000,遵义,乡村,三线城市
8795,M,30,26-35,1789,1001-2000,台州,unknown,二线城市
8796,M,79,60+,3499,2001-4000,六安,unknown,四线城市
8799,F,55,46-60,1599,1001-2000,郴州,乡村,三线城市
8801,M,37,36-45,5599,4001-7000,哈尔滨,城区,二线城市
8802,M,51,46-60,1068,1001-2000,德州,城区,四线城市
8803,F,22,19-25,695,<=1000,周口,unknown,四线城市
8805,F,61,60+,2699,2001-4000,廊坊,城区,三线城市
8806,F,49,46-60,1458,1001-2000,枣庄,unknown,四线城市
8807,F,22,19-25,7999,7000+,合肥,unknown,二线城市
8808,M,73,60+,1699,1001-2000,苏州,镇区,新一线城市
8809,F,21,19-25,999,<=1000,安顺,镇区,四线城市
8811,F,30,26-35,1398,1001-2000,宁波,城区,新一线城市
8812,F,65,60+,2288,2001-4000,沧州,unknown,三线城市
8813,M,30,26-35,799,<=1000,杭州,乡村,新一线城市
8814,M,31,26-35,4899,4001-7000,辽阳,城区,五线城市
8815,F,39,36-45,2199,2001-4000,武汉,unknown,新一线城市
8817,M,46,46-60,999,<=1000,天津,城区,新一线城市
8818,F,58,46-60,738,<=1000,德州,乡村,四线城市
8819,F,24,19-25,1599,1001-2000,防城港,城区,五线城市
8821,F,23,19-25,1999,1001-2000,赣州,镇区,三线城市
8822,M,34,26-35,2299,2001-4000,临沂,城区,三线城市
8826,F,58,46-60,1399,1001-2000,海东,城区,五线城市
8827,F,47,46-60,999,<=1000,大理白族自治州,乡村,四线城市
8828,M,37,36-45,788,<=1000,天津,乡村,新一线城市
8829,M,39,36-45,400,<=1000,黔西南布依族苗族自治州,乡村,五线城市
8830,M,72,60+,2799,2001-4000,中山,城区,二线城市
8832,M,66,60+,1068,1001-2000,钦州,乡村,五线城市
8835,M,38,36-45,1199,1001-2000,中山,镇区,二线城市
8836,M,33,26-35,999,<=1000,大庆,城区,三线城市
8838,F,23,19-25,2499,2001-4000,三门峡,城区,五线城市
8842,F,22,19-25,2399,2001-4000,菏泽,镇区,四线城市
8843,F,35,26-35,999,<=1000,保定,乡村,三线城市
8844,M,36,36-45,6488,4001-7000,通辽,乡村,五线城市
8845,M,46,46-60,3548,2001-4000,青岛,城区,新一线城市
8846,M,55,46-60,1099,1001-2000,西安,unknown,新一线城市
8847,M,47,46-60,2999,2001-4000,福州,镇区,二线城市
8851,M,60,46-60,2699,2001-4000,黄石,unknown,四线城市
8853,F,67,60+,799,<=1000,濮阳,镇区,五线城市
8854,M,53,46-60,2458,2001-4000,遵义,unknown,三线城市
8855,M,54,46-60,1999,1001-2000,云浮,unknown,五线城市
8856,M,33,26-35,5999,4001-7000,阿克苏地区,乡村,五线城市
8857,M,51,46-60,1199,1001-2000,咸宁,unknown,四线城市
8858,M,77,60+,788,<=1000,金华,unknown,二线城市
8862,M,39,36-45,2799,2001-4000,深圳,unknown,一线城市
8863,M,43,36-45,1999,1001-2000,长沙,镇区,新一线城市
8866,M,41,36-45,1099,1001-2000,益阳,乡村,四线城市
8867,M,30,26-35,2298,2001-4000,盐城,乡村,三线城市
8868,M,58,46-60,1699,1001-2000,青岛,城区,新一线城市
8869,F,36,36-45,2499,2001-4000,衡阳,乡村,三线城市
8870,M,25,19-25,1699,1001-2000,毕节,镇区,四线城市
8871,F,27,26-35,2699,2001-4000,上海,unknown,一线城市
8872,F,22,19-25,999,<=1000,甘孜藏族自治州,unknown,五线城市
8874,F,56,46-60,2699,2001-4000,商丘,乡村,三线城市
8875,F,58,46-60,999,<=1000,铜川,乡村,五线城市
8878,F,28,26-35,1199,1001-2000,河池,unknown,五线城市
8880,M,21,19-25,1999,1001-2000,渭南,unknown,四线城市
8881,M,74,60+,999,<=1000,黔东南苗族侗族自治州,unknown,四线城市
8882,M,66,60+,2498,2001-4000,邢台,乡村,四线城市
8883,F,77,60+,1799,1001-2000,吴忠,乡村,五线城市
8884,M,32,26-35,579,<=1000,大庆,镇区,三线城市
8885,M,55,46-60,1699,1001-2000,长治,城区,五线城市
8886,M,65,60+,899,<=1000,阜阳,unknown,三线城市
8887,M,33,26-35,1099,1001-2000,来宾,unknown,五线城市
8888,F,31,26-35,2499,2001-4000,牡丹江,乡村,四线城市
8892,M,45,36-45,1699,1001-2000,保定,unknown,三线城市
8893,M,27,26-35,2298,2001-4000,商丘,乡村,三线城市
8894,F,76,60+,2000,1001-2000,泉州,乡村,二线城市
8895,M,36,36-45,1299,1001-2000,徐州,乡村,二线城市
8897,M,35,26-35,1699,1001-2000,钦州,unknown,五线城市
8898,F,31,26-35,3498,2001-4000,商洛,unknown,五线城市
8899,M,26,26-35,1699,1001-2000,武汉,城区,新一线城市
8902,M,46,46-60,2458,2001-4000,聊城,unknown,四线城市
8904,F,37,36-45,2969,2001-4000,石家庄,城区,二线城市
8905,M,23,19-25,1469,1001-2000,贵阳,unknown,二线城市
8906,M,62,60+,599,<=1000,临沧,乡村,五线城市
8907,M,34,26-35,999,<=1000,枣庄,unknown,四线城市
8909,M,64,60+,899,<=1000,保定,城区,三线城市
8911,M,22,19-25,1199,1001-2000,陇南,乡村,五线城市
8912,M,67,60+,2199,2001-4000,深圳,unknown,一线城市
8913,M,27,26-35,1999,1001-2000,北京,城区,一线城市
8914,M,47,46-60,1699,1001-2000,昆明,unknown,新一线城市
8915,F,26,26-35,1699,1001-2000,温州,unknown,二线城市
8916,F,59,46-60,1499,1001-2000,赤峰,乡村,四线城市
8917,M,78,60+,899,<=1000,商丘,unknown,三线城市
8918,F,20,19-25,3999,2001-4000,宁波,城区,新一线城市
8919,F,60,46-60,1199,1001-2000,绍兴,unknown,二线城市
8921,F,31,26-35,3498,2001-4000,泉州,乡村,二线城市
8922,F,36,36-45,2399,2001-4000,金华,unknown,二线城市
8924,F,20,19-25,1189,1001-2000,泉州,unknown,二线城市
8927,M,47,46-60,899,<=1000,榆林,unknown,四线城市
8928,M,24,19-25,1999,1001-2000,湛江,unknown,三线城市
8929,M,38,36-45,1129,1001-2000,太原,城区,二线城市
8931,F,50,46-60,901,<=1000,宝鸡,unknown,四线城市
8932,F,64,60+,1099,1001-2000,衡水,乡村,五线城市
8933,M,66,60+,1199,1001-2000,曲靖,unknown,四线城市
8935,F,31,26-35,1999,1001-2000,重庆,城区,新一线城市
8939,M,43,36-45,1398,1001-2000,东莞,镇区,新一线城市
8942,F,73,60+,4999,4001-7000,石家庄,unknown,二线城市
8944,M,51,46-60,1499,1001-2000,绥化,unknown,四线城市
8945,F,34,26-35,2298,2001-4000,上海,城区,一线城市
8946,M,45,36-45,1399,1001-2000,梧州,城区,四线城市
8947,M,36,36-45,1399,1001-2000,黔东南苗族侗族自治州,乡村,四线城市
8951,M,31,26-35,1199,1001-2000,新乡,城区,三线城市
8952,M,31,26-35,1068,1001-2000,延安,乡村,五线城市
8953,M,75,60+,2199,2001-4000,唐山,乡村,三线城市
8954,M,36,36-45,1399,1001-2000,常德,乡村,四线城市
8955,M,39,36-45,1548,1001-2000,毕节,乡村,四线城市
8956,F,32,26-35,3200,2001-4000,永州,城区,四线城市
8957,M,52,46-60,899,<=1000,恩施土家族苗族自治州,unknown,四线城市
8959,F,40,36-45,899,<=1000,贵阳,unknown,二线城市
8968,M,25,19-25,2499,2001-4000,抚顺,城区,五线城市
8969,M,45,36-45,5999,4001-7000,广州,城区,一线城市
8970,M,75,60+,1199,1001-2000,乌兰察布,镇区,五线城市
8971,M,64,60+,1718,1001-2000,吉林,乡村,三线城市
8972,M,65,60+,4899,4001-7000,九江,乡村,三线城市
8973,M,34,26-35,2699,2001-4000,深圳,unknown,一线城市
8974,M,45,36-45,999,<=1000,惠州,镇区,二线城市
8975,M,30,26-35,999,<=1000,哈密,乡村,五线城市
8976,M,51,46-60,899,<=1000,沈阳,城区,新一线城市
8981,M,61,60+,1398,1001-2000,江门,城区,三线城市
8982,M,39,36-45,1998,1001-2000,济宁,乡村,三线城市
8983,F,56,46-60,1999,1001-2000,白银,城区,五线城市
8984,F,49,46-60,1999,1001-2000,大连,unknown,二线城市
8985,F,23,19-25,2999,2001-4000,昆明,镇区,新一线城市
8986,M,39,36-45,3399,2001-4000,晋中,乡村,四线城市
8987,M,21,19-25,11999,7000+,上饶,乡村,三线城市
8988,M,73,60+,2499,2001-4000,沈阳,unknown,新一线城市
8991,M,20,19-25,5999,4001-7000,吕梁,城区,五线城市
8993,M,31,26-35,1150,1001-2000,晋中,镇区,四线城市
8994,M,37,36-45,1199,1001-2000,北京,城区,一线城市
8995,F,37,36-45,2999,2001-4000,钦州,城区,五线城市
8996,F,77,60+,1299,1001-2000,哈尔滨,unknown,二线城市
8997,M,31,26-35,3199,2001-4000,玉树藏族自治州,镇区,五线城市
8998,F,56,46-60,1498,1001-2000,辽阳,城区,五线城市
9000,M,40,36-45,2999,2001-4000,东莞,城区,新一线城市
9001,M,74,60+,2288,2001-4000,扬州,unknown,二线城市
9002,F,48,46-60,1699,1001-2000,济南,城区,二线城市
9003,F,30,26-35,3399,2001-4000,庆阳,unknown,五线城市
9004,M,29,26-35,2699,2001-4000,银川,unknown,三线城市
9005,M,60,46-60,823,<=1000,定西,乡村,五线城市
9006,M,35,26-35,1098,1001-2000,临沂,城区,三线城市
9007,M,79,60+,1199,1001-2000,宜昌,乡村,三线城市
9008,M,61,60+,899,<=1000,泰安,城区,三线城市
9009,F,36,36-45,1499,1001-2000,沧州,乡村,三线城市
9010,M,40,36-45,6999,4001-7000,德州,镇区,四线城市
9012,M,21,19-25,7999,7000+,苏州,城区,新一线城市
9014,M,41,36-45,3999,2001-4000,保定,镇区,三线城市
9015,M,29,26-35,1399,1001-2000,昌都,乡村,五线城市
9016,M,36,36-45,2799,2001-4000,嘉兴,城区,二线城市
9017,M,20,19-25,3298,2001-4000,嘉兴,镇区,二线城市
9019,F,22,19-25,2699,2001-4000,郑州,城区,新一线城市
9020,F,59,46-60,1548,1001-2000,张掖,unknown,五线城市
9022,F,50,46-60,899,<=1000,重庆,乡村,新一线城市
9023,M,57,46-60,699,<=1000,盘锦,unknown,四线城市
9024,F,43,36-45,1018,1001-2000,齐齐哈尔,乡村,四线城市
9025,M,37,36-45,1899,1001-2000,武威,城区,五线城市
9026,M,73,60+,599,<=1000,合肥,城区,二线城市
9028,M,66,60+,799,<=1000,北京,城区,一线城市
9029,F,37,36-45,1580,1001-2000,洛阳,城区,三线城市
9030,F,79,60+,1548,1001-2000,银川,城区,三线城市
9031,M,23,19-25,3999,2001-4000,沈阳,unknown,新一线城市
9032,F,39,36-45,2299,2001-4000,临沂,unknown,三线城市
9033,M,78,60+,1199,1001-2000,三明,unknown,三线城市
9035,M,22,19-25,2458,2001-4000,泉州,乡村,二线城市
9037,M,78,60+,1599,1001-2000,湖州,unknown,三线城市
9038,M,28,26-35,4299,4001-7000,金华,乡村,二线城市
9039,M,30,26-35,1139,1001-2000,孝感,unknown,四线城市
9040,F,29,26-35,1299,1001-2000,淮北,乡村,五线城市
9042,F,38,36-45,6222,4001-7000,邯郸,镇区,三线城市
9043,M,38,36-45,2499,2001-4000,扬州,城区,二线城市
9044,M,77,60+,999,<=1000,迪庆藏族自治州,unknown,五线城市
9045,M,74,60+,999,<=1000,呼和浩特,unknown,三线城市
9046,F,35,26-35,2969,2001-4000,许昌,unknown,四线城市
9047,M,33,26-35,1399,1001-2000,茂名,unknown,四线城市
9048,M,61,60+,699,<=1000,烟台,乡村,二线城市
9049,F,35,26-35,1149,1001-2000,蚌埠,unknown,三线城市
9050,M,40,36-45,3699,2001-4000,济南,unknown,二线城市
9051,F,42,36-45,1345,1001-2000,赣州,unknown,三线城市
9053,M,21,19-25,1998,1001-2000,周口,镇区,四线城市
9054,F,36,36-45,1099,1001-2000,巴音郭楞蒙古自治州,unknown,五线城市
9055,M,78,60+,1799,1001-2000,金昌,乡村,五线城市
9056,M,20,19-25,1499,1001-2000,茂名,乡村,四线城市
9057,M,30,26-35,1399,1001-2000,毕节,乡村,四线城市
9058,M,63,60+,1199,1001-2000,开封,unknown,四线城市
9059,F,32,26-35,1199,1001-2000,金昌,unknown,五线城市
9060,F,28,26-35,999,<=1000,普洱,乡村,五线城市
9061,F,56,46-60,4299,4001-7000,菏泽,unknown,四线城市
9062,F,62,60+,1068,1001-2000,运城,乡村,四线城市
9064,F,22,19-25,3399,2001-4000,东营,unknown,四线城市
9065,F,60,46-60,1099,1001-2000,固原,unknown,五线城市
9066,M,22,19-25,3299,2001-4000,防城港,乡村,五线城市
9067,M,67,60+,1299,1001-2000,商丘,城区,三线城市
9069,M,40,36-45,8999,7000+,晋中,乡村,四线城市
9071,M,67,60+,949,<=1000,济宁,乡村,三线城市
9072,F,27,26-35,1999,1001-2000,合肥,镇区,二线城市
9073,M,58,46-60,1999,1001-2000,河池,乡村,五线城市
9074,F,61,60+,837,<=1000,张家口,乡村,四线城市
9075,F,63,60+,1199,1001-2000,新乡,镇区,三线城市
9077,F,50,46-60,1199,1001-2000,菏泽,unknown,四线城市
9078,F,31,26-35,1398,1001-2000,楚雄彝族自治州,乡村,五线城市
9080,M,20,19-25,1398,1001-2000,惠州,乡村,二线城市
9081,M,23,19-25,1699,1001-2000,贵港,乡村,五线城市
9082,F,54,46-60,1068,1001-2000,乐山,城区,四线城市
9084,M,75,60+,599,<=1000,济南,城区,二线城市
9085,F,25,19-25,2499,2001-4000,张家界,乡村,五线城市
9086,M,63,60+,899,<=1000,鸡西,unknown,五线城市
9088,F,27,26-35,1999,1001-2000,文山壮族苗族自治州,镇区,五线城市
9089,F,20,19-25,2399,2001-4000,宿州,镇区,四线城市
9091,M,46,46-60,3699,2001-4000,南通,城区,二线城市
9092,M,33,26-35,2299,2001-4000,保山,镇区,四线城市
9093,F,42,36-45,2499,2001-4000,乌鲁木齐,城区,三线城市
9094,M,66,60+,1699,1001-2000,黄冈,乡村,四线城市
9095,M,66,60+,2399,2001-4000,濮阳,unknown,五线城市
9098,M,30,26-35,6099,4001-7000,潍坊,城区,三线城市
9100,M,61,60+,1149,1001-2000,大连,乡村,二线城市
9101,M,28,26-35,1798,1001-2000,吴忠,乡村,五线城市
9103,F,71,60+,688,<=1000,天水,乡村,五线城市
9104,F,76,60+,1068,1001-2000,文山壮族苗族自治州,镇区,五线城市
9105,M,35,26-35,4899,4001-7000,银川,城区,三线城市
9106,M,29,26-35,999,<=1000,佛山,城区,二线城市
9107,M,33,26-35,1068,1001-2000,怒江傈僳族自治州,乡村,五线城市
9108,F,74,60+,2699,2001-4000,苏州,unknown,新一线城市
9109,M,75,60+,629,<=1000,襄阳,unknown,三线城市
9114,F,30,26-35,3548,2001-4000,金华,乡村,二线城市
9115,M,37,36-45,1548,1001-2000,大同,乡村,四线城市
9116,M,39,36-45,3099,2001-4000,湖州,城区,三线城市
9117,M,47,46-60,999,<=1000,大理白族自治州,乡村,四线城市
9122,M,41,36-45,969,<=1000,绥化,城区,四线城市
9123,M,39,36-45,2000,1001-2000,沧州,城区,三线城市
9124,M,49,46-60,2299,2001-4000,天津,城区,新一线城市
9126,M,46,46-60,1299,1001-2000,哈尔滨,城区,二线城市
9128,M,74,60+,1699,1001-2000,固原,镇区,五线城市
9129,M,38,36-45,1199,1001-2000,鄂尔多斯,乡村,四线城市
9131,F,34,26-35,1598,1001-2000,曲靖,unknown,四线城市
9132,M,65,60+,2699,2001-4000,石家庄,unknown,二线城市
9134,M,61,60+,999,<=1000,衡水,unknown,五线城市
9135,M,56,46-60,3299,2001-4000,贵阳,unknown,二线城市
9137,M,33,26-35,4599,4001-7000,安顺,镇区,四线城市
9138,M,73,60+,2999,2001-4000,张掖,unknown,五线城市
9139,M,70,60+,1998,1001-2000,榆林,镇区,四线城市
9141,M,75,60+,1199,1001-2000,滨州,unknown,四线城市
9143,M,37,36-45,1999,1001-2000,玉溪,unknown,五线城市
9145,M,50,46-60,1699,1001-2000,北京,城区,一线城市
9148,M,35,26-35,2999,2001-4000,博尔塔拉蒙古自治州,unknown,五线城市
9149,M,37,36-45,2999,2001-4000,东莞,镇区,新一线城市
9150,F,20,19-25,2799,2001-4000,贵港,乡村,五线城市
9151,M,39,36-45,1399,1001-2000,重庆,城区,新一线城市
9152,M,26,26-35,4399,4001-7000,南昌,城区,二线城市
9153,M,70,60+,999,<=1000,来宾,unknown,五线城市
9155,F,38,36-45,1299,1001-2000,徐州,镇区,二线城市
9157,F,31,26-35,2499,2001-4000,大连,城区,二线城市
9160,M,31,26-35,2698,2001-4000,无锡,镇区,二线城市
9162,F,21,19-25,5999,4001-7000,北京,乡村,一线城市
9165,F,34,26-35,2598,2001-4000,青岛,unknown,新一线城市
9166,F,49,46-60,1999,1001-2000,呼和浩特,城区,三线城市
9168,M,21,19-25,899,<=1000,平凉,乡村,五线城市
9169,F,35,26-35,2999,2001-4000,濮阳,镇区,五线城市
9172,F,61,60+,599,<=1000,锦州,unknown,四线城市
9174,F,35,26-35,1799,1001-2000,巴音郭楞蒙古自治州,unknown,五线城市
9175,M,37,36-45,2998,2001-4000,淄博,镇区,三线城市
9179,M,39,36-45,999,<=1000,金华,乡村,二线城市
9180,M,37,36-45,2699,2001-4000,临沂,城区,三线城市
9182,F,39,36-45,999,<=1000,海口,unknown,二线城市
9183,M,54,46-60,899,<=1000,北京,unknown,一线城市
9186,M,73,60+,1799,1001-2000,漯河,unknown,五线城市
9187,M,77,60+,1599,1001-2000,成都,unknown,新一线城市
9188,M,31,26-35,899,<=1000,大理白族自治州,乡村,四线城市
9189,M,78,60+,999,<=1000,赤峰,unknown,四线城市
9190,M,34,26-35,3699,2001-4000,汕尾,乡村,四线城市
9191,F,70,60+,899,<=1000,宁波,unknown,新一线城市
9192,F,66,60+,1299,1001-2000,兴安盟,unknown,五线城市
9195,F,78,60+,3098,2001-4000,铁岭,乡村,五线城市
9197,F,33,26-35,3499,2001-4000,邵阳,城区,四线城市
9198,M,54,46-60,788,<=1000,自贡,unknown,五线城市
9199,M,78,60+,799,<=1000,喀什地区,乡村,五线城市
9200,M,62,60+,1199,1001-2000,大庆,镇区,三线城市
9202,M,60,46-60,2699,2001-4000,茂名,乡村,四线城市
9204,F,22,19-25,1998,1001-2000,铜仁,镇区,四线城市
9206,M,38,36-45,1498,1001-2000,邯郸,镇区,三线城市
9209,F,44,36-45,2499,2001-4000,昆明,城区,新一线城市
9210,M,42,36-45,1999,1001-2000,黔东南苗族侗族自治州,unknown,四线城市
9211,M,67,60+,1379,1001-2000,孝感,unknown,四线城市
9213,F,40,36-45,1458,1001-2000,临沂,unknown,三线城市
9214,M,36,36-45,999,<=1000,衡水,乡村,五线城市
9215,M,39,36-45,2999,2001-4000,茂名,城区,四线城市
9217,M,66,60+,2498,2001-4000,枣庄,城区,四线城市
9218,M,24,19-25,3548,2001-4000,东莞,镇区,新一线城市
9220,M,48,46-60,2698,2001-4000,青岛,城区,新一线城市
9223,M,64,60+,999,<=1000,丽江,乡村,四线城市
9225,M,37,36-45,2598,2001-4000,平顶山,unknown,四线城市
9226,M,26,26-35,6399,4001-7000,广州,城区,一线城市
9227,F,23,19-25,2499,2001-4000,周口,unknown,四线城市
9228,M,59,46-60,2499,2001-4000,天津,城区,新一线城市
9229,M,39,36-45,1398,1001-2000,濮阳,镇区,五线城市
9230,F,38,36-45,1999,1001-2000,梧州,镇区,四线城市
9232,M,70,60+,2099,2001-4000,无锡,城区,二线城市
9233,M,42,36-45,1699,1001-2000,广州,unknown,一线城市
9234,M,28,26-35,4399,4001-7000,台州,城区,二线城市
9235,M,27,26-35,3548,2001-4000,深圳,unknown,一线城市
9237,F,50,46-60,1068,1001-2000,遵义,乡村,三线城市
9240,M,71,60+,899,<=1000,哈密,unknown,五线城市
9242,F,34,26-35,1599,1001-2000,迪庆藏族自治州,unknown,五线城市
9243,M,54,46-60,899,<=1000,齐齐哈尔,unknown,四线城市
9245,F,79,60+,1400,1001-2000,潍坊,unknown,三线城市
9246,M,37,36-45,1798,1001-2000,菏泽,乡村,四线城市
9247,M,42,36-45,1198,1001-2000,毕节,镇区,四线城市
9248,F,23,19-25,3548,2001-4000,怀化,城区,四线城市
9250,M,36,36-45,899,<=1000,揭阳,乡村,三线城市
9251,M,20,19-25,2198,2001-4000,昆明,乡村,新一线城市
9252,M,75,60+,2699,2001-4000,福州,unknown,二线城市
9253,M,35,26-35,2000,1001-2000,武汉,unknown,新一线城市
9255,M,32,26-35,1699,1001-2000,大同,unknown,四线城市
9256,F,37,36-45,1299,1001-2000,菏泽,unknown,四线城市
9259,M,46,46-60,3488,2001-4000,大连,城区,二线城市
9260,M,22,19-25,5999,4001-7000,台州,乡村,二线城市
9262,M,40,36-45,2299,2001-4000,唐山,镇区,三线城市
9263,M,43,36-45,2499,2001-4000,毕节,unknown,四线城市
9264,M,40,36-45,4399,4001-7000,潮州,unknown,三线城市
9265,F,73,60+,600,<=1000,咸阳,unknown,三线城市
9266,F,29,26-35,1899,1001-2000,邢台,城区,四线城市
9268,F,31,26-35,2399,2001-4000,福州,unknown,二线城市
9269,M,33,26-35,1199,1001-2000,赣州,unknown,三线城市
9275,M,35,26-35,2299,2001-4000,成都,城区,新一线城市
9276,M,32,26-35,9299,7000+,鄂州,镇区,五线城市
9277,F,33,26-35,2699,2001-4000,石家庄,乡村,二线城市
9278,F,24,19-25,1999,1001-2000,贵阳,乡村,二线城市
9282,M,46,46-60,2699,2001-4000,常州,unknown,二线城市
9283,F,38,36-45,2699,2001-4000,成都,乡村,新一线城市
9284,F,66,60+,1789,1001-2000,无锡,城区,二线城市
9286,M,35,26-35,1789,1001-2000,百色,镇区,四线城市
9289,M,43,36-45,1998,1001-2000,仙桃,乡村,四线城市
9290,F,38,36-45,688,<=1000,承德,乡村,四线城市
9291,M,77,60+,699,<=1000,赤峰,镇区,四线城市
9292,F,20,19-25,4399,4001-7000,甘孜藏族自治州,乡村,五线城市
9295,F,22,19-25,6222,4001-7000,东莞,城区,新一线城市
9302,M,22,19-25,2598,2001-4000,梧州,城区,四线城市
9303,M,67,60+,1099,1001-2000,安庆,unknown,三线城市
9305,F,34,26-35,3199,2001-4000,泰安,unknown,三线城市
9306,F,32,26-35,1899,1001-2000,菏泽,镇区,四线城市
9307,F,29,26-35,6499,4001-7000,重庆,unknown,新一线城市
9308,F,41,36-45,2399,2001-4000,重庆,乡村,新一线城市
9309,F,44,36-45,2399,2001-4000,九江,unknown,三线城市
9310,M,78,60+,901,<=1000,文山壮族苗族自治州,unknown,五线城市
9311,M,32,26-35,799,<=1000,苏州,unknown,新一线城市
9312,M,20,19-25,4399,4001-7000,重庆,城区,新一线城市
9314,M,26,26-35,3699,2001-4000,巴音郭楞蒙古自治州,镇区,五线城市
9319,M,79,60+,799,<=1000,朝阳,乡村,五线城市
9320,F,26,26-35,4599,4001-7000,兰州,城区,二线城市
9323,M,29,26-35,1699,1001-2000,昆明,unknown,新一线城市
9325,M,47,46-60,4999,4001-7000,丽水,unknown,三线城市
9326,F,42,36-45,2499,2001-4000,无锡,镇区,二线城市
9327,F,62,60+,899,<=1000,衡水,乡村,五线城市
9328,F,67,60+,1068,1001-2000,普洱,乡村,五线城市
9329,M,36,36-45,1499,1001-2000,长春,乡村,二线城市
9330,M,76,60+,1599,1001-2000,泰安,unknown,三线城市
9332,M,58,46-60,1199,1001-2000,台州,城区,二线城市
9340,F,38,36-45,1399,1001-2000,吉安,镇区,四线城市
9342,M,41,36-45,1398,1001-2000,枣庄,镇区,四线城市
9343,F,72,60+,1599,1001-2000,保定,乡村,三线城市
9345,F,35,26-35,1548,1001-2000,汕头,镇区,三线城市
9346,M,44,36-45,2699,2001-4000,焦作,城区,四线城市
9348,F,59,46-60,1599,1001-2000,三门峡,乡村,五线城市
9350,M,62,60+,3399,2001-4000,厦门,unknown,二线城市
9351,F,20,19-25,1380,1001-2000,毕节,乡村,四线城市
9353,F,33,26-35,5888,4001-7000,宁波,unknown,新一线城市
9354,M,28,26-35,1998,1001-2000,东营,unknown,四线城市
9355,M,26,26-35,1498,1001-2000,保定,镇区,三线城市
9357,M,33,26-35,1099,1001-2000,天津,乡村,新一线城市
9358,F,38,36-45,4399,4001-7000,汕头,unknown,三线城市
9359,F,22,19-25,999,<=1000,喀什地区,unknown,五线城市
9360,F,32,26-35,2499,2001-4000,西安,城区,新一线城市
9361,M,20,19-25,1999,1001-2000,九江,镇区,三线城市
9362,F,31,26-35,1199,1001-2000,克拉玛依,unknown,五线城市
9363,M,33,26-35,3498,2001-4000,苏州,城区,新一线城市
9364,F,39,36-45,2099,2001-4000,石家庄,镇区,二线城市
9365,M,74,60+,999,<=1000,大连,unknown,二线城市
9366,M,57,46-60,1299,1001-2000,苏州,unknown,新一线城市
9368,M,39,36-45,3599,2001-4000,揭阳,乡村,三线城市
9369,M,70,60+,1299,1001-2000,三明,城区,三线城市
9370,M,57,46-60,999,<=1000,惠州,unknown,二线城市
9371,F,45,36-45,2499,2001-4000,十堰,镇区,四线城市
9372,M,42,36-45,1999,1001-2000,太原,城区,二线城市
9374,M,62,60+,2099,2001-4000,赣州,unknown,三线城市
9375,M,53,46-60,899,<=1000,菏泽,unknown,四线城市
9378,M,23,19-25,5599,4001-7000,大理白族自治州,unknown,四线城市
9379,M,58,46-60,1599,1001-2000,伊春,unknown,五线城市
9380,F,60,46-60,1399,1001-2000,攀枝花,城区,五线城市
9381,F,64,60+,4899,4001-7000,泸州,unknown,四线城市
9382,M,51,46-60,2699,2001-4000,本溪,unknown,五线城市
9383,M,36,36-45,2399,2001-4000,巴彦淖尔,乡村,五线城市
9388,M,69,60+,1299,1001-2000,汉中,乡村,五线城市
9392,F,46,46-60,2699,2001-4000,盐城,unknown,三线城市
9396,F,52,46-60,3498,2001-4000,武威,unknown,五线城市
9397,F,66,60+,1998,1001-2000,喀什地区,乡村,五线城市
9398,M,60,46-60,1899,1001-2000,酒泉,镇区,五线城市
9399,M,49,46-60,1068,1001-2000,钦州,乡村,五线城市
9400,M,38,36-45,5999,4001-7000,榆林,镇区,四线城市
9401,M,31,26-35,1699,1001-2000,百色,镇区,四线城市
9403,F,48,46-60,2399,2001-4000,呼和浩特,城区,三线城市
9404,M,40,36-45,1599,1001-2000,湛江,unknown,三线城市
9406,F,70,60+,1068,1001-2000,曲靖,乡村,四线城市
9407,F,23,19-25,3498,2001-4000,邵阳,城区,四线城市
9409,M,28,26-35,1999,1001-2000,成都,城区,新一线城市
9410,F,23,19-25,1599,1001-2000,北京,城区,一线城市
9411,F,64,60+,1199,1001-2000,重庆,城区,新一线城市
9413,M,40,36-45,2999,2001-4000,许昌,unknown,四线城市
9414,F,40,36-45,429,<=1000,防城港,unknown,五线城市
9415,M,40,36-45,2399,2001-4000,兰州,镇区,二线城市
9416,M,43,36-45,6499,4001-7000,镇江,乡村,三线城市
9417,M,43,36-45,1299,1001-2000,衡水,城区,五线城市
9418,M,21,19-25,1999,1001-2000,澄迈,乡村,五线城市
9421,F,33,26-35,2699,2001-4000,衡水,乡村,五线城市
9422,M,74,60+,1150,1001-2000,兰州,城区,二线城市
9423,F,78,60+,1898,1001-2000,南通,镇区,二线城市
9424,F,57,46-60,1548,1001-2000,铜仁,乡村,四线城市
9425,M,33,26-35,1398,1001-2000,巴音郭楞蒙古自治州,unknown,五线城市
9427,F,28,26-35,1999,1001-2000,济宁,乡村,三线城市
9429,F,37,36-45,1099,1001-2000,邵阳,unknown,四线城市
9430,M,42,36-45,1099,1001-2000,岳阳,城区,三线城市
9432,M,31,26-35,400,<=1000,渭南,城区,四线城市
9433,F,27,26-35,1139,1001-2000,广州,unknown,一线城市
9434,M,40,36-45,1139,1001-2000,吉安,unknown,四线城市
9436,M,47,46-60,1148,1001-2000,潍坊,乡村,三线城市
9437,F,74,60+,1298,1001-2000,广州,unknown,一线城市
9438,F,24,19-25,2099,2001-4000,遵义,unknown,三线城市
9439,M,21,19-25,5498,4001-7000,濮阳,unknown,五线城市
9440,F,29,26-35,8349,7000+,北京,unknown,一线城市
9441,M,26,26-35,848,<=1000,文山壮族苗族自治州,unknown,五线城市
9445,F,30,26-35,2399,2001-4000,曲靖,unknown,四线城市
9446,M,42,36-45,899,<=1000,南宁,城区,二线城市
9447,F,21,19-25,1499,1001-2000,汕头,unknown,三线城市
9448,F,21,19-25,1548,1001-2000,黔南布依族苗族自治州,乡村,四线城市
9450,M,61,60+,2399,2001-4000,海东,乡村,五线城市
9451,M,27,26-35,1548,1001-2000,六盘水,乡村,四线城市
9452,F,29,26-35,1398,1001-2000,西双版纳傣族自治州,unknown,四线城市
9455,M,66,60+,799,<=1000,揭阳,镇区,三线城市
9458,M,39,36-45,1299,1001-2000,桂林,unknown,三线城市
9459,F,73,60+,1299,1001-2000,兰州,unknown,二线城市
9464,M,30,26-35,1399,1001-2000,铜仁,乡村,四线城市
9465,M,37,36-45,2399,2001-4000,深圳,unknown,一线城市
9467,M,59,46-60,1699,1001-2000,定西,乡村,五线城市
9468,M,36,36-45,1899,1001-2000,德州,城区,四线城市
9470,F,38,36-45,3599,2001-4000,榆林,unknown,四线城市
9471,M,71,60+,899,<=1000,新乡,乡村,三线城市
9474,F,52,46-60,899,<=1000,北京,城区,一线城市
9476,M,68,60+,7799,7000+,惠州,城区,二线城市
9478,F,61,60+,999,<=1000,湛江,unknown,三线城市
9479,M,21,19-25,4399,4001-7000,上海,城区,一线城市
9480,M,25,19-25,1299,1001-2000,东莞,镇区,新一线城市
9481,F,21,19-25,4199,4001-7000,广州,城区,一线城市
9482,F,30,26-35,1899,1001-2000,普洱,unknown,五线城市
9484,F,51,46-60,999,<=1000,定西,镇区,五线城市
9485,M,70,60+,2699,2001-4000,银川,城区,三线城市
9486,F,72,60+,999,<=1000,伊犁哈萨克自治州,unknown,五线城市
9488,M,39,36-45,2699,2001-4000,石家庄,城区,二线城市
9489,M,36,36-45,1299,1001-2000,南阳,unknown,三线城市
9490,M,20,19-25,3999,2001-4000,来宾,乡村,五线城市
9491,F,72,60+,1149,1001-2000,邯郸,unknown,三线城市
9493,M,66,60+,999,<=1000,绥化,乡村,四线城市
9497,F,42,36-45,1079,1001-2000,宜昌,城区,三线城市
9498,F,73,60+,1199,1001-2000,青岛,unknown,新一线城市
9499,F,75,60+,999,<=1000,银川,unknown,三线城市
9502,F,20,19-25,6399,4001-7000,玉树藏族自治州,unknown,五线城市
9503,M,52,46-60,8899,7000+,上海,城区,一线城市
9504,M,64,60+,899,<=1000,海南藏族自治州,unknown,五线城市
9505,M,35,26-35,869,<=1000,阜阳,unknown,三线城市
9506,M,34,26-35,2499,2001-4000,衢州,城区,四线城市
9507,M,23,19-25,2699,2001-4000,秦皇岛,乡村,三线城市
9508,M,63,60+,1099,1001-2000,酒泉,乡村,五线城市
9513,M,32,26-35,2499,2001-4000,上饶,乡村,三线城市
9516,M,31,26-35,3798,2001-4000,无锡,unknown,二线城市
9519,M,77,60+,899,<=1000,郑州,unknown,新一线城市
9521,M,76,60+,599,<=1000,锡林郭勒盟,城区,五线城市
9522,M,32,26-35,2699,2001-4000,成都,城区,新一线城市
9523,F,71,60+,1599,1001-2000,临沂,镇区,三线城市
9524,M,51,46-60,649,<=1000,镇江,乡村,三线城市
9526,M,20,19-25,2699,2001-4000,东莞,镇区,新一线城市
9528,F,69,60+,1099,1001-2000,嘉兴,乡村,二线城市
9530,M,22,19-25,1499,1001-2000,绥化,乡村,四线城市
9532,M,36,36-45,1398,1001-2000,临沧,乡村,五线城市
9534,F,39,36-45,1199,1001-2000,黔西南布依族苗族自治州,unknown,五线城市
9535,M,23,19-25,1398,1001-2000,榆林,乡村,四线城市
9536,M,56,46-60,1999,1001-2000,抚顺,城区,五线城市
9539,M,59,46-60,2098,2001-4000,宝鸡,城区,四线城市
9540,F,75,60+,1199,1001-2000,西双版纳傣族自治州,城区,四线城市
9542,F,59,46-60,2399,2001-4000,兰州,城区,二线城市
9544,M,43,36-45,2998,2001-4000,南宁,城区,二线城市
9545,M,53,46-60,738,<=1000,衡水,unknown,五线城市
9548,F,37,36-45,2099,2001-4000,宝鸡,城区,四线城市
9552,F,77,60+,1399,1001-2000,六盘水,unknown,四线城市
9553,M,28,26-35,1699,1001-2000,东莞,镇区,新一线城市
9554,F,72,60+,2799,2001-4000,来宾,unknown,五线城市
9555,F,65,60+,1699,1001-2000,莆田,镇区,三线城市
9556,F,38,36-45,4399,4001-7000,上海,城区,一线城市
9557,M,51,46-60,1199,1001-2000,张家口,乡村,四线城市
9558,F,58,46-60,1899,1001-2000,佛山,城区,二线城市
9559,F,39,36-45,1899,1001-2000,濮阳,城区,五线城市
9561,F,37,36-45,1599,1001-2000,青岛,unknown,新一线城市
9562,F,22,19-25,1699,1001-2000,驻马店,乡村,四线城市
9563,F,77,60+,1399,1001-2000,天津,城区,新一线城市
9564,F,78,60+,1068,1001-2000,池州,乡村,五线城市
9566,M,32,26-35,2699,2001-4000,忻州,乡村,五线城市
9567,F,25,19-25,6399,4001-7000,忻州,城区,五线城市
9568,M,22,19-25,1699,1001-2000,佛山,城区,二线城市
9569,F,72,60+,999,<=1000,绵阳,乡村,三线城市
9570,M,39,36-45,1299,1001-2000,上饶,镇区,三线城市
9571,F,62,60+,1299,1001-2000,长沙,unknown,新一线城市
9573,M,21,19-25,1798,1001-2000,广州,城区,一线城市
9574,F,21,19-25,799,<=1000,张掖,城区,五线城市
9576,M,79,60+,1099,1001-2000,山南,镇区,五线城市
9577,M,51,46-60,1498,1001-2000,铁岭,城区,五线城市
9580,M,40,36-45,919,<=1000,苏州,镇区,新一线城市
9581,M,65,60+,999,<=1000,常德,unknown,四线城市
9582,M,75,60+,1799,1001-2000,吕梁,镇区,五线城市
9583,F,21,19-25,1199,1001-2000,钦州,乡村,五线城市
9586,M,69,60+,1999,1001-2000,温州,乡村,二线城市
9588,F,39,36-45,1699,1001-2000,乌海,城区,五线城市
9589,F,35,26-35,899,<=1000,普洱,乡村,五线城市
9590,M,58,46-60,1199,1001-2000,泰州,unknown,三线城市
9592,F,59,46-60,3498,2001-4000,广州,unknown,一线城市
9593,F,35,26-35,6222,4001-7000,咸阳,unknown,三线城市
9594,F,33,26-35,899,<=1000,唐山,乡村,三线城市
9595,F,58,46-60,2969,2001-4000,珠海,镇区,二线城市
9596,M,21,19-25,568,<=1000,崇左,乡村,五线城市
9600,F,53,46-60,1789,1001-2000,日照,乡村,四线城市
9603,M,23,19-25,1149,1001-2000,大理白族自治州,乡村,四线城市
9604,F,73,60+,3498,2001-4000,大连,城区,二线城市
9605,M,37,36-45,3699,2001-4000,杭州,乡村,新一线城市
9608,F,76,60+,799,<=1000,天水,unknown,五线城市
9609,M,23,19-25,2699,2001-4000,临夏回族自治州,乡村,五线城市
9610,M,27,26-35,1149,1001-2000,哈尔滨,城区,二线城市
9611,M,56,46-60,918,<=1000,绥化,乡村,四线城市
9612,M,58,46-60,899,<=1000,曲靖,乡村,四线城市
9613,M,36,36-45,3498,2001-4000,临沂,城区,三线城市
9614,M,24,19-25,2788,2001-4000,河源,城区,四线城市
9615,F,63,60+,899,<=1000,毕节,镇区,四线城市
9616,M,68,60+,1899,1001-2000,榆林,unknown,四线城市
9617,M,74,60+,1399,1001-2000,东莞,镇区,新一线城市
9620,F,22,19-25,599,<=1000,湛江,乡村,三线城市
9621,M,35,26-35,2999,2001-4000,揭阳,unknown,三线城市
9624,M,54,46-60,1348,1001-2000,保定,乡村,三线城市
9625,F,67,60+,823,<=1000,泰安,乡村,三线城市
9628,M,21,19-25,1199,1001-2000,台州,城区,二线城市
9629,M,35,26-35,2298,2001-4000,榆林,unknown,四线城市
9630,M,56,46-60,1999,1001-2000,昌吉回族自治州,unknown,五线城市
9631,M,35,26-35,2100,2001-4000,朔州,城区,五线城市
9634,F,71,60+,2458,2001-4000,中山,镇区,二线城市
9635,M,36,36-45,999,<=1000,临沂,乡村,三线城市
9636,F,45,36-45,1999,1001-2000,黔东南苗族侗族自治州,unknown,四线城市
9638,F,20,19-25,899,<=1000,哈尔滨,城区,二线城市
9639,M,30,26-35,2188,2001-4000,合肥,城区,二线城市
9640,F,63,60+,1698,1001-2000,深圳,城区,一线城市
9641,M,28,26-35,5999,4001-7000,文山壮族苗族自治州,镇区,五线城市
9642,F,69,60+,999,<=1000,桂林,unknown,三线城市
9646,M,52,46-60,6222,4001-7000,南昌,镇区,二线城市
9649,M,47,46-60,1250,1001-2000,晋城,乡村,五线城市
9650,M,71,60+,1998,1001-2000,长春,城区,二线城市
9651,F,34,26-35,2698,2001-4000,温州,unknown,二线城市
9652,F,44,36-45,1399,1001-2000,西安,unknown,新一线城市
9653,M,48,46-60,1189,1001-2000,沧州,镇区,三线城市
9654,F,22,19-25,1580,1001-2000,昭通,乡村,五线城市
9655,M,28,26-35,7999,7000+,哈尔滨,unknown,二线城市
9658,M,67,60+,1798,1001-2000,抚州,镇区,四线城市
9660,F,38,36-45,1798,1001-2000,温州,乡村,二线城市
9661,F,22,19-25,1150,1001-2000,重庆,城区,新一线城市
9662,M,33,26-35,1699,1001-2000,莆田,乡村,三线城市
9665,M,75,60+,1599,1001-2000,潍坊,城区,三线城市
9666,M,57,46-60,2799,2001-4000,柳州,城区,三线城市
9667,M,39,36-45,4399,4001-7000,兰州,乡村,二线城市
9668,M,74,60+,1789,1001-2000,阜新,乡村,五线城市
9669,F,59,46-60,999,<=1000,武威,乡村,五线城市
9671,M,63,60+,1099,1001-2000,益阳,unknown,四线城市
9672,M,32,26-35,1798,1001-2000,楚雄彝族自治州,unknown,五线城市
9673,M,36,36-45,1999,1001-2000,陇南,镇区,五线城市
9678,M,73,60+,1499,1001-2000,榆林,unknown,四线城市
9679,F,34,26-35,1068,1001-2000,永州,乡村,四线城市
9680,M,50,46-60,1799,1001-2000,银川,乡村,三线城市
9681,M,23,19-25,1699,1001-2000,苏州,镇区,新一线城市
9683,M,69,60+,1199,1001-2000,大同,城区,四线城市
9684,M,45,36-45,2699,2001-4000,黑河,乡村,五线城市
9685,M,41,36-45,1699,1001-2000,济宁,unknown,三线城市
9686,M,71,60+,1398,1001-2000,邢台,镇区,四线城市
9687,M,51,46-60,4899,4001-7000,黔东南苗族侗族自治州,乡村,四线城市
9688,M,47,46-60,1068,1001-2000,桂林,乡村,三线城市
9692,F,42,36-45,799,<=1000,邢台,镇区,四线城市
9693,M,25,19-25,6499,4001-7000,嘉兴,镇区,二线城市
9695,M,42,36-45,1899,1001-2000,商丘,乡村,三线城市
9696,F,23,19-25,4399,4001-7000,牡丹江,乡村,四线城市
9697,M,77,60+,1398,1001-2000,菏泽,unknown,四线城市
9699,F,40,36-45,2000,1001-2000,西安,unknown,新一线城市
9700,F,26,26-35,1799,1001-2000,和田地区,乡村,五线城市
9701,M,31,26-35,1649,1001-2000,佛山,城区,二线城市
9704,F,31,26-35,3199,2001-4000,遵义,乡村,三线城市
9706,M,60,46-60,1099,1001-2000,石家庄,unknown,二线城市
9707,M,30,26-35,1199,1001-2000,临夏回族自治州,乡村,五线城市
9708,M,64,60+,1999,1001-2000,珠海,镇区,二线城市
9710,M,23,19-25,1199,1001-2000,贵阳,城区,二线城市
9712,M,52,46-60,1999,1001-2000,酒泉,城区,五线城市
9713,M,25,19-25,1399,1001-2000,哈尔滨,城区,二线城市
9715,M,37,36-45,2699,2001-4000,杭州,unknown,新一线城市
9717,M,41,36-45,2399,2001-4000,鸡西,unknown,五线城市
9721,F,31,26-35,2399,2001-4000,长治,乡村,五线城市
9723,F,24,19-25,7799,7000+,湛江,unknown,三线城市
9725,M,56,46-60,1548,1001-2000,徐州,unknown,二线城市
9726,M,77,60+,799,<=1000,西安,乡村,新一线城市
9729,M,43,36-45,1999,1001-2000,河源,乡村,四线城市
9730,M,24,19-25,4399,4001-7000,郑州,城区,新一线城市
9731,F,37,36-45,1400,1001-2000,新乡,乡村,三线城市
9732,M,21,19-25,2599,2001-4000,保定,镇区,三线城市
9733,F,24,19-25,1189,1001-2000,吉安,乡村,四线城市
9735,M,74,60+,702,<=1000,湘潭,城区,三线城市
9737,M,44,36-45,899,<=1000,北京,unknown,一线城市
9738,M,79,60+,1798,1001-2000,贵阳,unknown,二线城市
9739,M,23,19-25,2399,2001-4000,贵阳,城区,二线城市
9740,M,31,26-35,4780,4001-7000,苏州,城区,新一线城市
9741,M,44,36-45,999,<=1000,银川,乡村,三线城市
9743,M,38,36-45,3298,2001-4000,西宁,乡村,四线城市
9744,F,36,36-45,3699,2001-4000,台州,unknown,二线城市
9745,F,28,26-35,2699,2001-4000,贵阳,unknown,二线城市
9746,M,20,19-25,3548,2001-4000,玉林,乡村,四线城市
9749,M,43,36-45,1798,1001-2000,郑州,unknown,新一线城市
9750,F,20,19-25,1299,1001-2000,玉溪,乡村,五线城市
9751,M,42,36-45,1399,1001-2000,朝阳,乡村,五线城市
9752,F,42,36-45,1599,1001-2000,赣州,unknown,三线城市
9755,M,74,60+,1999,1001-2000,杭州,城区,新一线城市
9756,F,58,46-60,1799,1001-2000,呼和浩特,城区,三线城市
9757,M,20,19-25,4399,4001-7000,泉州,乡村,二线城市
9759,M,42,36-45,1899,1001-2000,濮阳,乡村,五线城市
9760,M,30,26-35,3199,2001-4000,阿克苏地区,unknown,五线城市
9762,F,23,19-25,699,<=1000,信阳,unknown,三线城市
9763,M,22,19-25,2699,2001-4000,昌都,乡村,五线城市
9764,M,24,19-25,6499,4001-7000,潍坊,乡村,三线城市
9767,M,35,26-35,999,<=1000,东莞,镇区,新一线城市
9769,M,37,36-45,1068,1001-2000,固原,乡村,五线城市
9771,F,26,26-35,2399,2001-4000,阿克苏地区,unknown,五线城市
9772,F,28,26-35,2298,2001-4000,屯昌,乡村,五线城市
9773,M,66,60+,1499,1001-2000,三门峡,镇区,五线城市
9774,M,38,36-45,1139,1001-2000,肇庆,unknown,三线城市
9775,F,33,26-35,2099,2001-4000,曲靖,城区,四线城市
9777,F,38,36-45,2399,2001-4000,沧州,unknown,三线城市
9778,F,26,26-35,699,<=1000,喀什地区,乡村,五线城市
9780,M,28,26-35,1499,1001-2000,无锡,unknown,二线城市
9781,M,40,36-45,2699,2001-4000,荆门,unknown,五线城市
9785,F,34,26-35,1899,1001-2000,赤峰,镇区,四线城市
9786,M,35,26-35,1400,1001-2000,恩施土家族苗族自治州,unknown,四线城市
9787,F,32,26-35,2299,2001-4000,定西,乡村,五线城市
9789,F,20,19-25,2999,2001-4000,惠州,乡村,二线城市
9790,M,46,46-60,1699,1001-2000,红河哈尼族彝族自治州,unknown,四线城市
9794,F,52,46-60,2799,2001-4000,昆明,unknown,新一线城市
9795,M,21,19-25,3999,2001-4000,毕节,乡村,四线城市
9796,M,37,36-45,1799,1001-2000,金华,unknown,二线城市
9804,M,34,26-35,759,<=1000,曲靖,乡村,四线城市
9806,M,69,60+,2799,2001-4000,马鞍山,镇区,三线城市
9808,M,23,19-25,999,<=1000,益阳,unknown,四线城市
9810,M,68,60+,2099,2001-4000,马鞍山,乡村,三线城市
9811,M,58,46-60,3699,2001-4000,上海,unknown,一线城市
9813,F,28,26-35,5999,4001-7000,遂宁,unknown,五线城市
9814,M,29,26-35,1899,1001-2000,昭通,乡村,五线城市
9815,M,38,36-45,1399,1001-2000,石家庄,乡村,二线城市
9816,M,37,36-45,3999,2001-4000,六盘水,unknown,四线城市
9818,F,40,36-45,1799,1001-2000,深圳,unknown,一线城市
9819,F,75,60+,999,<=1000,济南,unknown,二线城市
9821,M,56,46-60,4998,4001-7000,黔南布依族苗族自治州,乡村,四线城市
9822,M,77,60+,2458,2001-4000,白城,unknown,五线城市
9823,M,20,19-25,5599,4001-7000,崇左,乡村,五线城市
9825,M,35,26-35,7999,7000+,信阳,城区,三线城市
9826,F,44,36-45,1699,1001-2000,郴州,城区,三线城市
9830,F,25,19-25,2699,2001-4000,江门,unknown,三线城市
9831,F,38,36-45,1398,1001-2000,临沧,乡村,五线城市
9833,M,61,60+,678,<=1000,徐州,镇区,二线城市
9837,M,21,19-25,1898,1001-2000,钦州,unknown,五线城市
9838,M,39,36-45,1580,1001-2000,亳州,乡村,五线城市
9839,F,34,26-35,5999,4001-7000,濮阳,unknown,五线城市
9840,F,22,19-25,8899,7000+,常州,城区,二线城市
9841,M,45,36-45,3599,2001-4000,宁波,乡村,新一线城市
9842,F,22,19-25,7799,7000+,长沙,镇区,新一线城市
9843,M,53,46-60,2699,2001-4000,张家口,乡村,四线城市
9844,M,60,46-60,1398,1001-2000,渭南,镇区,四线城市
9848,F,23,19-25,999,<=1000,毕节,乡村,四线城市
9849,F,40,36-45,2399,2001-4000,南通,镇区,二线城市
9851,M,49,46-60,2499,2001-4000,阜阳,乡村,三线城市
9852,F,68,60+,1688,1001-2000,天津,乡村,新一线城市
9854,M,56,46-60,1999,1001-2000,重庆,unknown,新一线城市
9855,M,51,46-60,1299,1001-2000,昆明,城区,新一线城市
9857,M,24,19-25,1899,1001-2000,钦州,unknown,五线城市
9860,M,50,46-60,1499,1001-2000,固原,unknown,五线城市
9861,M,42,36-45,2699,2001-4000,牡丹江,城区,四线城市
9863,M,67,60+,1099,1001-2000,大理白族自治州,unknown,四线城市
9865,M,75,60+,1199,1001-2000,西宁,城区,四线城市
9868,M,41,36-45,1999,1001-2000,儋州,乡村,五线城市
9869,F,42,36-45,1279,1001-2000,庆阳,乡村,五线城市
9870,M,61,60+,3498,2001-4000,赤峰,unknown,四线城市
9871,M,20,19-25,2699,2001-4000,天津,乡村,新一线城市
9874,M,31,26-35,5999,4001-7000,哈尔滨,unknown,二线城市
9877,F,21,19-25,4399,4001-7000,来宾,乡村,五线城市
9879,M,29,26-35,3799,2001-4000,拉萨,unknown,四线城市
9880,M,32,26-35,3199,2001-4000,渭南,城区,四线城市
9881,F,22,19-25,3999,2001-4000,汕头,乡村,三线城市
9882,F,41,36-45,499,<=1000,大连,城区,二线城市
9887,M,26,26-35,2799,2001-4000,淮安,城区,三线城市
9888,F,25,19-25,1599,1001-2000,揭阳,乡村,三线城市
9889,M,29,26-35,3799,2001-4000,邯郸,乡村,三线城市
9890,M,78,60+,1348,1001-2000,自贡,城区,五线城市
9892,F,36,36-45,2099,2001-4000,成都,unknown,新一线城市
9893,M,66,60+,1999,1001-2000,泉州,unknown,二线城市
9895,F,39,36-45,2699,2001-4000,广州,unknown,一线城市
9898,M,63,60+,862,<=1000,吕梁,unknown,五线城市
9899,M,33,26-35,3699,2001-4000,河池,unknown,五线城市
9900,M,45,36-45,1148,1001-2000,临沂,乡村,三线城市
9901,F,24,19-25,1099,1001-2000,成都,镇区,新一线城市
9902,M,47,46-60,2699,2001-4000,常州,城区,二线城市
9904,M,60,46-60,1199,1001-2000,济宁,unknown,三线城市
9905,M,66,60+,2298,2001-4000,平顶山,乡村,四线城市
9906,M,65,60+,1799,1001-2000,湖州,乡村,三线城市
9912,M,36,36-45,7188,7000+,杭州,城区,新一线城市
9914,M,77,60+,1399,1001-2000,天津,unknown,新一线城市
9917,F,23,19-25,1899,1001-2000,西宁,城区,四线城市
9918,F,36,36-45,1798,1001-2000,岳阳,unknown,三线城市
9923,M,21,19-25,4399,4001-7000,南充,镇区,四线城市
9926,M,23,19-25,4999,4001-7000,石嘴山,镇区,五线城市
9932,F,47,46-60,2458,2001-4000,玉溪,unknown,五线城市
9933,M,21,19-25,2499,2001-4000,惠州,乡村,二线城市
9934,M,34,26-35,2799,2001-4000,黔东南苗族侗族自治州,乡村,四线城市
9935,M,21,19-25,2699,2001-4000,石河子,城区,五线城市
9936,F,51,46-60,3499,2001-4000,株洲,unknown,三线城市
9937,F,20,19-25,1299,1001-2000,巴中,乡村,五线城市
9938,F,76,60+,1699,1001-2000,吕梁,unknown,五线城市
9939,F,20,19-25,1399,1001-2000,昆明,城区,新一线城市
9942,F,34,26-35,2099,2001-4000,温州,unknown,二线城市
9943,M,74,60+,2699,2001-4000,天津,unknown,新一线城市
9945,M,40,36-45,3098,2001-4000,邢台,unknown,四线城市
9946,M,57,46-60,1299,1001-2000,南京,unknown,新一线城市
9948,M,32,26-35,2399,2001-4000,贵阳,unknown,二线城市
9949,M,22,19-25,1199,1001-2000,上海,城区,一线城市
9954,M,38,36-45,4999,4001-7000,天津,城区,新一线城市
9955,F,49,46-60,1399,1001-2000,南宁,镇区,二线城市
9956,F,62,60+,899,<=1000,石家庄,乡村,二线城市
9957,M,70,60+,2299,2001-4000,徐州,乡村,二线城市
9958,M,40,36-45,2099,2001-4000,济南,城区,二线城市
9961,M,38,36-45,1399,1001-2000,吉林,城区,三线城市
9962,M,39,36-45,1399,1001-2000,北京,unknown,一线城市
9963,M,22,19-25,4299,4001-7000,重庆,城区,新一线城市
9964,M,34,26-35,6499,4001-7000,烟台,城区,二线城市
9966,M,37,36-45,1699,1001-2000,临沧,乡村,五线城市
9967,F,27,26-35,2999,2001-4000,兰州,城区,二线城市
9969,F,26,26-35,8999,7000+,杭州,城区,新一线城市
9970,F,33,26-35,1999,1001-2000,北京,unknown,一线城市
9973,M,47,46-60,1699,1001-2000,玉溪,乡村,五线城市
9975,M,26,26-35,3899,2001-4000,成都,unknown,新一线城市
9976,F,20,19-25,1699,1001-2000,湛江,乡村,三线城市
9977,F,31,26-35,2999,2001-4000,安顺,镇区,四线城市
9978,M,58,46-60,2999,2001-4000,新余,unknown,五线城市
9979,M,55,46-60,2299,2001-4000,沈阳,城区,新一线城市
9981,M,62,60+,899,<=1000,巴音郭楞蒙古自治州,城区,五线城市
9982,F,53,46-60,1198,1001-2000,西宁,unknown,四线城市
9983,F,64,60+,2499,2001-4000,西安,unknown,新一线城市
9984,F,70,60+,1068,1001-2000,毕节,乡村,四线城市
9985,F,54,46-60,1898,1001-2000,南宁,unknown,二线城市
9988,F,40,36-45,1299,1001-2000,兰州,unknown,二线城市
9989,M,25,19-25,7999,7000+,驻马店,unknown,四线城市
9990,F,78,60+,1998,1001-2000,长沙,城区,新一线城市
9993,M,62,60+,4399,4001-7000,洛阳,镇区,三线城市
9994,M,35,26-35,3699,2001-4000,东莞,镇区,新一线城市
9996,M,31,26-35,1899,1001-2000,东莞,镇区,新一线城市
9999,M,38,36-45,1998,1001-2000,衡水,乡村,五线城市
