antecedent,consequent,support_count,support,confidence,lift
tag=一人分饰多角,behavior=like,20,0.00019667617268167962,0.10695187165775401,5.254075279650727
age_group=19-25 & theme=20,behavior=like,49,0.00048185662307011505,0.07291666666666667,3.582075281803543
tag=捕娱计划,behavior=like,24,0.00023601140721801555,0.07058823529411765,3.4676896845694802
age_group=19-25 & theme=19,behavior=like,24,0.00023601140721801555,0.06936416184971098,3.407556337438217
age_group=19-25 & city_level=二线城市,behavior=like,203,0.001996263152719048,0.06911814776983316,3.3954707472049925
age_group=19-25 & theme=6,behavior=like,58,0.0005703609007768709,0.06847697756788666,3.363972873854297
age_group=19-25 & theme=17,behavior=like,24,0.00023601140721801555,0.06575342465753424,3.2301766924756796
city_level=二线城市 & theme=20,behavior=like,23,0.00022617759858393157,0.06406685236768803,3.147322810275457
age_group=19-25 & theme=2,behavior=like,28,0.00027534664175435147,0.0625,3.070350241545894
city_level=四线城市 & theme=20,behavior=like,42,0.0004130199626315272,0.06025824964131994,2.9602229014617514
age_group=19-25 & city_level=一线城市,behavior=like,31,0.0003048480676566034,0.056363636363636366,2.7688976723759335
gender=F & theme=20,behavior=like,71,0.0006982004130199626,0.05512422360248447,2.708010772046689
age_group=19-25 & gender=F,behavior=like,355,0.003491002065099813,0.053496081977094635,2.6280273315221034
age_group=19-25 & city_level=四线城市,behavior=like,184,0.0018094207886714525,0.05331787887568821,2.619272996554944
age_group=19-25 & theme=9,behavior=like,97,0.0009538794375061461,0.051899411449973246,2.5495899277042415
gender=F & tag=娱乐,behavior=effective_view,27,0.00026551283312026746,1.0,1.3814699089797582
gender=F & tag=治愈,behavior=effective_view,21,0.0002065099813157636,1.0,1.3814699089797582
gender=F & tag=记录海外生活,behavior=effective_view,21,0.0002065099813157636,1.0,1.3814699089797582
tag=王鹤棣 & tag=虞书欣,behavior=effective_view,21,0.0002065099813157636,1.0,1.3814699089797582
tag=娱你星动计划第一期 & theme=39,behavior=effective_view,21,0.0002065099813157636,1.0,1.3814699089797582
city_level=五线城市 & tag=明星,behavior=effective_view,20,0.00019667617268167962,1.0,1.3814699089797582
tag=海外,behavior=effective_view,42,0.0004130199626315272,0.9767441860465116,1.3493427017941824
tag=海外 & theme=11,behavior=effective_view,42,0.0004130199626315272,0.9767441860465116,1.3493427017941824
gender=M & tag=海外,behavior=effective_view,33,0.00032451568492477135,0.9705882352941176,1.3408384410685887
tag=天生我有戏 & tag=实力坑哥,behavior=effective_view,32,0.0003146818762906874,0.9696969696969697,1.33960718446522
tag=生活这场戏 & theme=25,behavior=effective_view,30,0.00029501425902251943,0.967741935483871,1.3369063635287983
age_group=19-25 & tag=人类幼崽成长计划,behavior=effective_view,28,0.00027534664175435147,0.9655172413793104,1.3338330155666631
gender=M & tag=心动一夏第二期,behavior=effective_view,27,0.00026551283312026746,0.9642857142857143,1.3321316979447668
gender=F & tag=揭秘,behavior=effective_view,27,0.00026551283312026746,0.9642857142857143,1.3321316979447668
city_level=四线城市 & tag=come的喂,behavior=effective_view,25,0.0002458452158520995,0.9615384615384616,1.3283364509420752
tag=和平精英 & tag=搞笑配音,behavior=effective_view,25,0.0002458452158520995,0.9615384615384616,1.3283364509420752
tag=搞笑配音 & theme=24,behavior=effective_view,25,0.0002458452158520995,0.9615384615384616,1.3283364509420752
city_level=四线城市 & tag=跑酷拉面,behavior=effective_view,25,0.0002458452158520995,0.9615384615384616,1.3283364509420752
city_level=五线城市 & tag=2022快手光合创作者大会,behavior=effective_view,25,0.0002458452158520995,0.9615384615384616,1.3283364509420752
gender=M & tag=张委屈,behavior=effective_view,25,0.0002458452158520995,0.9615384615384616,1.3283364509420752
age_group=46-60 & tag=校园,behavior=effective_view,25,0.0002458452158520995,0.9615384615384616,1.3283364509420752
city_level=四线城市 & tag=父痴子笑,behavior=effective_view,24,0.00023601140721801555,0.96,1.3262111126205678
gender=F & tag=实力坑哥,behavior=effective_view,24,0.00023601140721801555,0.96,1.3262111126205678
tag=恩爱夫妻 & theme=19,behavior=effective_view,24,0.00023601140721801555,0.96,1.3262111126205678
tag=自制盲袋,behavior=effective_view,23,0.00022617759858393157,0.9583333333333334,1.3239086627722683
tag=小夫妻日常,behavior=effective_view,23,0.00022617759858393157,0.9583333333333334,1.3239086627722683
tag=自制盲袋 & theme=15,behavior=effective_view,23,0.00022617759858393157,0.9583333333333334,1.3239086627722683
tag=光合计划激励任务 & tag=我在快手整活,behavior=effective_view,23,0.00022617759858393157,0.9583333333333334,1.3239086627722683
city_level=新一线城市 & tag=捕娱计划,behavior=effective_view,23,0.00022617759858393157,0.9583333333333334,1.3239086627722683
gender=F & tag=校园故事,behavior=effective_view,23,0.00022617759858393157,0.9583333333333334,1.3239086627722683
tag=恋爱 & theme=6,behavior=effective_view,23,0.00022617759858393157,0.9583333333333334,1.3239086627722683
city_level=五线城市 & tag=商业思维,behavior=effective_view,22,0.00021634378994984759,0.9565217391304348,1.3214059998936818
city_level=三线城市 & tag=科比,behavior=effective_view,22,0.00021634378994984759,0.9565217391304348,1.3214059998936818
gender=F & tag=怀孕,behavior=effective_view,22,0.00021634378994984759,0.9565217391304348,1.3214059998936818
tag=涨知识 & theme=21,behavior=effective_view,22,0.00021634378994984759,0.9565217391304348,1.3214059998936818
gender=M & tag=套路,behavior=effective_view,22,0.00021634378994984759,0.9565217391304348,1.3214059998936818
age_group=19-25 & tag=人间奇趣记录仪,behavior=effective_view,22,0.00021634378994984759,0.9565217391304348,1.3214059998936818
city_level=五线城市 & tag=小说,behavior=effective_view,42,0.0004130199626315272,0.9545454545454546,1.3186758222079509
tag=微观世界,behavior=effective_view,21,0.0002065099813157636,0.9545454545454546,1.3186758222079509
tag=赵露思,behavior=effective_view,21,0.0002065099813157636,0.9545454545454546,1.3186758222079509
city_level=三线城市 & tag=生活这场戏,behavior=effective_view,21,0.0002065099813157636,0.9545454545454546,1.3186758222079509
tag=微观世界 & theme=29,behavior=effective_view,21,0.0002065099813157636,0.9545454545454546,1.3186758222079509
tag=2022快手光合创作者大会 & tag=夏日暴击,behavior=effective_view,21,0.0002065099813157636,0.9545454545454546,1.3186758222079509
gender=M & tag=老外真会玩,behavior=effective_view,21,0.0002065099813157636,0.9545454545454546,1.3186758222079509
tag=2022快手光合创作者大会 & theme=15,behavior=effective_view,21,0.0002065099813157636,0.9545454545454546,1.3186758222079509
tag=萌娃 & theme=1,behavior=effective_view,40,0.00039335234536335925,0.9523809523809523,1.3156856275997695
tag=缝纫机,behavior=effective_view,20,0.00019667617268167962,0.9523809523809523,1.3156856275997695
tag=人性和现实,behavior=effective_view,20,0.00019667617268167962,0.9523809523809523,1.3156856275997695
gender=M & tag=经典搞笑小品,behavior=effective_view,20,0.00019667617268167962,0.9523809523809523,1.3156856275997695
city_level=三线城市 & tag=挑战,behavior=effective_view,20,0.00019667617268167962,0.9523809523809523,1.3156856275997695
age_group=60+ & tag=钓鱼技巧,behavior=effective_view,20,0.00019667617268167962,0.9523809523809523,1.3156856275997695
tag=缝纫机 & theme=15,behavior=effective_view,20,0.00019667617268167962,0.9523809523809523,1.3156856275997695
city_level=三线城市 & tag=广场舞,behavior=effective_view,20,0.00019667617268167962,0.9523809523809523,1.3156856275997695
tag=俄罗斯 & theme=22,behavior=effective_view,20,0.00019667617268167962,0.9523809523809523,1.3156856275997695
gender=F & tag=龙卷风302,behavior=effective_view,20,0.00019667617268167962,0.9523809523809523,1.3156856275997695
city_level=二线城市 & tag=农村搞笑视频,behavior=effective_view,20,0.00019667617268167962,0.9523809523809523,1.3156856275997695
tag=传统手艺 & theme=15,behavior=effective_view,20,0.00019667617268167962,0.9523809523809523,1.3156856275997695
age_group=60+ & tag=外国人在中国,behavior=effective_view,20,0.00019667617268167962,0.9523809523809523,1.3156856275997695
tag=2022快手光合创作者大会 & tag=自制盲袋,behavior=effective_view,20,0.00019667617268167962,0.9523809523809523,1.3156856275997695
tag=夏日暴击 & tag=自制盲袋,behavior=effective_view,20,0.00019667617268167962,0.9523809523809523,1.3156856275997695
city_level=四线城市 & tag=今日份的自拍,behavior=effective_view,20,0.00019667617268167962,0.9523809523809523,1.3156856275997695
tag=人性和现实 & theme=19,behavior=effective_view,20,0.00019667617268167962,0.9523809523809523,1.3156856275997695
tag=快手光合计划 & theme=1,behavior=effective_view,38,0.0003736847280951913,0.95,1.3123964135307702
age_group=60+ & tag=广场舞,behavior=effective_view,35,0.0003441833021929393,0.9459459459459459,1.3067958598457172
tag=辛普森一家,behavior=effective_view,34,0.00033434949355885536,0.9444444444444444,1.304721580703105
tag=套路,behavior=effective_view,32,0.0003146818762906874,0.9411764705882353,1.3002069731574193
city_level=四线城市 & tag=怀旧动画,behavior=effective_view,32,0.0003146818762906874,0.9411764705882353,1.3002069731574193
tag=实力坑哥 & tag=搞笑,behavior=effective_view,32,0.0003146818762906874,0.9411764705882353,1.3002069731574193
gender=M & tag=跑酷拉面,behavior=effective_view,47,0.0004621890058019471,0.94,1.2985817144409726
city_level=三线城市 & tag=人类幼崽成长计划,behavior=effective_view,60,0.0005900285180450389,0.9375,1.2951280396685232
gender=M & tag=火影忍者,behavior=effective_view,30,0.00029501425902251943,0.9375,1.2951280396685232
tag=辛普森一家 & theme=20,behavior=effective_view,29,0.0002851804503884354,0.9354838709677419,1.2923428180778382
tag=广场舞 & tag=快手光合计划,behavior=effective_view,42,0.0004130199626315272,0.9333333333333333,1.2893719150477743
tag=广场舞 & tag=萌娃,behavior=effective_view,42,0.0004130199626315272,0.9333333333333333,1.2893719150477743
tag=快手光合计划 & tag=萌娃,behavior=effective_view,42,0.0004130199626315272,0.9333333333333333,1.2893719150477743
gender=F & tag=快手娱乐星熠计划第七期,behavior=effective_view,55,0.000540859474874619,0.9322033898305084,1.2878109320997744
tag=内向,behavior=effective_view,27,0.00026551283312026746,0.9310344827586207,1.2861961221535678
gender=F & tag=惊不惊喜意不意外,behavior=effective_view,27,0.00026551283312026746,0.9310344827586207,1.2861961221535678
city_level=四线城市 & tag=夫妻日常,behavior=effective_view,27,0.00026551283312026746,0.9310344827586207,1.2861961221535678
tag=内向 & tag=社恐,behavior=effective_view,27,0.00026551283312026746,0.9310344827586207,1.2861961221535678
gender=F & tag=女生宿舍,behavior=effective_view,27,0.00026551283312026746,0.9310344827586207,1.2861961221535678
city_level=四线城市 & tag=搞笑一家人,behavior=effective_view,40,0.00039335234536335925,0.9302325581395349,1.2850882874230307
tag=人间真实在快手 & theme=25,behavior=effective_view,39,0.00038351853672927524,0.9285714285714286,1.2827934869097755
tag=小天大帅哥,behavior=effective_view,26,0.0002556790244861835,0.9285714285714286,1.2827934869097755
tag=小天朝笑,behavior=effective_view,26,0.0002556790244861835,0.9285714285714286,1.2827934869097755
tag=模仿小天,behavior=effective_view,26,0.0002556790244861835,0.9285714285714286,1.2827934869097755
tag=小天大帅哥 & tag=小天朝笑,behavior=effective_view,26,0.0002556790244861835,0.9285714285714286,1.2827934869097755
tag=小天大帅哥 & tag=模仿小天,behavior=effective_view,26,0.0002556790244861835,0.9285714285714286,1.2827934869097755
tag=小天大帅哥 & theme=9,behavior=effective_view,26,0.0002556790244861835,0.9285714285714286,1.2827934869097755
tag=小天朝笑 & tag=模仿小天,behavior=effective_view,26,0.0002556790244861835,0.9285714285714286,1.2827934869097755
tag=小天朝笑 & theme=9,behavior=effective_view,26,0.0002556790244861835,0.9285714285714286,1.2827934869097755
tag=模仿小天 & theme=9,behavior=effective_view,26,0.0002556790244861835,0.9285714285714286,1.2827934869097755
tag=情侣 & theme=19,behavior=effective_view,26,0.0002556790244861835,0.9285714285714286,1.2827934869097755
tag=好物分享 & tag=短剧有好货,behavior=effective_view,26,0.0002556790244861835,0.9285714285714286,1.2827934869097755
age_group=19-25 & tag=一人分饰多角,behavior=effective_view,51,0.0005015242403382831,0.9272727272727272,1.2809993701448665
tag=小麦的精神世界,behavior=effective_view,25,0.0002458452158520995,0.9259259259259259,1.2791388046108871
gender=M & tag=关爱留守儿童,behavior=effective_view,25,0.0002458452158520995,0.9259259259259259,1.2791388046108871
city_level=二线城市 & tag=一人分饰多角,behavior=effective_view,25,0.0002458452158520995,0.9259259259259259,1.2791388046108871
city_level=五线城市 & tag=小说推荐,behavior=effective_view,25,0.0002458452158520995,0.9259259259259259,1.2791388046108871
tag=火影忍者,behavior=effective_view,37,0.0003638509194611073,0.925,1.2778596658062764
city_level=三线城市 & tag=动漫,behavior=effective_view,37,0.0003638509194611073,0.925,1.2778596658062764
gender=M & tag=广场舞,behavior=effective_view,48,0.0004720228144360311,0.9230769230769231,1.2752029929043922
gender=M & tag=动漫解说,behavior=effective_view,36,0.0003540171108270233,0.9230769230769231,1.2752029929043922
tag=校园趣事,behavior=effective_view,24,0.00023601140721801555,0.9230769230769231,1.2752029929043922
tag=防蚊喷雾,behavior=effective_view,24,0.00023601140721801555,0.9230769230769231,1.2752029929043922
city_level=五线城市 & tag=家庭日常,behavior=effective_view,24,0.00023601140721801555,0.9230769230769231,1.2752029929043922
tag=人间奇趣记录仪 & tag=惊不惊喜意不意外,behavior=effective_view,24,0.00023601140721801555,0.9230769230769231,1.2752029929043922
age_group=46-60 & tag=萌娃搞笑瞬间,behavior=effective_view,24,0.00023601140721801555,0.9230769230769231,1.2752029929043922
tag=农村搞笑段子 & tag=农村搞笑视频,behavior=effective_view,24,0.00023601140721801555,0.9230769230769231,1.2752029929043922
tag=剧情 & tag=搞笑,behavior=effective_view,24,0.00023601140721801555,0.9230769230769231,1.2752029929043922
tag=好物分享 & tag=防蚊喷雾,behavior=effective_view,24,0.00023601140721801555,0.9230769230769231,1.2752029929043922
tag=短剧有好货 & tag=防蚊喷雾,behavior=effective_view,24,0.00023601140721801555,0.9230769230769231,1.2752029929043922
tag=搞笑 & tag=新光合计划,behavior=effective_view,35,0.0003441833021929393,0.9210526315789473,1.272406495112935
age_group=60+ & tag=笑疯了老铁,behavior=effective_view,35,0.0003441833021929393,0.9210526315789473,1.272406495112935
age_group=60+ & tag=快手有戏精,behavior=effective_view,35,0.0003441833021929393,0.9210526315789473,1.272406495112935
tag=心动一夏第二期,behavior=effective_view,46,0.00045235519716786313,0.92,1.2709523162613776
tag=生活小贴士,behavior=effective_view,23,0.00022617759858393157,0.92,1.2709523162613776
tag=素人特工,behavior=effective_view,23,0.00022617759858393157,0.92,1.2709523162613776
tag=探险,behavior=effective_view,23,0.00022617759858393157,0.92,1.2709523162613776
tag=孕晚期,behavior=effective_view,23,0.00022617759858393157,0.92,1.2709523162613776
tag=揭秘小故事,behavior=effective_view,23,0.00022617759858393157,0.92,1.2709523162613776
tag=书语 & tag=每天学习一点点,behavior=effective_view,23,0.00022617759858393157,0.92,1.2709523162613776
tag=书语 & tag=生活小贴士,behavior=effective_view,23,0.00022617759858393157,0.92,1.2709523162613776
tag=书语 & theme=14,behavior=effective_view,23,0.00022617759858393157,0.92,1.2709523162613776
tag=每天学习一点点 & tag=生活小贴士,behavior=effective_view,23,0.00022617759858393157,0.92,1.2709523162613776
tag=每天学习一点点 & theme=14,behavior=effective_view,23,0.00022617759858393157,0.92,1.2709523162613776
tag=生活小贴士 & theme=14,behavior=effective_view,23,0.00022617759858393157,0.92,1.2709523162613776
tag=火影忍者 & theme=20,behavior=effective_view,23,0.00022617759858393157,0.92,1.2709523162613776
tag=素人特工 & theme=39,behavior=effective_view,23,0.00022617759858393157,0.92,1.2709523162613776
tag=社会百态 & theme=19,behavior=effective_view,23,0.00022617759858393157,0.92,1.2709523162613776
tag=孕晚期 & theme=25,behavior=effective_view,23,0.00022617759858393157,0.92,1.2709523162613776
tag=挑战 & theme=15,behavior=effective_view,23,0.00022617759858393157,0.92,1.2709523162613776
gender=M & tag=外国美女,behavior=effective_view,23,0.00022617759858393157,0.92,1.2709523162613776
city_level=三线城市 & tag=农村段子,behavior=effective_view,23,0.00022617759858393157,0.92,1.2709523162613776
city_level=一线城市 & tag=记录我的农村生活,behavior=effective_view,23,0.00022617759858393157,0.92,1.2709523162613776
age_group=19-25 & tag=一定要看到最后,behavior=effective_view,23,0.00022617759858393157,0.92,1.2709523162613776
tag=一人分饰多角 & tag=内容过于真实,behavior=effective_view,23,0.00022617759858393157,0.92,1.2709523162613776
tag=精神氮泵 & tag=艾特你想艾特的人,behavior=effective_view,23,0.00022617759858393157,0.92,1.2709523162613776
tag=惊不惊喜意不意外,behavior=effective_view,55,0.000540859474874619,0.9166666666666666,1.2663474165647781
city_level=四线城市 & tag=关爱女性健康,behavior=effective_view,33,0.00032451568492477135,0.9166666666666666,1.2663474165647781
city_level=五线城市 & tag=超爆小故事,behavior=effective_view,33,0.00032451568492477135,0.9166666666666666,1.2663474165647781
tag=追剧一下,behavior=effective_view,22,0.00021634378994984759,0.9166666666666666,1.2663474165647781
tag=岁月的痕迹,behavior=effective_view,22,0.00021634378994984759,0.9166666666666666,1.2663474165647781
tag=跳一支很超前的卡带舞,behavior=effective_view,22,0.00021634378994984759,0.9166666666666666,1.2663474165647781
tag=相亲,behavior=effective_view,22,0.00021634378994984759,0.9166666666666666,1.2663474165647781
tag=汪文斌,behavior=effective_view,22,0.00021634378994984759,0.9166666666666666,1.2663474165647781
tag=体育生的集体生活,behavior=effective_view,22,0.00021634378994984759,0.9166666666666666,1.2663474165647781
city_level=五线城市 & tag=野生动物,behavior=effective_view,22,0.00021634378994984759,0.9166666666666666,1.2663474165647781
tag=汪文斌 & theme=28,behavior=effective_view,22,0.00021634378994984759,0.9166666666666666,1.2663474165647781
age_group=36-45 & tag=come的喂,behavior=effective_view,22,0.00021634378994984759,0.9166666666666666,1.2663474165647781
tag=学生党 & tag=揭秘小故事,behavior=effective_view,22,0.00021634378994984759,0.9166666666666666,1.2663474165647781
tag=快手热点 & tag=电影解说,behavior=effective_view,22,0.00021634378994984759,0.9166666666666666,1.2663474165647781
city_level=三线城市 & tag=怀孕,behavior=effective_view,22,0.00021634378994984759,0.9166666666666666,1.2663474165647781
age_group=19-25 & tag=十八从头开始,behavior=effective_view,22,0.00021634378994984759,0.9166666666666666,1.2663474165647781
tag=艾特你想艾特的人 & tag=要做一个猛男,behavior=effective_view,22,0.00021634378994984759,0.9166666666666666,1.2663474165647781
tag=心动一夏第二期 & theme=6,behavior=effective_view,42,0.0004130199626315272,0.9130434782608695,1.2613420908076052
tag=文浩太难了,behavior=effective_view,21,0.0002065099813157636,0.9130434782608695,1.2613420908076052
tag=动物的迷惑行为,behavior=effective_view,21,0.0002065099813157636,0.9130434782608695,1.2613420908076052
tag=钓鱼那些事,behavior=effective_view,21,0.0002065099813157636,0.9130434782608695,1.2613420908076052
tag=体育生的日常,behavior=effective_view,21,0.0002065099813157636,0.9130434782608695,1.2613420908076052
city_level=五线城市 & tag=反转,behavior=effective_view,21,0.0002065099813157636,0.9130434782608695,1.2613420908076052
gender=M & tag=海绵宝宝,behavior=effective_view,21,0.0002065099813157636,0.9130434782608695,1.2613420908076052
city_level=四线城市 & tag=原创搞笑,behavior=effective_view,21,0.0002065099813157636,0.9130434782608695,1.2613420908076052
age_group=26-35 & tag=故事,behavior=effective_view,21,0.0002065099813157636,0.9130434782608695,1.2613420908076052
tag=电影推荐 & tag=电影解说,behavior=effective_view,21,0.0002065099813157636,0.9130434782608695,1.2613420908076052
age_group=26-35 & tag=商业思维,behavior=effective_view,21,0.0002065099813157636,0.9130434782608695,1.2613420908076052
tag=揭秘小故事 & theme=15,behavior=effective_view,21,0.0002065099813157636,0.9130434782608695,1.2613420908076052
tag=正能量 & tag=涨知识,behavior=effective_view,21,0.0002065099813157636,0.9130434782608695,1.2613420908076052
gender=M & tag=钓鱼那些事,behavior=effective_view,21,0.0002065099813157636,0.9130434782608695,1.2613420908076052
tag=情侣日常 & theme=9,behavior=effective_view,21,0.0002065099813157636,0.9130434782608695,1.2613420908076052
tag=2022光合创作者大会 & tag=心动一夏第二期,behavior=effective_view,21,0.0002065099813157636,0.9130434782608695,1.2613420908076052
tag=心动一夏第二期 & tag=快手影视高热计划,behavior=effective_view,21,0.0002065099813157636,0.9130434782608695,1.2613420908076052
tag=体育生的日常 & tag=体育生的集体生活,behavior=effective_view,21,0.0002065099813157636,0.9130434782608695,1.2613420908076052
tag=体育生的日常 & tag=男生宿舍,behavior=effective_view,21,0.0002065099813157636,0.9130434782608695,1.2613420908076052
tag=体育生的日常 & theme=7,behavior=effective_view,21,0.0002065099813157636,0.9130434782608695,1.2613420908076052
tag=体育生的集体生活 & tag=男生宿舍,behavior=effective_view,21,0.0002065099813157636,0.9130434782608695,1.2613420908076052
tag=体育生的集体生活 & theme=7,behavior=effective_view,21,0.0002065099813157636,0.9130434782608695,1.2613420908076052
tag=男生宿舍 & theme=7,behavior=effective_view,21,0.0002065099813157636,0.9130434782608695,1.2613420908076052
tag=同城热点 & tag=电子厂,behavior=effective_view,21,0.0002065099813157636,0.9130434782608695,1.2613420908076052
city_level=四线城市 & tag=财经,behavior=effective_view,31,0.0003048480676566034,0.9117647058823529,1.25957550524625
tag=快手创作者服务中心 & theme=19,behavior=effective_view,31,0.0003048480676566034,0.9117647058823529,1.25957550524625
tag=艾特你想艾特的人 & theme=7,behavior=effective_view,30,0.00029501425902251943,0.9090909090909091,1.2558817354361438
gender=F & tag=和你在一起,behavior=effective_view,30,0.00029501425902251943,0.9090909090909091,1.2558817354361438
tag=快手游戏秋日有礼,behavior=effective_view,20,0.00019667617268167962,0.9090909090909091,1.2558817354361438
tag=为钟南山院士点zan,behavior=effective_view,20,0.00019667617268167962,0.9090909090909091,1.2558817354361438
tag=向英雄钟老致敬,behavior=effective_view,20,0.00019667617268167962,0.9090909090909091,1.2558817354361438
tag=他怎么从挑食婆婆哪里跳脱,behavior=effective_view,20,0.00019667617268167962,0.9090909090909091,1.2558817354361438
tag=致敬伟人,behavior=effective_view,20,0.00019667617268167962,0.9090909090909091,1.2558817354361438
tag=球鞋修复,behavior=effective_view,20,0.00019667617268167962,0.9090909090909091,1.2558817354361438
tag=火影忍者手游,behavior=effective_view,20,0.00019667617268167962,0.9090909090909091,1.2558817354361438
tag=台球厅,behavior=effective_view,20,0.00019667617268167962,0.9090909090909091,1.2558817354361438
tag=星汉灿烂,behavior=effective_view,20,0.00019667617268167962,0.9090909090909091,1.2558817354361438
tag=呜呼丝滑卡点舞,behavior=effective_view,20,0.00019667617268167962,0.9090909090909091,1.2558817354361438
tag=格斗 & tag=综合格斗,behavior=effective_view,20,0.00019667617268167962,0.9090909090909091,1.2558817354361438
city_level=四线城市 & tag=山楂树下月满中秋,behavior=effective_view,20,0.00019667617268167962,0.9090909090909091,1.2558817354361438
tag=文浩太难了 & theme=39,behavior=effective_view,20,0.00019667617268167962,0.9090909090909091,1.2558817354361438
age_group=26-35 & tag=教育,behavior=effective_view,20,0.00019667617268167962,0.9090909090909091,1.2558817354361438
gender=M & tag=游戏日常,behavior=effective_view,20,0.00019667617268167962,0.9090909090909091,1.2558817354361438
age_group=60+ & tag=狮子,behavior=effective_view,20,0.00019667617268167962,0.9090909090909091,1.2558817354361438
age_group=60+ & tag=户外钓鱼,behavior=effective_view,20,0.00019667617268167962,0.9090909090909091,1.2558817354361438
gender=F & tag=斗罗大陆,behavior=effective_view,20,0.00019667617268167962,0.9090909090909091,1.2558817354361438
age_group=26-35 & tag=手势舞,behavior=effective_view,20,0.00019667617268167962,0.9090909090909091,1.2558817354361438
gender=M & tag=荒岛求生,behavior=effective_view,20,0.00019667617268167962,0.9090909090909091,1.2558817354361438
age_group=36-45 & tag=樱花校园模拟器,behavior=effective_view,20,0.00019667617268167962,0.9090909090909091,1.2558817354361438
age_group=36-45 & tag=人间奇趣记录仪,behavior=effective_view,20,0.00019667617268167962,0.9090909090909091,1.2558817354361438
age_group=36-45 & tag=影视,behavior=effective_view,20,0.00019667617268167962,0.9090909090909091,1.2558817354361438
tag=快手创作者服务中心 & tag=正能量,behavior=effective_view,20,0.00019667617268167962,0.9090909090909091,1.2558817354361438
tag=我妈给我一个大碧斗 & tag=搞笑,behavior=effective_view,20,0.00019667617268167962,0.9090909090909091,1.2558817354361438
tag=创作灵感 & theme=20,behavior=effective_view,20,0.00019667617268167962,0.9090909090909091,1.2558817354361438
age_group=36-45 & tag=父痴子笑,behavior=effective_view,20,0.00019667617268167962,0.9090909090909091,1.2558817354361438
tag=为钟南山院士点zan & tag=向英雄钟老致敬,behavior=effective_view,20,0.00019667617268167962,0.9090909090909091,1.2558817354361438
tag=为钟南山院士点zan & tag=正能量分享,behavior=effective_view,20,0.00019667617268167962,0.9090909090909091,1.2558817354361438
tag=为钟南山院士点zan & theme=28,behavior=effective_view,20,0.00019667617268167962,0.9090909090909091,1.2558817354361438
tag=向英雄钟老致敬 & tag=正能量分享,behavior=effective_view,20,0.00019667617268167962,0.9090909090909091,1.2558817354361438
tag=向英雄钟老致敬 & theme=28,behavior=effective_view,20,0.00019667617268167962,0.9090909090909091,1.2558817354361438
tag=正能量分享 & theme=28,behavior=effective_view,20,0.00019667617268167962,0.9090909090909091,1.2558817354361438
gender=M & tag=猫和老鼠,behavior=effective_view,20,0.00019667617268167962,0.9090909090909091,1.2558817354361438
tag=他怎么从挑食婆婆哪里跳脱 & tag=学生党,behavior=effective_view,20,0.00019667617268167962,0.9090909090909091,1.2558817354361438
tag=他怎么从挑食婆婆哪里跳脱 & tag=揭秘小故事,behavior=effective_view,20,0.00019667617268167962,0.9090909090909091,1.2558817354361438
tag=他怎么从挑食婆婆哪里跳脱 & theme=15,behavior=effective_view,20,0.00019667617268167962,0.9090909090909091,1.2558817354361438
city_level=一线城市 & theme=37,behavior=effective_view,20,0.00019667617268167962,0.9090909090909091,1.2558817354361438
tag=快影达人 & tag=快手鉴片官,behavior=effective_view,20,0.00019667617268167962,0.9090909090909091,1.2558817354361438
gender=M & tag=每天学习一点点,behavior=effective_view,20,0.00019667617268167962,0.9090909090909091,1.2558817354361438
age_group=46-60 & tag=孩子教育,behavior=effective_view,20,0.00019667617268167962,0.9090909090909091,1.2558817354361438
city_level=四线城市 & tag=荣耀萤火新星训练营,behavior=effective_view,20,0.00019667617268167962,0.9090909090909091,1.2558817354361438
tag=台球厅 & tag=台球桌,behavior=effective_view,20,0.00019667617268167962,0.9090909090909091,1.2558817354361438
tag=台球厅 & theme=7,behavior=effective_view,20,0.00019667617268167962,0.9090909090909091,1.2558817354361438
city_level=三线城市 & tag=美食测评,behavior=effective_view,20,0.00019667617268167962,0.9090909090909091,1.2558817354361438
city_level=二线城市 & tag=原神,behavior=effective_view,20,0.00019667617268167962,0.9090909090909091,1.2558817354361438
age_group=19-25 & tag=搞笑一家人,behavior=effective_view,20,0.00019667617268167962,0.9090909090909091,1.2558817354361438
tag=骗你生女儿,behavior=effective_view,29,0.0002851804503884354,0.90625,1.2519571050129057
tag=篮球 & tag=篮球新世代,behavior=effective_view,29,0.0002851804503884354,0.90625,1.2519571050129057
city_level=三线城市 & tag=家庭日常,behavior=effective_view,29,0.0002851804503884354,0.90625,1.2519571050129057
gender=M & tag=动漫,behavior=effective_view,67,0.0006588651784836267,0.9054054054054054,1.2507903229951864
gender=M & tag=生活这场戏,behavior=effective_view,38,0.0003736847280951913,0.9047619047619048,1.2499013462197812
tag=怀孕 & theme=25,behavior=effective_view,38,0.0003736847280951913,0.9047619047619048,1.2499013462197812
age_group=19-25 & tag=恋爱,behavior=effective_view,38,0.0003736847280951913,0.9047619047619048,1.2499013462197812
gender=F & tag=父痴子笑,behavior=effective_view,47,0.0004621890058019471,0.9038461538461539,1.2486362638855506
tag=每天学习一点点,behavior=effective_view,28,0.00027534664175435147,0.9032258064516129,1.2477792726268782
tag=办公室游戏,behavior=effective_view,28,0.00027534664175435147,0.9032258064516129,1.2477792726268782
tag=备孕,behavior=effective_view,28,0.00027534664175435147,0.9032258064516129,1.2477792726268782
city_level=三线城市 & tag=夫妻情感问题,behavior=effective_view,28,0.00027534664175435147,0.9032258064516129,1.2477792726268782
gender=M & tag=惊不惊喜意不意外,behavior=effective_view,28,0.00027534664175435147,0.9032258064516129,1.2477792726268782
tag=办公室游戏 & theme=9,behavior=effective_view,28,0.00027534664175435147,0.9032258064516129,1.2477792726268782
city_level=四线城市 & tag=汽车,behavior=effective_view,28,0.00027534664175435147,0.9032258064516129,1.2477792726268782
tag=备孕 & theme=25,behavior=effective_view,28,0.00027534664175435147,0.9032258064516129,1.2477792726268782
age_group=26-35 & tag=科比,behavior=effective_view,28,0.00027534664175435147,0.9032258064516129,1.2477792726268782
city_level=二线城市 & tag=俄罗斯,behavior=effective_view,28,0.00027534664175435147,0.9032258064516129,1.2477792726268782
city_level=四线城市 & tag=快手娱乐星熠计划,behavior=effective_view,28,0.00027534664175435147,0.9032258064516129,1.2477792726268782
tag=天生我有戏 & tag=搞笑,behavior=effective_view,65,0.0006391975612154587,0.9027777777777778,1.247160334495615
age_group=26-35 & tag=动漫,behavior=effective_view,37,0.0003638509194611073,0.9024390243902439,1.246692356884172
age_group=60+ & tag=商业思维,behavior=effective_view,37,0.0003638509194611073,0.9024390243902439,1.246692356884172
gender=M & tag=军事科技,behavior=effective_view,46,0.00045235519716786313,0.9019607843137255,1.2460316826091937
gender=M & tag=科比,behavior=effective_view,45,0.0004425213885337791,0.9,1.2433229180817824
tag=人间真实在快手 & tag=生活这场戏,behavior=effective_view,36,0.0003540171108270233,0.9,1.2433229180817824
gender=M & tag=爸爸的小棉袄,behavior=effective_view,36,0.0003540171108270233,0.9,1.2433229180817824
age_group=26-35 & tag=万万没想到,behavior=effective_view,36,0.0003540171108270233,0.9,1.2433229180817824
tag=医生,behavior=effective_view,27,0.00026551283312026746,0.9,1.2433229180817824
age_group=26-35 & tag=小猪佩奇,behavior=effective_view,27,0.00026551283312026746,0.9,1.2433229180817824
tag=今天拍点啥 & tag=搞笑配音,behavior=effective_view,27,0.00026551283312026746,0.9,1.2433229180817824
gender=F & tag=娱乐评论大赏,behavior=effective_view,27,0.00026551283312026746,0.9,1.2433229180817824
gender=M & tag=家庭日常,behavior=effective_view,53,0.000521191857606451,0.8983050847457628,1.2409814436597828
tag=今天拍点啥 & theme=9,behavior=effective_view,35,0.0003441833021929393,0.8974358974358975,1.2397806875459367
tag=社保,behavior=effective_view,26,0.0002556790244861835,0.896551724137931,1.2385592287404728
tag=社保 & theme=22,behavior=effective_view,26,0.0002556790244861835,0.896551724137931,1.2385592287404728
age_group=46-60 & tag=思维,behavior=effective_view,26,0.0002556790244861835,0.896551724137931,1.2385592287404728
tag=记录真实生活 & theme=9,behavior=effective_view,26,0.0002556790244861835,0.896551724137931,1.2385592287404728
tag=沉浸式 & theme=4,behavior=effective_view,26,0.0002556790244861835,0.896551724137931,1.2385592287404728
gender=F & tag=励志语录,behavior=effective_view,26,0.0002556790244861835,0.896551724137931,1.2385592287404728
gender=F & tag=十八从头开始,behavior=effective_view,26,0.0002556790244861835,0.896551724137931,1.2385592287404728
tag=户外探险,behavior=effective_view,34,0.00033434949355885536,0.8947368421052632,1.236052023823994
tag=悬浮床,behavior=effective_view,34,0.00033434949355885536,0.8947368421052632,1.236052023823994
tag=户外探险 & theme=10,behavior=effective_view,34,0.00033434949355885536,0.8947368421052632,1.236052023823994
tag=悬浮床 & theme=36,behavior=effective_view,34,0.00033434949355885536,0.8947368421052632,1.236052023823994
tag=集结吧光合创作者 & theme=29,behavior=effective_view,34,0.00033434949355885536,0.8947368421052632,1.236052023823994
age_group=19-25 & tag=原神,behavior=effective_view,42,0.0004130199626315272,0.8936170212765957,1.2345050250457412
tag=潇潇学姐,behavior=effective_view,25,0.0002458452158520995,0.8928571428571429,1.233455275874784
tag=笑死人了,behavior=effective_view,25,0.0002458452158520995,0.8928571428571429,1.233455275874784
tag=念书的孩子,behavior=effective_view,25,0.0002458452158520995,0.8928571428571429,1.233455275874784
tag=猫和老鼠,behavior=effective_view,25,0.0002458452158520995,0.8928571428571429,1.233455275874784
tag=搞笑视频 & tag=潇潇学姐,behavior=effective_view,25,0.0002458452158520995,0.8928571428571429,1.233455275874784
tag=潇潇学姐 & theme=9,behavior=effective_view,25,0.0002458452158520995,0.8928571428571429,1.233455275874784
city_level=五线城市 & tag=解压,behavior=effective_view,25,0.0002458452158520995,0.8928571428571429,1.233455275874784
city_level=五线城市 & tag=人类幼崽成长记,behavior=effective_view,25,0.0002458452158520995,0.8928571428571429,1.233455275874784
city_level=三线城市 & tag=奇闻趣事,behavior=effective_view,25,0.0002458452158520995,0.8928571428571429,1.233455275874784
tag=苍兰诀 & theme=39,behavior=effective_view,25,0.0002458452158520995,0.8928571428571429,1.233455275874784
age_group=26-35 & tag=跑酷拉面,behavior=effective_view,25,0.0002458452158520995,0.8928571428571429,1.233455275874784
gender=M & tag=回忆童年经典动画片,behavior=effective_view,25,0.0002458452158520995,0.8928571428571429,1.233455275874784
tag=笑死人了 & theme=9,behavior=effective_view,25,0.0002458452158520995,0.8928571428571429,1.233455275874784
tag=测评 & theme=15,behavior=effective_view,25,0.0002458452158520995,0.8928571428571429,1.233455275874784
tag=原创 & theme=20,behavior=effective_view,25,0.0002458452158520995,0.8928571428571429,1.233455275874784
city_level=五线城市 & tag=跑酷拉面,behavior=effective_view,25,0.0002458452158520995,0.8928571428571429,1.233455275874784
city_level=四线城市 & tag=艾特TA分享快乐,behavior=effective_view,25,0.0002458452158520995,0.8928571428571429,1.233455275874784
age_group=60+ & tag=超爆小故事,behavior=effective_view,25,0.0002458452158520995,0.8928571428571429,1.233455275874784
tag=动漫 & theme=20,behavior=effective_view,99,0.000973547054774314,0.8918918918918919,1.2321218107116763
tag=短剧有好货 & theme=9,behavior=effective_view,33,0.00032451568492477135,0.8918918918918919,1.2321218107116763
tag=新光合计划 & theme=3,behavior=effective_view,33,0.00032451568492477135,0.8918918918918919,1.2321218107116763
city_level=二线城市 & tag=游戏凡星计划,behavior=effective_view,74,0.0007277018389222146,0.891566265060241,1.231671967042194
age_group=26-35 & tag=一人分饰多角,behavior=effective_view,41,0.0004031861539974432,0.8913043478260869,1.2313101362645669
age_group=36-45 & tag=萌娃,behavior=effective_view,41,0.0004031861539974432,0.8913043478260869,1.2313101362645669
tag=动漫解说,behavior=effective_view,49,0.00048185662307011505,0.8909090909090909,1.2307641007274208
city_level=四线城市 & tag=人间真实在快手,behavior=effective_view,49,0.00048185662307011505,0.8909090909090909,1.2307641007274208
tag=动漫解说 & theme=20,behavior=effective_view,49,0.00048185662307011505,0.8909090909090909,1.2307641007274208
tag=脑洞大开,behavior=effective_view,48,0.0004720228144360311,0.8888888888888888,1.2279732524264515
tag=治愈,behavior=effective_view,40,0.00039335234536335925,0.8888888888888888,1.2279732524264515
age_group=46-60 & tag=主播说新闻,behavior=effective_view,40,0.00039335234536335925,0.8888888888888888,1.2279732524264515
city_level=新一线城市 & tag=快手情侣日常,behavior=effective_view,40,0.00039335234536335925,0.8888888888888888,1.2279732524264515
tag=校园故事,behavior=effective_view,32,0.0003146818762906874,0.8888888888888888,1.2279732524264515
tag=油切大肚茶 & theme=9,behavior=effective_view,32,0.0003146818762906874,0.8888888888888888,1.2279732524264515
gender=M & tag=脑洞大开,behavior=effective_view,32,0.0003146818762906874,0.8888888888888888,1.2279732524264515
tag=校园 & theme=6,behavior=effective_view,32,0.0003146818762906874,0.8888888888888888,1.2279732524264515
tag=师生日常,behavior=effective_view,24,0.00023601140721801555,0.8888888888888888,1.2279732524264515
tag=台球桌,behavior=effective_view,24,0.00023601140721801555,0.8888888888888888,1.2279732524264515
tag=要做一个猛男,behavior=effective_view,24,0.00023601140721801555,0.8888888888888888,1.2279732524264515
tag=萌娃日常 & theme=25,behavior=effective_view,24,0.00023601140721801555,0.8888888888888888,1.2279732524264515
gender=M & tag=中俄友谊,behavior=effective_view,24,0.00023601140721801555,0.8888888888888888,1.2279732524264515
city_level=五线城市 & tag=小故事,behavior=effective_view,24,0.00023601140721801555,0.8888888888888888,1.2279732524264515
city_level=四线城市 & tag=奇闻趣事,behavior=effective_view,24,0.00023601140721801555,0.8888888888888888,1.2279732524264515
age_group=26-35 & tag=2022高考季,behavior=effective_view,24,0.00023601140721801555,0.8888888888888888,1.2279732524264515
age_group=60+ & tag=小说,behavior=effective_view,24,0.00023601140721801555,0.8888888888888888,1.2279732524264515
tag=台球桌 & theme=7,behavior=effective_view,24,0.00023601140721801555,0.8888888888888888,1.2279732524264515
tag=旧房改造 & tag=装修,behavior=effective_view,24,0.00023601140721801555,0.8888888888888888,1.2279732524264515
gender=F & tag=语录,behavior=effective_view,24,0.00023601140721801555,0.8888888888888888,1.2279732524264515
tag=要做一个猛男 & theme=7,behavior=effective_view,24,0.00023601140721801555,0.8888888888888888,1.2279732524264515
tag=十八从头开始,behavior=effective_view,63,0.0006195299439472907,0.8873239436619719,1.2258113276862643
tag=励志语录 & tag=十八从头开始,behavior=effective_view,63,0.0006195299439472907,0.8873239436619719,1.2258113276862643
tag=十八从头开始 & theme=19,behavior=effective_view,63,0.0006195299439472907,0.8873239436619719,1.2258113276862643
tag=军事科技,behavior=effective_view,47,0.0004621890058019471,0.8867924528301887,1.2250770890952571
gender=F & tag=come的喂,behavior=effective_view,47,0.0004621890058019471,0.8867924528301887,1.2250770890952571
tag=社恐,behavior=effective_view,31,0.0003048480676566034,0.8857142857142857,1.2235876336677858
age_group=60+ & tag=测评,behavior=effective_view,31,0.0003048480676566034,0.8857142857142857,1.2235876336677858
age_group=60+ & tag=快手好书单,behavior=effective_view,31,0.0003048480676566034,0.8857142857142857,1.2235876336677858
city_level=三线城市 & tag=健康科普在快手,behavior=effective_view,54,0.0005310256662405349,0.8852459016393442,1.2229405751624087
tag=美人鱼,behavior=effective_view,23,0.00022617759858393157,0.8846153846153846,1.222069534866709
tag=风起霓裳,behavior=effective_view,23,0.00022617759858393157,0.8846153846153846,1.222069534866709
tag=今天拍点啥 & tag=搞笑视频,behavior=effective_view,23,0.00022617759858393157,0.8846153846153846,1.222069534866709
age_group=60+ & tag=乡村爱情故事,behavior=effective_view,23,0.00022617759858393157,0.8846153846153846,1.222069534866709
gender=M & tag=泊车天才,behavior=effective_view,23,0.00022617759858393157,0.8846153846153846,1.222069534866709
gender=M & tag=备孕,behavior=effective_view,23,0.00022617759858393157,0.8846153846153846,1.222069534866709
gender=M & tag=关爱女性在快手,behavior=effective_view,23,0.00022617759858393157,0.8846153846153846,1.222069534866709
tag=经典音乐分享 & tag=音乐,behavior=effective_view,23,0.00022617759858393157,0.8846153846153846,1.222069534866709
gender=M & tag=电影,behavior=effective_view,23,0.00022617759858393157,0.8846153846153846,1.222069534866709
tag=减肥 & tag=减肥逆袭,behavior=effective_view,23,0.00022617759858393157,0.8846153846153846,1.222069534866709
city_level=新一线城市 & tag=爱情,behavior=effective_view,23,0.00022617759858393157,0.8846153846153846,1.222069534866709
tag=风起霓裳 & theme=39,behavior=effective_view,23,0.00022617759858393157,0.8846153846153846,1.222069534866709
age_group=19-25 & tag=励志语录,behavior=effective_view,23,0.00022617759858393157,0.8846153846153846,1.222069534866709
gender=M & tag=台球桌,behavior=effective_view,23,0.00022617759858393157,0.8846153846153846,1.222069534866709
tag=悬浮床 & tag=旧房改造,behavior=effective_view,23,0.00022617759858393157,0.8846153846153846,1.222069534866709
tag=悬浮床 & tag=装修,behavior=effective_view,23,0.00022617759858393157,0.8846153846153846,1.222069534866709
tag=恩爱夫妻,behavior=effective_view,38,0.0003736847280951913,0.8837209302325582,1.2208338730518793
tag=游可爱嗨创计划,behavior=effective_view,38,0.0003736847280951913,0.8837209302325582,1.2208338730518793
tag=和你在一起,behavior=effective_view,53,0.000521191857606451,0.8833333333333333,1.2202984195987863
tag=动漫,behavior=effective_view,120,0.0011800570360900777,0.8823529411764706,1.2189440373350806
tag=怀孕,behavior=effective_view,60,0.0005900285180450389,0.8823529411764706,1.2189440373350806
tag=搞笑 & tag=集结吧光合创作者,behavior=effective_view,45,0.0004425213885337791,0.8823529411764706,1.2189440373350806
tag=快影达人 & tag=搞笑配音,behavior=effective_view,45,0.0004425213885337791,0.8823529411764706,1.2189440373350806
tag=益智玩具 & theme=25,behavior=effective_view,30,0.00029501425902251943,0.8823529411764706,1.2189440373350806
age_group=60+ & tag=书语,behavior=effective_view,30,0.00029501425902251943,0.8823529411764706,1.2189440373350806
age_group=46-60 & tag=法律,behavior=effective_view,30,0.00029501425902251943,0.8823529411764706,1.2189440373350806
city_level=二线城市 & tag=正能量短剧,behavior=effective_view,30,0.00029501425902251943,0.8823529411764706,1.2189440373350806
tag=励志语录,behavior=effective_view,67,0.0006588651784836267,0.881578947368421,1.2178747881795235
tag=虞书欣,behavior=effective_view,52,0.000511358048972367,0.8813559322033898,1.2175666994397867
age_group=26-35 & tag=极限星计划,behavior=effective_view,74,0.0007277018389222146,0.8809523809523809,1.217009205529787
tag=带你看世界,behavior=effective_view,37,0.0003638509194611073,0.8809523809523809,1.217009205529787
tag=俄罗斯 & theme=35,behavior=effective_view,37,0.0003638509194611073,0.8809523809523809,1.217009205529787
gender=M & tag=十八从头开始,behavior=effective_view,37,0.0003638509194611073,0.8809523809523809,1.217009205529787
tag=小说 & tag=小说推文,behavior=effective_view,37,0.0003638509194611073,0.8809523809523809,1.217009205529787
tag=广场舞 & theme=1,behavior=effective_view,59,0.0005801947094109549,0.8805970149253731,1.216518278056802
tag=快影达人 & tag=集合吧光合创作者,behavior=effective_view,44,0.00043268757989969517,0.88,1.2156935199021872
tag=基本功每日一练,behavior=effective_view,22,0.00021634378994984759,0.88,1.2156935199021872
tag=日常锻炼,behavior=effective_view,22,0.00021634378994984759,0.88,1.2156935199021872
tag=国外生活,behavior=effective_view,22,0.00021634378994984759,0.88,1.2156935199021872
tag=学生时代最美好的瞬间,behavior=effective_view,22,0.00021634378994984759,0.88,1.2156935199021872
age_group=60+ & tag=光合计划激励任务,behavior=effective_view,22,0.00021634378994984759,0.88,1.2156935199021872
gender=M & tag=光合计划激励任务,behavior=effective_view,22,0.00021634378994984759,0.88,1.2156935199021872
city_level=五线城市 & tag=小趴菜,behavior=effective_view,22,0.00021634378994984759,0.88,1.2156935199021872
tag=情侣日常 & tag=甜甜的恋爱,behavior=effective_view,22,0.00021634378994984759,0.88,1.2156935199021872
tag=甜甜的恋爱 & theme=11,behavior=effective_view,22,0.00021634378994984759,0.88,1.2156935199021872
tag=Vlog日常 & tag=户外探险,behavior=effective_view,22,0.00021634378994984759,0.88,1.2156935199021872
tag=Vlog日常 & theme=10,behavior=effective_view,22,0.00021634378994984759,0.88,1.2156935199021872
tag=萌娃 & theme=39,behavior=effective_view,22,0.00021634378994984759,0.88,1.2156935199021872
tag=生活这场戏 & theme=11,behavior=effective_view,22,0.00021634378994984759,0.88,1.2156935199021872
tag=快手弹幕 & tag=放映厅免费看大片,behavior=effective_view,22,0.00021634378994984759,0.88,1.2156935199021872
tag=基本功每日一练 & tag=日常锻炼,behavior=effective_view,22,0.00021634378994984759,0.88,1.2156935199021872
gender=M & tag=恩爱夫妻,behavior=effective_view,22,0.00021634378994984759,0.88,1.2156935199021872
gender=M & tag=油切大肚茶,behavior=effective_view,22,0.00021634378994984759,0.88,1.2156935199021872
city_level=四线城市 & tag=快影情感电台,behavior=effective_view,22,0.00021634378994984759,0.88,1.2156935199021872
city_level=四线城市 & tag=真实事件,behavior=effective_view,22,0.00021634378994984759,0.88,1.2156935199021872
tag=挑战 & tag=测评,behavior=effective_view,22,0.00021634378994984759,0.88,1.2156935199021872
gender=M & tag=解说,behavior=effective_view,22,0.00021634378994984759,0.88,1.2156935199021872
gender=F & tag=夜市里的烟火气,behavior=effective_view,22,0.00021634378994984759,0.88,1.2156935199021872
age_group=36-45 & tag=快手娱乐星熠计划第七期,behavior=effective_view,22,0.00021634378994984759,0.88,1.2156935199021872
age_group=19-25 & tag=满级人类,behavior=effective_view,22,0.00021634378994984759,0.88,1.2156935199021872
age_group=19-25 & tag=虞书欣,behavior=effective_view,22,0.00021634378994984759,0.88,1.2156935199021872
tag=精神氮泵 & tag=要做一个猛男,behavior=effective_view,22,0.00021634378994984759,0.88,1.2156935199021872
gender=M & tag=真实事件,behavior=effective_view,51,0.0005015242403382831,0.8793103448275862,1.214740782033925
tag=龙卷风302,behavior=effective_view,58,0.0005703609007768709,0.8787878787878788,1.2140190109216056
tag=极限星计划 & tag=龙卷风302,behavior=effective_view,58,0.0005703609007768709,0.8787878787878788,1.2140190109216056
tag=龙卷风302 & theme=7,behavior=effective_view,58,0.0005703609007768709,0.8787878787878788,1.2140190109216056
tag=惊险一幕,behavior=effective_view,29,0.0002851804503884354,0.8787878787878788,1.2140190109216056
gender=M & tag=带你看世界,behavior=effective_view,29,0.0002851804503884354,0.8787878787878788,1.2140190109216056
gender=M & tag=快来学习,behavior=effective_view,29,0.0002851804503884354,0.8787878787878788,1.2140190109216056
age_group=36-45 & tag=日常,behavior=effective_view,29,0.0002851804503884354,0.8787878787878788,1.2140190109216056
age_group=60+ & tag=搞笑一家人,behavior=effective_view,29,0.0002851804503884354,0.8787878787878788,1.2140190109216056
age_group=46-60 & tag=感谢官方快手绿色平台的支持,behavior=effective_view,29,0.0002851804503884354,0.8787878787878788,1.2140190109216056
tag=南北差异 & theme=12,behavior=effective_view,29,0.0002851804503884354,0.8787878787878788,1.2140190109216056
age_group=19-25 & tag=王鹤棣,behavior=effective_view,29,0.0002851804503884354,0.8787878787878788,1.2140190109216056
tag=广场舞,behavior=effective_view,65,0.0006391975612154587,0.8783783783783784,1.2134532984281658
gender=M & tag=逃跑吧少年,behavior=effective_view,36,0.0003540171108270233,0.8780487804878049,1.2129979688602754
tag=海绵宝宝 & theme=20,behavior=effective_view,36,0.0003540171108270233,0.8780487804878049,1.2129979688602754
tag=游可爱嗨创计划 & theme=3,behavior=effective_view,36,0.0003540171108270233,0.8780487804878049,1.2129979688602754
tag=come的喂 & theme=9,behavior=effective_view,79,0.0007768708820926344,0.8777777777777778,1.212623586771121
tag=军事科技 & theme=35,behavior=effective_view,43,0.00042285377126561116,0.8775510204081632,1.2123103282883592
tag=快影达人 & theme=9,behavior=effective_view,50,0.000491690431704199,0.8771929824561403,1.2118157096313666
tag=快手影视高热计划 & theme=6,behavior=effective_view,50,0.000491690431704199,0.8771929824561403,1.2118157096313666
tag=旧房改造 & theme=36,behavior=effective_view,50,0.000491690431704199,0.8771929824561403,1.2118157096313666
age_group=26-35 & tag=跑酷,behavior=effective_view,57,0.0005605270921427869,0.8769230769230769,1.2114428432591724
tag=励志语录 & theme=19,behavior=effective_view,64,0.0006293637525813748,0.8767123287671232,1.2111517010233495
tag=父痴子笑,behavior=effective_view,78,0.0007670370734585505,0.8764044943820225,1.2107264370833835
tag=come的喂 & tag=搞笑一家人,behavior=effective_view,78,0.0007670370734585505,0.8764044943820225,1.2107264370833835
tag=come的喂 & tag=父痴子笑,behavior=effective_view,78,0.0007670370734585505,0.8764044943820225,1.2107264370833835
tag=搞笑一家人 & tag=父痴子笑,behavior=effective_view,78,0.0007670370734585505,0.8764044943820225,1.2107264370833835
tag=父痴子笑 & theme=9,behavior=effective_view,78,0.0007670370734585505,0.8764044943820225,1.2107264370833835
tag=2022光合创作者大会 & tag=快手影视高热计划,behavior=effective_view,77,0.0007572032648244665,0.875,1.2087861703572884
age_group=60+ & tag=原创,behavior=effective_view,56,0.0005506932835087029,0.875,1.2087861703572884
tag=2022光合创作者大会 & tag=搞笑,behavior=effective_view,56,0.0005506932835087029,0.875,1.2087861703572884
city_level=四线城市 & tag=跑酷,behavior=effective_view,56,0.0005506932835087029,0.875,1.2087861703572884
tag=越南生活,behavior=effective_view,42,0.0004130199626315272,0.875,1.2087861703572884
tag=海绵宝宝,behavior=effective_view,42,0.0004130199626315272,0.875,1.2087861703572884
age_group=46-60 & tag=家庭教育,behavior=effective_view,42,0.0004130199626315272,0.875,1.2087861703572884
age_group=26-35 & tag=小说,behavior=effective_view,42,0.0004130199626315272,0.875,1.2087861703572884
tag=越南生活 & theme=11,behavior=effective_view,42,0.0004130199626315272,0.875,1.2087861703572884
city_level=五线城市 & tag=笑疯了老铁,behavior=effective_view,42,0.0004130199626315272,0.875,1.2087861703572884
tag=虞书欣 & theme=6,behavior=effective_view,42,0.0004130199626315272,0.875,1.2087861703572884
tag=投票贴纸,behavior=effective_view,35,0.0003441833021929393,0.875,1.2087861703572884
age_group=36-45 & tag=夫妻日常,behavior=effective_view,35,0.0003441833021929393,0.875,1.2087861703572884
tag=记录我的农村生活 & tag=集结吧光合创作者,behavior=effective_view,35,0.0003441833021929393,0.875,1.2087861703572884
tag=编程 & theme=14,behavior=effective_view,35,0.0003441833021929393,0.875,1.2087861703572884
tag=游戏日常,behavior=effective_view,28,0.00027534664175435147,0.875,1.2087861703572884
tag=致敬中国消防,behavior=effective_view,28,0.00027534664175435147,0.875,1.2087861703572884
gender=M & tag=历史人物,behavior=effective_view,28,0.00027534664175435147,0.875,1.2087861703572884
tag=游戏日常 & theme=3,behavior=effective_view,28,0.00027534664175435147,0.875,1.2087861703572884
age_group=36-45 & tag=动漫,behavior=effective_view,28,0.00027534664175435147,0.875,1.2087861703572884
age_group=36-45 & tag=一人分饰多角,behavior=effective_view,28,0.00027534664175435147,0.875,1.2087861703572884
city_level=五线城市 & tag=触漫,behavior=effective_view,28,0.00027534664175435147,0.875,1.2087861703572884
city_level=三线城市 & tag=人间奇趣记录仪,behavior=effective_view,28,0.00027534664175435147,0.875,1.2087861703572884
city_level=三线城市 & tag=跑酷拉面,behavior=effective_view,28,0.00027534664175435147,0.875,1.2087861703572884
tag=正能量分享,behavior=effective_view,21,0.0002065099813157636,0.875,1.2087861703572884
tag=男生宿舍,behavior=effective_view,21,0.0002065099813157636,0.875,1.2087861703572884
tag=追剧,behavior=effective_view,21,0.0002065099813157636,0.875,1.2087861703572884
tag=猫和老鼠又回来了,behavior=effective_view,21,0.0002065099813157636,0.875,1.2087861703572884
tag=快手创作者中心 & theme=25,behavior=effective_view,21,0.0002065099813157636,0.875,1.2087861703572884
age_group=46-60 & tag=超级投资家2022,behavior=effective_view,21,0.0002065099813157636,0.875,1.2087861703572884
age_group=46-60 & tag=农业,behavior=effective_view,21,0.0002065099813157636,0.875,1.2087861703572884
gender=M & tag=萌娃日常,behavior=effective_view,21,0.0002065099813157636,0.875,1.2087861703572884
age_group=36-45 & tag=军训,behavior=effective_view,21,0.0002065099813157636,0.875,1.2087861703572884
tag=快手影视新热计划 & tag=集结吧光合创作者,behavior=effective_view,21,0.0002065099813157636,0.875,1.2087861703572884
tag=快手放映室 & tag=谍战,behavior=effective_view,21,0.0002065099813157636,0.875,1.2087861703572884
tag=我在快手追好剧 & tag=谍战,behavior=effective_view,21,0.0002065099813157636,0.875,1.2087861703572884
tag=2022光合创作者大会 & tag=快手弹幕,behavior=effective_view,21,0.0002065099813157636,0.875,1.2087861703572884
tag=家庭婚姻情感 & theme=9,behavior=effective_view,21,0.0002065099813157636,0.875,1.2087861703572884
gender=M & tag=民间传统手艺,behavior=effective_view,21,0.0002065099813157636,0.875,1.2087861703572884
gender=F & tag=校园爆梗季,behavior=effective_view,21,0.0002065099813157636,0.875,1.2087861703572884
tag=经济 & theme=22,behavior=effective_view,21,0.0002065099813157636,0.875,1.2087861703572884
tag=记录我的乡村生活 & theme=39,behavior=effective_view,21,0.0002065099813157636,0.875,1.2087861703572884
tag=清朝历史 & theme=21,behavior=effective_view,21,0.0002065099813157636,0.875,1.2087861703572884
age_group=60+ & tag=快手幸福乡村带头人,behavior=effective_view,21,0.0002065099813157636,0.875,1.2087861703572884
tag=可爱的学生 & tag=师生日常,behavior=effective_view,21,0.0002065099813157636,0.875,1.2087861703572884
age_group=60+ & tag=影视,behavior=effective_view,21,0.0002065099813157636,0.875,1.2087861703572884
city_level=三线城市 & tag=小说推荐,behavior=effective_view,21,0.0002065099813157636,0.875,1.2087861703572884
gender=F & tag=2022新光合计划,behavior=effective_view,21,0.0002065099813157636,0.875,1.2087861703572884
tag=恋爱 & theme=19,behavior=effective_view,21,0.0002065099813157636,0.875,1.2087861703572884
city_level=三线城市 & tag=父痴子笑,behavior=effective_view,21,0.0002065099813157636,0.875,1.2087861703572884
gender=M & tag=奇幻,behavior=effective_view,21,0.0002065099813157636,0.875,1.2087861703572884
tag=艾特你想艾特的人 & theme=6,behavior=effective_view,21,0.0002065099813157636,0.875,1.2087861703572884
tag=致敬中国消防 & theme=28,behavior=effective_view,21,0.0002065099813157636,0.875,1.2087861703572884
tag=快手创作者服务中心 & tag=快手放映室,behavior=effective_view,21,0.0002065099813157636,0.875,1.2087861703572884
gender=F & tag=恐龙当家,behavior=effective_view,21,0.0002065099813157636,0.875,1.2087861703572884
city_level=四线城市 & tag=快手鉴片官,behavior=effective_view,21,0.0002065099813157636,0.875,1.2087861703572884
city_level=三线城市 & tag=揭秘,behavior=effective_view,21,0.0002065099813157636,0.875,1.2087861703572884
tag=追剧 & theme=39,behavior=effective_view,21,0.0002065099813157636,0.875,1.2087861703572884
tag=猫和老鼠又回来了 & theme=9,behavior=effective_view,21,0.0002065099813157636,0.875,1.2087861703572884
tag=同城热点 & theme=11,behavior=effective_view,21,0.0002065099813157636,0.875,1.2087861703572884
tag=未解之谜 & tag=科普,behavior=effective_view,21,0.0002065099813157636,0.875,1.2087861703572884
city_level=二线城市 & tag=沙雕,behavior=effective_view,21,0.0002065099813157636,0.875,1.2087861703572884
tag=come的喂,behavior=effective_view,82,0.0008063723079948864,0.8723404255319149,1.205112048258938
age_group=26-35 & tag=动画,behavior=effective_view,41,0.0004031861539974432,0.8723404255319149,1.205112048258938
gender=M & tag=越南生活,behavior=effective_view,41,0.0004031861539974432,0.8723404255319149,1.205112048258938
gender=M & tag=励志语录,behavior=effective_view,41,0.0004031861539974432,0.8723404255319149,1.205112048258938
tag=程序员 & tag=编程,behavior=effective_view,34,0.00033434949355885536,0.8717948717948718,1.2043583821874815
tag=经典搞笑小品,behavior=effective_view,27,0.00026551283312026746,0.8709677419354839,1.2032157271759183
tag=经典搞笑小品 & theme=9,behavior=effective_view,27,0.00026551283312026746,0.8709677419354839,1.2032157271759183
tag=历史人物 & theme=21,behavior=effective_view,27,0.00026551283312026746,0.8709677419354839,1.2032157271759183
tag=学生党 & theme=25,behavior=effective_view,27,0.00026551283312026746,0.8709677419354839,1.2032157271759183
age_group=26-35 & tag=小故事,behavior=effective_view,27,0.00026551283312026746,0.8709677419354839,1.2032157271759183
gender=M & tag=快手激励创作者计划,behavior=effective_view,27,0.00026551283312026746,0.8709677419354839,1.2032157271759183
gender=M & tag=中国刑侦一号案,behavior=effective_view,27,0.00026551283312026746,0.8709677419354839,1.2032157271759183
age_group=36-45 & tag=打工人,behavior=effective_view,27,0.00026551283312026746,0.8709677419354839,1.2032157271759183
gender=M & tag=婆媳关系,behavior=effective_view,27,0.00026551283312026746,0.8709677419354839,1.2032157271759183
gender=M & tag=游可爱嗨创计划,behavior=effective_view,27,0.00026551283312026746,0.8709677419354839,1.2032157271759183
age_group=19-25 & tag=军训,behavior=effective_view,27,0.00026551283312026746,0.8709677419354839,1.2032157271759183
gender=M & tag=正能量短剧,behavior=effective_view,94,0.0009243780116038942,0.8703703703703703,1.202390476334234
city_level=新一线城市 & tag=加油季,behavior=effective_view,47,0.0004621890058019471,0.8703703703703703,1.202390476334234
city_level=五线城市 & tag=一人分饰多角,behavior=effective_view,47,0.0004621890058019471,0.8703703703703703,1.202390476334234
gender=F & tag=一人分饰多角,behavior=effective_view,87,0.0008555413511653063,0.87,1.2018788208123896
city_level=四线城市 & tag=快手有戏精,behavior=effective_view,40,0.00039335234536335925,0.8695652173913043,1.2012781817215288
tag=校园 & theme=39,behavior=effective_view,40,0.00039335234536335925,0.8695652173913043,1.2012781817215288
tag=人间真实在快手 & theme=11,behavior=effective_view,40,0.00039335234536335925,0.8695652173913043,1.2012781817215288
tag=俄罗斯美女,behavior=effective_view,20,0.00019667617268167962,0.8695652173913043,1.2012781817215288
tag=专业动作请勿模仿,behavior=effective_view,20,0.00019667617268167962,0.8695652173913043,1.2012781817215288
tag=涨知识 & theme=25,behavior=effective_view,20,0.00019667617268167962,0.8695652173913043,1.2012781817215288
tag=感谢快手同城热门 & theme=9,behavior=effective_view,20,0.00019667617268167962,0.8695652173913043,1.2012781817215288
gender=F & tag=益智玩具,behavior=effective_view,20,0.00019667617268167962,0.8695652173913043,1.2012781817215288
gender=M & tag=玲妹妹的沙雕日常,behavior=effective_view,20,0.00019667617268167962,0.8695652173913043,1.2012781817215288
city_level=四线城市 & tag=快手新知播,behavior=effective_view,20,0.00019667617268167962,0.8695652173913043,1.2012781817215288
age_group=26-35 & tag=come的喂,behavior=effective_view,20,0.00019667617268167962,0.8695652173913043,1.2012781817215288
city_level=三线城市 & tag=快手粉条热点助我上热门,behavior=effective_view,20,0.00019667617268167962,0.8695652173913043,1.2012781817215288
tag=快手放映室 & tag=集结吧光合创作者,behavior=effective_view,20,0.00019667617268167962,0.8695652173913043,1.2012781817215288
city_level=四线城市 & tag=快手有萌宠,behavior=effective_view,20,0.00019667617268167962,0.8695652173913043,1.2012781817215288
gender=F & tag=假发,behavior=effective_view,20,0.00019667617268167962,0.8695652173913043,1.2012781817215288
age_group=26-35 & tag=和你在一起,behavior=effective_view,20,0.00019667617268167962,0.8695652173913043,1.2012781817215288
gender=F & tag=母婴,behavior=effective_view,20,0.00019667617268167962,0.8695652173913043,1.2012781817215288
city_level=五线城市 & tag=搞笑配音视频,behavior=effective_view,20,0.00019667617268167962,0.8695652173913043,1.2012781817215288
gender=F & tag=幸福到万家,behavior=effective_view,20,0.00019667617268167962,0.8695652173913043,1.2012781817215288
city_level=五线城市 & tag=万万没想到,behavior=effective_view,20,0.00019667617268167962,0.8695652173913043,1.2012781817215288
age_group=60+ & tag=家庭日常,behavior=effective_view,20,0.00019667617268167962,0.8695652173913043,1.2012781817215288
city_level=三线城市 & tag=关爱女性健康,behavior=effective_view,20,0.00019667617268167962,0.8695652173913043,1.2012781817215288
age_group=26-35 & tag=手工DIY,behavior=effective_view,20,0.00019667617268167962,0.8695652173913043,1.2012781817215288
gender=F & tag=光遇,behavior=effective_view,20,0.00019667617268167962,0.8695652173913043,1.2012781817215288
age_group=60+ & tag=俄罗斯,behavior=effective_view,73,0.0007178680302881306,0.8690476190476191,1.2005631351847899
tag=实力坑哥,behavior=effective_view,53,0.000521191857606451,0.8688524590163934,1.200293527474216
tag=王鹤棣 & theme=6,behavior=effective_view,66,0.0006490313698495427,0.868421052631579,1.199697552535053
tag=我的暑假超有范,behavior=effective_view,33,0.00032451568492477135,0.868421052631579,1.199697552535053
age_group=46-60 & tag=财经,behavior=effective_view,33,0.00032451568492477135,0.868421052631579,1.199697552535053
tag=捕娱计划 & theme=39,behavior=effective_view,33,0.00032451568492477135,0.868421052631579,1.199697552535053
tag=搞笑 & theme=3,behavior=effective_view,46,0.00045235519716786313,0.8679245283018868,1.199011619114507
gender=F & tag=虞书欣,behavior=effective_view,46,0.00045235519716786313,0.8679245283018868,1.199011619114507
city_level=五线城市 & theme=35,behavior=effective_view,104,0.001022716097944734,0.8666666666666667,1.1972739211157903
age_group=19-25 & theme=24,behavior=effective_view,78,0.0007670370734585505,0.8666666666666667,1.1972739211157903
tag=真实事件,behavior=effective_view,65,0.0006391975612154587,0.8666666666666667,1.1972739211157903
tag=科比 & theme=7,behavior=effective_view,65,0.0006391975612154587,0.8666666666666667,1.1972739211157903
age_group=46-60 & tag=快手小游戏,behavior=effective_view,52,0.000511358048972367,0.8666666666666667,1.1972739211157903
age_group=60+ & tag=在快手看海外,behavior=effective_view,39,0.00038351853672927524,0.8666666666666667,1.1972739211157903
tag=2022新光合计划 & theme=39,behavior=effective_view,39,0.00038351853672927524,0.8666666666666667,1.1972739211157903
age_group=19-25 & tag=触漫,behavior=effective_view,39,0.00038351853672927524,0.8666666666666667,1.1972739211157903
tag=守护乡村儿童心理健康,behavior=effective_view,26,0.0002556790244861835,0.8666666666666667,1.1972739211157903
tag=大学,behavior=effective_view,26,0.0002556790244861835,0.8666666666666667,1.1972739211157903
tag=奶奶带娃,behavior=effective_view,26,0.0002556790244861835,0.8666666666666667,1.1972739211157903
tag=在快手看世界 & theme=35,behavior=effective_view,26,0.0002556790244861835,0.8666666666666667,1.1972739211157903
tag=感谢官方大大让我上一次热门 & theme=2,behavior=effective_view,26,0.0002556790244861835,0.8666666666666667,1.1972739211157903
tag=快手创作者服务中心 & tag=快手粉条,behavior=effective_view,26,0.0002556790244861835,0.8666666666666667,1.1972739211157903
city_level=四线城市 & tag=作品推广,behavior=effective_view,26,0.0002556790244861835,0.8666666666666667,1.1972739211157903
age_group=26-35 & tag=快手娱乐星熠计划第七期,behavior=effective_view,26,0.0002556790244861835,0.8666666666666667,1.1972739211157903
age_group=60+ & tag=动物世界,behavior=effective_view,26,0.0002556790244861835,0.8666666666666667,1.1972739211157903
gender=M & tag=经济,behavior=effective_view,26,0.0002556790244861835,0.8666666666666667,1.1972739211157903
gender=F & tag=俄罗斯,behavior=effective_view,26,0.0002556790244861835,0.8666666666666667,1.1972739211157903
tag=夫妻搞笑段子 & theme=9,behavior=effective_view,26,0.0002556790244861835,0.8666666666666667,1.1972739211157903
city_level=四线城市 & tag=2022快手光合创作者大会,behavior=effective_view,26,0.0002556790244861835,0.8666666666666667,1.1972739211157903
gender=F & tag=快手剧好看,behavior=effective_view,26,0.0002556790244861835,0.8666666666666667,1.1972739211157903
tag=奶奶带娃 & theme=25,behavior=effective_view,26,0.0002556790244861835,0.8666666666666667,1.1972739211157903
gender=M & tag=水下之秘,behavior=effective_view,26,0.0002556790244861835,0.8666666666666667,1.1972739211157903
tag=小说推文 & tag=小说推荐,behavior=effective_view,26,0.0002556790244861835,0.8666666666666667,1.1972739211157903
gender=F & tag=超好看的古装剧,behavior=effective_view,26,0.0002556790244861835,0.8666666666666667,1.1972739211157903
gender=F & tag=狗狗,behavior=effective_view,26,0.0002556790244861835,0.8666666666666667,1.1972739211157903
gender=F & tag=手工DIY,behavior=effective_view,26,0.0002556790244861835,0.8666666666666667,1.1972739211157903
tag=小说 & tag=每日推文,behavior=effective_view,58,0.0005703609007768709,0.8656716417910447,1.1958993241914324
tag=王鹤棣,behavior=effective_view,77,0.0007572032648244665,0.8651685393258427,1.1952043032746222
age_group=36-45 & tag=快手情侣日常,behavior=effective_view,64,0.0006293637525813748,0.8648648648648649,1.1947847861446557
tag=工厂实拍视频,behavior=effective_view,32,0.0003146818762906874,0.8648648648648649,1.1947847861446557
tag=惊不惊喜意不意外 & theme=28,behavior=effective_view,32,0.0003146818762906874,0.8648648648648649,1.1947847861446557
age_group=46-60 & tag=农村搞笑视频,behavior=effective_view,32,0.0003146818762906874,0.8648648648648649,1.1947847861446557
gender=F & tag=农村美食,behavior=effective_view,32,0.0003146818762906874,0.8648648648648649,1.1947847861446557
gender=M & tag=哥谭噩梦,behavior=effective_view,32,0.0003146818762906874,0.8648648648648649,1.1947847861446557
tag=娱乐评论大赏 & theme=6,behavior=effective_view,32,0.0003146818762906874,0.8648648648648649,1.1947847861446557
tag=一人分饰多角 & theme=9,behavior=effective_view,51,0.0005015242403382831,0.864406779661017,1.194151955219791
tag=实力坑哥 & theme=9,behavior=effective_view,51,0.0005015242403382831,0.864406779661017,1.194151955219791
tag=人类幼崽,behavior=effective_view,38,0.0003736847280951913,0.8636363636363636,1.1930876486643365
tag=张委屈,behavior=effective_view,38,0.0003736847280951913,0.8636363636363636,1.1930876486643365
tag=编程,behavior=effective_view,38,0.0003736847280951913,0.8636363636363636,1.1930876486643365
age_group=46-60 & tag=商业思维,behavior=effective_view,38,0.0003736847280951913,0.8636363636363636,1.1930876486643365
gender=M & tag=电影猎海日志,behavior=effective_view,38,0.0003736847280951913,0.8636363636363636,1.1930876486643365
tag=和你在一起 & theme=9,behavior=effective_view,38,0.0003736847280951913,0.8636363636363636,1.1930876486643365
gender=M & tag=电影推荐,behavior=effective_view,38,0.0003736847280951913,0.8636363636363636,1.1930876486643365
tag=夏日暴击 & tag=张委屈,behavior=effective_view,38,0.0003736847280951913,0.8636363636363636,1.1930876486643365
tag=张委屈 & tag=艾特TA分享快乐,behavior=effective_view,38,0.0003736847280951913,0.8636363636363636,1.1930876486643365
tag=张委屈 & theme=20,behavior=effective_view,38,0.0003736847280951913,0.8636363636363636,1.1930876486643365
tag=艾特TA分享快乐 & theme=20,behavior=effective_view,38,0.0003736847280951913,0.8636363636363636,1.1930876486643365
gender=M & tag=商业思维,behavior=effective_view,107,0.001052217523846986,0.8629032258064516,1.1920748408131785
tag=快手创作者服务中心 & tag=我在快手追好剧,behavior=effective_view,94,0.0009243780116038942,0.8623853211009175,1.191359371046764
tag=快手激励创作者计划,behavior=effective_view,50,0.000491690431704199,0.8620689655172413,1.1909223353273777
tag=三国哈哈哈,behavior=effective_view,25,0.0002458452158520995,0.8620689655172413,1.1909223353273777
tag=中俄友谊,behavior=effective_view,25,0.0002458452158520995,0.8620689655172413,1.1909223353273777
tag=这辈子你会和谁结婚,behavior=effective_view,25,0.0002458452158520995,0.8620689655172413,1.1909223353273777
tag=烈火英雄,behavior=effective_view,25,0.0002458452158520995,0.8620689655172413,1.1909223353273777
tag=有没有同款老公,behavior=effective_view,25,0.0002458452158520995,0.8620689655172413,1.1909223353273777
gender=M & tag=2022年光合创作者大会,behavior=effective_view,25,0.0002458452158520995,0.8620689655172413,1.1909223353273777
tag=野外建造 & theme=10,behavior=effective_view,25,0.0002458452158520995,0.8620689655172413,1.1909223353273777
city_level=四线城市 & tag=无名健美健身,behavior=effective_view,25,0.0002458452158520995,0.8620689655172413,1.1909223353273777
city_level=四线城市 & tag=胖胖胖无名,behavior=effective_view,25,0.0002458452158520995,0.8620689655172413,1.1909223353273777
gender=M & tag=致敬英雄缅怀先烈,behavior=effective_view,25,0.0002458452158520995,0.8620689655172413,1.1909223353273777
tag=三国哈哈哈 & theme=3,behavior=effective_view,25,0.0002458452158520995,0.8620689655172413,1.1909223353273777
tag=我的暑假超有范 & theme=25,behavior=effective_view,25,0.0002458452158520995,0.8620689655172413,1.1909223353273777
age_group=36-45 & tag=百亿剧好看计划,behavior=effective_view,25,0.0002458452158520995,0.8620689655172413,1.1909223353273777
gender=M & tag=社会,behavior=effective_view,25,0.0002458452158520995,0.8620689655172413,1.1909223353273777
age_group=46-60 & tag=人类幼崽成长记,behavior=effective_view,25,0.0002458452158520995,0.8620689655172413,1.1909223353273777
tag=记录我的海外生活 & tag=越南美女,behavior=effective_view,25,0.0002458452158520995,0.8620689655172413,1.1909223353273777
tag=天生我有戏 & tag=油切大肚茶,behavior=effective_view,25,0.0002458452158520995,0.8620689655172413,1.1909223353273777
tag=油切大肚茶 & tag=百万赞演技大赏,behavior=effective_view,25,0.0002458452158520995,0.8620689655172413,1.1909223353273777
gender=M & tag=悬浮床,behavior=effective_view,25,0.0002458452158520995,0.8620689655172413,1.1909223353273777
tag=宝妈 & theme=19,behavior=effective_view,25,0.0002458452158520995,0.8620689655172413,1.1909223353273777
gender=M & tag=每天搞笑视频不断,behavior=effective_view,25,0.0002458452158520995,0.8620689655172413,1.1909223353273777
tag=女生宿舍 & theme=39,behavior=effective_view,25,0.0002458452158520995,0.8620689655172413,1.1909223353273777
tag=烈火英雄 & theme=39,behavior=effective_view,25,0.0002458452158520995,0.8620689655172413,1.1909223353273777
tag=人类幼崽成长计划 & tag=宝妈,behavior=effective_view,25,0.0002458452158520995,0.8620689655172413,1.1909223353273777
age_group=19-25 & tag=万万没想到,behavior=effective_view,25,0.0002458452158520995,0.8620689655172413,1.1909223353273777
gender=M & tag=农村搞笑视频,behavior=effective_view,81,0.0007965384993608024,0.8617021276595744,1.1904155598655362
tag=羊了个羊,behavior=effective_view,31,0.0003048480676566034,0.8611111111111112,1.189599088288125
tag=正在努力的彝族姑娘,behavior=effective_view,31,0.0003048480676566034,0.8611111111111112,1.189599088288125
city_level=五线城市 & tag=动画,behavior=effective_view,31,0.0003048480676566034,0.8611111111111112,1.189599088288125
gender=M & tag=地铁跑酷,behavior=effective_view,31,0.0003048480676566034,0.8611111111111112,1.189599088288125
tag=人类幼崽 & theme=25,behavior=effective_view,31,0.0003048480676566034,0.8611111111111112,1.189599088288125
tag=影视解说 & tag=集结吧光合创作者,behavior=effective_view,31,0.0003048480676566034,0.8611111111111112,1.189599088288125
tag=乡村爱情喜剧 & theme=9,behavior=effective_view,31,0.0003048480676566034,0.8611111111111112,1.189599088288125
tag=一人分饰多角,behavior=effective_view,161,0.0015832431900875208,0.8609625668449198,1.1893938788542302
tag=语录,behavior=effective_view,37,0.0003638509194611073,0.8604651162790697,1.1887066658663035
city_level=四线城市 & tag=动漫,behavior=effective_view,37,0.0003638509194611073,0.8604651162790697,1.1887066658663035
tag=万万没想到 & theme=9,behavior=effective_view,37,0.0003638509194611073,0.8604651162790697,1.1887066658663035
city_level=四线城市 & tag=一人分饰多角,behavior=effective_view,43,0.00042285377126561116,0.86,1.188064121722592
gender=F & tag=明星,behavior=effective_view,43,0.00042285377126561116,0.86,1.188064121722592
tag=影视剪辑 & tag=快手放映室,behavior=effective_view,49,0.00048185662307011505,0.8596491228070176,1.1875793954387395
gender=F & tag=王鹤棣,behavior=effective_view,61,0.0005998623266791228,0.8591549295774648,1.1868966823628908
tag=科比,behavior=effective_view,67,0.0006588651784836267,0.8589743589743589,1.1866472295082537
age_group=26-35 & theme=35,behavior=effective_view,78,0.0007670370734585505,0.8571428571428571,1.1841170648397925
gender=M & tag=小趴菜,behavior=effective_view,66,0.0006490313698495427,0.8571428571428571,1.1841170648397925
age_group=46-60 & tag=和平精英,behavior=effective_view,60,0.0005900285180450389,0.8571428571428571,1.1841170648397925
tag=搞笑 & theme=20,behavior=effective_view,48,0.0004720228144360311,0.8571428571428571,1.1841170648397925
tag=乡村爱情故事 & tag=快手创作者服务中心,behavior=effective_view,48,0.0004720228144360311,0.8571428571428571,1.1841170648397925
tag=乡村爱情故事 & tag=我在快手追好剧,behavior=effective_view,48,0.0004720228144360311,0.8571428571428571,1.1841170648397925
age_group=60+ & tag=关爱女性健康,behavior=effective_view,42,0.0004130199626315272,0.8571428571428571,1.1841170648397925
city_level=五线城市 & tag=在快手看世界,behavior=effective_view,36,0.0003540171108270233,0.8571428571428571,1.1841170648397925
gender=M & tag=和平精英度假岛,behavior=effective_view,36,0.0003540171108270233,0.8571428571428571,1.1841170648397925
tag=人类幼崽迷惑行为 & theme=25,behavior=effective_view,36,0.0003540171108270233,0.8571428571428571,1.1841170648397925
gender=F & tag=快手鉴片官,behavior=effective_view,36,0.0003540171108270233,0.8571428571428571,1.1841170648397925
tag=搞笑老外 & theme=9,behavior=effective_view,36,0.0003540171108270233,0.8571428571428571,1.1841170648397925
tag=科普知识,behavior=effective_view,30,0.00029501425902251943,0.8571428571428571,1.1841170648397925
tag=搞笑段子来了,behavior=effective_view,30,0.00029501425902251943,0.8571428571428571,1.1841170648397925
tag=减肥逆袭,behavior=effective_view,30,0.00029501425902251943,0.8571428571428571,1.1841170648397925
tag=老外真会玩,behavior=effective_view,30,0.00029501425902251943,0.8571428571428571,1.1841170648397925
tag=农村女人,behavior=effective_view,30,0.00029501425902251943,0.8571428571428571,1.1841170648397925
tag=搞笑段子来了 & theme=9,behavior=effective_view,30,0.00029501425902251943,0.8571428571428571,1.1841170648397925
gender=F & tag=婚礼,behavior=effective_view,30,0.00029501425902251943,0.8571428571428571,1.1841170648397925
city_level=四线城市 & tag=快手短剧MCN影响力大赛,behavior=effective_view,30,0.00029501425902251943,0.8571428571428571,1.1841170648397925
age_group=26-35 & tag=小飞棍来咯,behavior=effective_view,30,0.00029501425902251943,0.8571428571428571,1.1841170648397925
gender=F & tag=社会百态,behavior=effective_view,30,0.00029501425902251943,0.8571428571428571,1.1841170648397925
tag=搞笑 & tag=整蛊,behavior=effective_view,30,0.00029501425902251943,0.8571428571428571,1.1841170648397925
tag=玲妹妹的沙雕日常,behavior=effective_view,24,0.00023601140721801555,0.8571428571428571,1.1841170648397925
tag=益智,behavior=effective_view,24,0.00023601140721801555,0.8571428571428571,1.1841170648397925
tag=假发,behavior=effective_view,24,0.00023601140721801555,0.8571428571428571,1.1841170648397925
tag=王一博,behavior=effective_view,24,0.00023601140721801555,0.8571428571428571,1.1841170648397925
tag=正能量 & theme=30,behavior=effective_view,24,0.00023601140721801555,0.8571428571428571,1.1841170648397925
gender=F & tag=运动一夏,behavior=effective_view,24,0.00023601140721801555,0.8571428571428571,1.1841170648397925
tag=快手情侣日常 & tag=玲妹妹的沙雕日常,behavior=effective_view,24,0.00023601140721801555,0.8571428571428571,1.1841170648397925
tag=玲妹妹的沙雕日常 & theme=11,behavior=effective_view,24,0.00023601140721801555,0.8571428571428571,1.1841170648397925
gender=M & tag=野外建造,behavior=effective_view,24,0.00023601140721801555,0.8571428571428571,1.1841170648397925
gender=M & tag=科技,behavior=effective_view,24,0.00023601140721801555,0.8571428571428571,1.1841170648397925
gender=F & tag=唐三小舞,behavior=effective_view,24,0.00023601140721801555,0.8571428571428571,1.1841170648397925
age_group=60+ & tag=舞蹈,behavior=effective_view,24,0.00023601140721801555,0.8571428571428571,1.1841170648397925
city_level=四线城市 & tag=农村搞笑视频,behavior=effective_view,24,0.00023601140721801555,0.8571428571428571,1.1841170648397925
tag=中俄友谊 & tag=俄罗斯,behavior=effective_view,24,0.00023601140721801555,0.8571428571428571,1.1841170648397925
tag=出发吧老妈 & theme=25,behavior=effective_view,24,0.00023601140721801555,0.8571428571428571,1.1841170648397925
gender=M & tag=全民健康计划,behavior=effective_view,24,0.00023601140721801555,0.8571428571428571,1.1841170648397925
city_level=四线城市 & tag=王鹤棣,behavior=effective_view,24,0.00023601140721801555,0.8571428571428571,1.1841170648397925
tag=感谢快手官大大每次热门推送 & tag=热爱快手支持正能量,behavior=effective_view,24,0.00023601140721801555,0.8571428571428571,1.1841170648397925
age_group=19-25 & tag=艾特TA分享快乐,behavior=effective_view,24,0.00023601140721801555,0.8571428571428571,1.1841170648397925
tag=一人分饰多角 & tag=女生宿舍,behavior=effective_view,24,0.00023601140721801555,0.8571428571428571,1.1841170648397925
gender=F & tag=人类幼崽,behavior=effective_view,24,0.00023601140721801555,0.8571428571428571,1.1841170648397925
age_group=36-45 & tag=手工,behavior=effective_view,24,0.00023601140721801555,0.8571428571428571,1.1841170648397925
gender=M & tag=鳄鱼,behavior=effective_view,24,0.00023601140721801555,0.8571428571428571,1.1841170648397925
city_level=二线城市 & tag=快手光合计划,behavior=effective_view,24,0.00023601140721801555,0.8571428571428571,1.1841170648397925
tag=恋爱 & tag=情侣日常,behavior=effective_view,24,0.00023601140721801555,0.8571428571428571,1.1841170648397925
city_level=新一线城市 & tag=娱你星动计划第一期,behavior=effective_view,24,0.00023601140721801555,0.8571428571428571,1.1841170648397925
city_level=三线城市 & tag=迷你世界,behavior=effective_view,77,0.0007572032648244665,0.8555555555555555,1.1819242554604596
tag=小趴菜 & tag=快手情侣日常,behavior=effective_view,71,0.0006982004130199626,0.8554216867469879,1.1817393197296726
tag=小趴菜 & theme=17,behavior=effective_view,71,0.0006982004130199626,0.8554216867469879,1.1817393197296726
tag=快手情侣日常 & theme=17,behavior=effective_view,71,0.0006982004130199626,0.8554216867469879,1.1817393197296726
gender=F & tag=动漫,behavior=effective_view,53,0.000521191857606451,0.8548387096774194,1.1809339544504385
gender=M & tag=暖心正能量,behavior=effective_view,53,0.000521191857606451,0.8548387096774194,1.1809339544504385
tag=娱乐,behavior=effective_view,47,0.0004621890058019471,0.8545454545454545,1.180528831309975
age_group=60+ & tag=人间真实在快手,behavior=effective_view,47,0.0004621890058019471,0.8545454545454545,1.180528831309975
tag=这狗成精了 & theme=17,behavior=effective_view,41,0.0004031861539974432,0.8541666666666666,1.1800055472535433
gender=M & tag=艾特TA分享快乐,behavior=effective_view,41,0.0004031861539974432,0.8541666666666666,1.1800055472535433
tag=生活这场戏,behavior=effective_view,70,0.0006883666043858786,0.8536585365853658,1.1793035808363788
age_group=60+ & tag=快手光合计划,behavior=effective_view,70,0.0006883666043858786,0.8536585365853658,1.1793035808363788
tag=母婴,behavior=effective_view,35,0.0003441833021929393,0.8536585365853658,1.1793035808363788
tag=影视剪辑原创 & theme=39,behavior=effective_view,35,0.0003441833021929393,0.8536585365853658,1.1793035808363788
gender=M & tag=come的喂,behavior=effective_view,35,0.0003441833021929393,0.8536585365853658,1.1793035808363788
city_level=二线城市 & tag=二次元,behavior=effective_view,35,0.0003441833021929393,0.8536585365853658,1.1793035808363788
city_level=三线城市 & tag=搞笑一家人,behavior=effective_view,35,0.0003441833021929393,0.8536585365853658,1.1793035808363788
tag=母婴 & theme=25,behavior=effective_view,35,0.0003441833021929393,0.8536585365853658,1.1793035808363788
tag=快手情侣日常 & tag=快手有戏精,behavior=effective_view,64,0.0006293637525813748,0.8533333333333334,1.1788543223293937
tag=乡村爱情故事,behavior=effective_view,58,0.0005703609007768709,0.8529411764705882,1.1783125694239114
tag=历史人物,behavior=effective_view,29,0.0002851804503884354,0.8529411764705882,1.1783125694239114
tag=异地恋,behavior=effective_view,29,0.0002851804503884354,0.8529411764705882,1.1783125694239114
tag=鳄鱼,behavior=effective_view,29,0.0002851804503884354,0.8529411764705882,1.1783125694239114
city_level=四线城市 & tag=2022财是机会,behavior=effective_view,29,0.0002851804503884354,0.8529411764705882,1.1783125694239114
city_level=三线城市 & tag=人类幼崽到底有多可爱,behavior=effective_view,29,0.0002851804503884354,0.8529411764705882,1.1783125694239114
city_level=三线城市 & tag=小飞棍来咯,behavior=effective_view,29,0.0002851804503884354,0.8529411764705882,1.1783125694239114
city_level=四线城市 & tag=萌宠,behavior=effective_view,29,0.0002851804503884354,0.8529411764705882,1.1783125694239114
tag=跑酷拉面,behavior=effective_view,92,0.0009047103943357263,0.8518518518518519,1.176807700242016
tag=跑酷拉面 & theme=7,behavior=effective_view,92,0.0009047103943357263,0.8518518518518519,1.176807700242016
city_level=三线城市 & tag=跑酷,behavior=effective_view,69,0.0006785327957517947,0.8518518518518519,1.176807700242016
gender=M & tag=传播正能量,behavior=effective_view,46,0.00045235519716786313,0.8518518518518519,1.176807700242016
city_level=四线城市 & tag=夫妻,behavior=effective_view,46,0.00045235519716786313,0.8518518518518519,1.176807700242016
tag=离谱,behavior=effective_view,23,0.00022617759858393157,0.8518518518518519,1.176807700242016
tag=搞笑动物配音,behavior=effective_view,23,0.00022617759858393157,0.8518518518518519,1.176807700242016
tag=请善待老人和孩子,behavior=effective_view,23,0.00022617759858393157,0.8518518518518519,1.176807700242016
tag=书语 & tag=文字视频,behavior=effective_view,23,0.00022617759858393157,0.8518518518518519,1.176807700242016
gender=F & tag=快手漫动力,behavior=effective_view,23,0.00022617759858393157,0.8518518518518519,1.176807700242016
gender=M & tag=简笔画,behavior=effective_view,23,0.00022617759858393157,0.8518518518518519,1.176807700242016
tag=搞笑动物配音 & theme=9,behavior=effective_view,23,0.00022617759858393157,0.8518518518518519,1.176807700242016
gender=M & tag=投票贴纸,behavior=effective_view,23,0.00022617759858393157,0.8518518518518519,1.176807700242016
tag=天生我有戏 & tag=请善待老人和孩子,behavior=effective_view,23,0.00022617759858393157,0.8518518518518519,1.176807700242016
tag=请善待老人和孩子 & tag=追剧一夏,behavior=effective_view,23,0.00022617759858393157,0.8518518518518519,1.176807700242016
tag=请善待老人和孩子 & theme=39,behavior=effective_view,23,0.00022617759858393157,0.8518518518518519,1.176807700242016
age_group=26-35 & tag=解压,behavior=effective_view,23,0.00022617759858393157,0.8518518518518519,1.176807700242016
gender=M & tag=牛蹄,behavior=effective_view,23,0.00022617759858393157,0.8518518518518519,1.176807700242016
age_group=19-25 & tag=小飞棍来咯,behavior=effective_view,23,0.00022617759858393157,0.8518518518518519,1.176807700242016
gender=M & tag=和你在一起,behavior=effective_view,23,0.00022617759858393157,0.8518518518518519,1.176807700242016
age_group=36-45 & tag=手机摄影,behavior=effective_view,23,0.00022617759858393157,0.8518518518518519,1.176807700242016
gender=F & tag=爆笑,behavior=effective_view,23,0.00022617759858393157,0.8518518518518519,1.176807700242016
gender=M & tag=移起守护祖国建设者,behavior=effective_view,23,0.00022617759858393157,0.8518518518518519,1.176807700242016
tag=韩国 & theme=11,behavior=effective_view,23,0.00022617759858393157,0.8518518518518519,1.176807700242016
city_level=三线城市 & tag=狗狗,behavior=effective_view,23,0.00022617759858393157,0.8518518518518519,1.176807700242016
gender=M & tag=COS,behavior=effective_view,23,0.00022617759858393157,0.8518518518518519,1.176807700242016
gender=F & tag=快手激励创作者计划,behavior=effective_view,23,0.00022617759858393157,0.8518518518518519,1.176807700242016
age_group=26-35 & tag=游戏凡星计划,behavior=effective_view,132,0.0012980627396990854,0.8516129032258064,1.1764775999053423
tag=光合计划激励任务,behavior=effective_view,40,0.00039335234536335925,0.851063829787234,1.1757190714721346
city_level=三线城市 & tag=正能量短剧,behavior=effective_view,40,0.00039335234536335925,0.851063829787234,1.1757190714721346
tag=二次元 & tag=学生党,behavior=effective_view,40,0.00039335234536335925,0.851063829787234,1.1757190714721346
city_level=二线城市 & tag=新光合计划,behavior=effective_view,114,0.0011210541842855738,0.8507462686567164,1.1752803703260628
tag=乡村爱情故事 & theme=39,behavior=effective_view,57,0.0005605270921427869,0.8507462686567164,1.1752803703260628
gender=M & tag=一人分饰多角,behavior=effective_view,74,0.0007277018389222146,0.8505747126436781,1.175043370856346
tag=极限星计划 & tag=跑酷拉面,behavior=effective_view,91,0.0008948765857016422,0.8504672897196262,1.1748949693192334
tag=一人分饰多角 & theme=39,behavior=effective_view,85,0.0008358737338971384,0.85,1.1742494226327944
gender=M & tag=快手有戏精,behavior=effective_view,85,0.0008358737338971384,0.85,1.1742494226327944
city_level=四线城市 & tag=校园,behavior=effective_view,68,0.0006686989871177107,0.85,1.1742494226327944
age_group=36-45 & tag=篮球新世代,behavior=effective_view,51,0.0005015242403382831,0.85,1.1742494226327944
tag=小猪佩奇 & tag=简笔画,behavior=effective_view,34,0.00033434949355885536,0.85,1.1742494226327944
gender=M & tag=一家搞笑欢乐多,behavior=effective_view,34,0.00033434949355885536,0.85,1.1742494226327944
gender=M & tag=意想不到的结局,behavior=effective_view,34,0.00033434949355885536,0.85,1.1742494226327944
city_level=unknown & gender=M,behavior=effective_view,62,0.0006096961353132068,0.8493150684931506,1.1733032103663699
tag=跑酷 & tag=跑酷拉面,behavior=effective_view,90,0.0008850427770675582,0.8490566037735849,1.172946149133757
tag=超级投资家2022,behavior=effective_view,45,0.0004425213885337791,0.8490566037735849,1.172946149133757
tag=和平精英度假岛 & tag=游戏凡星计划,behavior=effective_view,45,0.0004425213885337791,0.8490566037735849,1.172946149133757
tag=搞笑配音 & tag=集合吧光合创作者,behavior=effective_view,45,0.0004425213885337791,0.8490566037735849,1.172946149133757
tag=这狗成精了,behavior=effective_view,56,0.0005506932835087029,0.8484848484848485,1.1721562864070676
tag=爸爸的小棉袄,behavior=effective_view,56,0.0005506932835087029,0.8484848484848485,1.1721562864070676
tag=外国人,behavior=effective_view,28,0.00027534664175435147,0.8484848484848485,1.1721562864070676
tag=这一天过得好无聊,behavior=effective_view,28,0.00027534664175435147,0.8484848484848485,1.1721562864070676
tag=蹭饭,behavior=effective_view,28,0.00027534664175435147,0.8484848484848485,1.1721562864070676
tag=光合计划激励任务 & theme=2,behavior=effective_view,28,0.00027534664175435147,0.8484848484848485,1.1721562864070676
city_level=四线城市 & tag=故事,behavior=effective_view,28,0.00027534664175435147,0.8484848484848485,1.1721562864070676
tag=爆笑夏令营 & theme=39,behavior=effective_view,28,0.00027534664175435147,0.8484848484848485,1.1721562864070676
age_group=26-35 & tag=猕猴桃好剧必看,behavior=effective_view,28,0.00027534664175435147,0.8484848484848485,1.1721562864070676
tag=斗罗大陆 & theme=20,behavior=effective_view,28,0.00027534664175435147,0.8484848484848485,1.1721562864070676
age_group=19-25 & tag=动漫,behavior=effective_view,28,0.00027534664175435147,0.8484848484848485,1.1721562864070676
age_group=46-60 & tag=超爆小故事,behavior=effective_view,28,0.00027534664175435147,0.8484848484848485,1.1721562864070676
city_level=五线城市 & tag=社会百态,behavior=effective_view,28,0.00027534664175435147,0.8484848484848485,1.1721562864070676
age_group=26-35 & tag=致敬英雄,behavior=effective_view,28,0.00027534664175435147,0.8484848484848485,1.1721562864070676
tag=意想不到的结局 & theme=9,behavior=effective_view,28,0.00027534664175435147,0.8484848484848485,1.1721562864070676
tag=农村女人 & tag=正在努力的彝族姑娘,behavior=effective_view,28,0.00027534664175435147,0.8484848484848485,1.1721562864070676
tag=农村女人 & tag=这一天过得好无聊,behavior=effective_view,28,0.00027534664175435147,0.8484848484848485,1.1721562864070676
tag=农村女人 & theme=19,behavior=effective_view,28,0.00027534664175435147,0.8484848484848485,1.1721562864070676
tag=正在努力的彝族姑娘 & tag=这一天过得好无聊,behavior=effective_view,28,0.00027534664175435147,0.8484848484848485,1.1721562864070676
tag=正在努力的彝族姑娘 & theme=19,behavior=effective_view,28,0.00027534664175435147,0.8484848484848485,1.1721562864070676
tag=这一天过得好无聊 & theme=19,behavior=effective_view,28,0.00027534664175435147,0.8484848484848485,1.1721562864070676
gender=M & tag=发个弹幕快乐一夏,behavior=effective_view,28,0.00027534664175435147,0.8484848484848485,1.1721562864070676
tag=快手粉条热点助我上热门 & theme=36,behavior=effective_view,28,0.00027534664175435147,0.8484848484848485,1.1721562864070676
age_group=36-45 & tag=俄罗斯,behavior=effective_view,28,0.00027534664175435147,0.8484848484848485,1.1721562864070676
gender=F & tag=搞笑一家人,behavior=effective_view,78,0.0007670370734585505,0.8478260869565217,1.1712462271784905
tag=地铁跑酷 & theme=3,behavior=effective_view,39,0.00038351853672927524,0.8478260869565217,1.1712462271784905
age_group=60+ & tag=暖心正能量,behavior=effective_view,39,0.00038351853672927524,0.8478260869565217,1.1712462271784905
age_group=46-60 & tag=动物,behavior=effective_view,39,0.00038351853672927524,0.8478260869565217,1.1712462271784905
age_group=19-25 & tag=跑酷,behavior=effective_view,39,0.00038351853672927524,0.8478260869565217,1.1712462271784905
gender=M & tag=这狗成精了,behavior=effective_view,39,0.00038351853672927524,0.8478260869565217,1.1712462271784905
tag=夏日暴击 & tag=艾特TA分享快乐,behavior=effective_view,39,0.00038351853672927524,0.8478260869565217,1.1712462271784905
gender=M & tag=玩具,behavior=effective_view,50,0.000491690431704199,0.847457627118644,1.1707372109997949
city_level=二线城市 & theme=1,behavior=effective_view,209,0.002055266004523552,0.8461538461538461,1.168936076829026
city_level=四线城市 & tag=极限星计划,behavior=effective_view,66,0.0006490313698495427,0.8461538461538461,1.168936076829026
tag=旧房改造,behavior=effective_view,55,0.000540859474874619,0.8461538461538461,1.168936076829026
city_level=三线城市 & tag=俄罗斯,behavior=effective_view,55,0.000540859474874619,0.8461538461538461,1.168936076829026
gender=M & tag=超级投资家2022,behavior=effective_view,44,0.00043268757989969517,0.8461538461538461,1.168936076829026
gender=F & tag=真人真事爱心传递,behavior=effective_view,44,0.00043268757989969517,0.8461538461538461,1.168936076829026
age_group=60+ & tag=宝妈,behavior=effective_view,44,0.00043268757989969517,0.8461538461538461,1.168936076829026
tag=家庭日常 & theme=9,behavior=effective_view,44,0.00043268757989969517,0.8461538461538461,1.168936076829026
tag=益智玩具,behavior=effective_view,33,0.00032451568492477135,0.8461538461538461,1.168936076829026
tag=快来学习,behavior=effective_view,33,0.00032451568492477135,0.8461538461538461,1.168936076829026
age_group=26-35 & tag=小趴菜,behavior=effective_view,33,0.00032451568492477135,0.8461538461538461,1.168936076829026
age_group=26-35 & tag=快手创作者中心,behavior=effective_view,33,0.00032451568492477135,0.8461538461538461,1.168936076829026
tag=小猪佩奇 & theme=15,behavior=effective_view,33,0.00032451568492477135,0.8461538461538461,1.168936076829026
tag=爸爸的小棉袄 & theme=9,behavior=effective_view,33,0.00032451568492477135,0.8461538461538461,1.168936076829026
city_level=四线城市 & tag=百亿剧好看计划,behavior=effective_view,33,0.00032451568492477135,0.8461538461538461,1.168936076829026
gender=M & tag=光合激励计划,behavior=effective_view,33,0.00032451568492477135,0.8461538461538461,1.168936076829026
city_level=三线城市 & tag=商业思维,behavior=effective_view,33,0.00032451568492477135,0.8461538461538461,1.168936076829026
tag=儿童语言训练,behavior=effective_view,22,0.00021634378994984759,0.8461538461538461,1.168936076829026
tag=试吃,behavior=effective_view,22,0.00021634378994984759,0.8461538461538461,1.168936076829026
tag=两性关系,behavior=effective_view,22,0.00021634378994984759,0.8461538461538461,1.168936076829026
tag=清朝历史,behavior=effective_view,22,0.00021634378994984759,0.8461538461538461,1.168936076829026
tag=女生,behavior=effective_view,22,0.00021634378994984759,0.8461538461538461,1.168936076829026
tag=守护乡村儿童心理健康 & tag=用小红花一块做好事,behavior=effective_view,22,0.00021634378994984759,0.8461538461538461,1.168936076829026
tag=二次元 & tag=快手漫动力,behavior=effective_view,22,0.00021634378994984759,0.8461538461538461,1.168936076829026
tag=儿童语言训练 & tag=发音不清,behavior=effective_view,22,0.00021634378994984759,0.8461538461538461,1.168936076829026
tag=儿童语言训练 & theme=25,behavior=effective_view,22,0.00021634378994984759,0.8461538461538461,1.168936076829026
city_level=二线城市 & tag=快手有萌宠,behavior=effective_view,22,0.00021634378994984759,0.8461538461538461,1.168936076829026
tag=试吃 & theme=12,behavior=effective_view,22,0.00021634378994984759,0.8461538461538461,1.168936076829026
gender=M & tag=一起学画画,behavior=effective_view,22,0.00021634378994984759,0.8461538461538461,1.168936076829026
tag=唐三小舞 & theme=20,behavior=effective_view,22,0.00021634378994984759,0.8461538461538461,1.168936076829026
age_group=26-35 & tag=搞笑配音视频,behavior=effective_view,22,0.00021634378994984759,0.8461538461538461,1.168936076829026
city_level=三线城市 & tag=父女日常,behavior=effective_view,22,0.00021634378994984759,0.8461538461538461,1.168936076829026
tag=两性关系 & tag=情感,behavior=effective_view,22,0.00021634378994984759,0.8461538461538461,1.168936076829026
tag=两性关系 & theme=19,behavior=effective_view,22,0.00021634378994984759,0.8461538461538461,1.168936076829026
gender=M & tag=旭皮原创影视解说,behavior=effective_view,22,0.00021634378994984759,0.8461538461538461,1.168936076829026
city_level=四线城市 & tag=新光合创作者计划,behavior=effective_view,22,0.00021634378994984759,0.8461538461538461,1.168936076829026
age_group=46-60 & tag=传播正能量,behavior=effective_view,22,0.00021634378994984759,0.8461538461538461,1.168936076829026
tag=新农人计划2022 & tag=记录我的农村生活,behavior=effective_view,22,0.00021634378994984759,0.8461538461538461,1.168936076829026
tag=投票贴纸 & theme=24,behavior=effective_view,22,0.00021634378994984759,0.8461538461538461,1.168936076829026
gender=M & tag=新闻,behavior=effective_view,22,0.00021634378994984759,0.8461538461538461,1.168936076829026
age_group=36-45 & tag=正能量短剧,behavior=effective_view,22,0.00021634378994984759,0.8461538461538461,1.168936076829026
gender=M & tag=幽默笑话搞笑段子,behavior=effective_view,22,0.00021634378994984759,0.8461538461538461,1.168936076829026
gender=M & tag=惊险一幕,behavior=effective_view,22,0.00021634378994984759,0.8461538461538461,1.168936076829026
tag=外国人真会玩 & theme=9,behavior=effective_view,22,0.00021634378994984759,0.8461538461538461,1.168936076829026
gender=F & tag=影视,behavior=effective_view,22,0.00021634378994984759,0.8461538461538461,1.168936076829026
tag=搞笑 & theme=15,behavior=effective_view,22,0.00021634378994984759,0.8461538461538461,1.168936076829026
city_level=三线城市 & tag=come的喂,behavior=effective_view,22,0.00021634378994984759,0.8461538461538461,1.168936076829026
gender=F & tag=爆笑整蛊,behavior=effective_view,22,0.00021634378994984759,0.8461538461538461,1.168936076829026
age_group=26-35 & tag=搞笑夫妻,behavior=effective_view,22,0.00021634378994984759,0.8461538461538461,1.168936076829026
age_group=26-35 & tag=百亿剧好看计划,behavior=effective_view,22,0.00021634378994984759,0.8461538461538461,1.168936076829026
gender=M & tag=正在努力的彝族姑娘,behavior=effective_view,22,0.00021634378994984759,0.8461538461538461,1.168936076829026
tag=记录生活 & theme=28,behavior=effective_view,22,0.00021634378994984759,0.8461538461538461,1.168936076829026
tag=恶作剧 & tag=日常,behavior=effective_view,22,0.00021634378994984759,0.8461538461538461,1.168936076829026
gender=M & tag=魔术揭秘,behavior=effective_view,22,0.00021634378994984759,0.8461538461538461,1.168936076829026
gender=M & tag=爱国,behavior=effective_view,22,0.00021634378994984759,0.8461538461538461,1.168936076829026
tag=养猪 & tag=所有养猪人,behavior=effective_view,22,0.00021634378994984759,0.8461538461538461,1.168936076829026
city_level=三线城市 & tag=解压,behavior=effective_view,22,0.00021634378994984759,0.8461538461538461,1.168936076829026
age_group=60+ & tag=快手娱乐星熠计划,behavior=effective_view,22,0.00021634378994984759,0.8461538461538461,1.168936076829026
tag=鳄鱼 & theme=17,behavior=effective_view,22,0.00021634378994984759,0.8461538461538461,1.168936076829026
city_level=五线城市 & tag=程序员,behavior=effective_view,22,0.00021634378994984759,0.8461538461538461,1.168936076829026
tag=外国人 & theme=12,behavior=effective_view,22,0.00021634378994984759,0.8461538461538461,1.168936076829026
age_group=36-45 & city_level=unknown,behavior=effective_view,22,0.00021634378994984759,0.8461538461538461,1.168936076829026
age_group=60+ & tag=短剧有好货,behavior=effective_view,71,0.0006982004130199626,0.8452380952380952,1.1676709944947956
gender=F & tag=触漫,behavior=effective_view,71,0.0006982004130199626,0.8452380952380952,1.1676709944947956
tag=意想不到的结局,behavior=effective_view,49,0.00048185662307011505,0.8448275862068966,1.1671038886208303
tag=商业思维,behavior=effective_view,125,0.0012292260792604976,0.8445945945945946,1.1667820177193904
tag=人类幼崽迷惑行为,behavior=effective_view,38,0.0003736847280951913,0.8444444444444444,1.1665745898051292
tag=水下之秘,behavior=effective_view,38,0.0003736847280951913,0.8444444444444444,1.1665745898051292
age_group=46-60 & tag=集合吧光合计划创作者,behavior=effective_view,38,0.0003736847280951913,0.8444444444444444,1.1665745898051292
gender=M & tag=房产,behavior=effective_view,38,0.0003736847280951913,0.8444444444444444,1.1665745898051292
gender=M & tag=怀孕,behavior=effective_view,38,0.0003736847280951913,0.8444444444444444,1.1665745898051292
tag=快手放映厅 & tag=水下之秘,behavior=effective_view,38,0.0003736847280951913,0.8444444444444444,1.1665745898051292
tag=我在快手追好剧 & tag=水下之秘,behavior=effective_view,38,0.0003736847280951913,0.8444444444444444,1.1665745898051292
tag=水下之秘 & theme=39,behavior=effective_view,38,0.0003736847280951913,0.8444444444444444,1.1665745898051292
gender=M & tag=龙卷风302,behavior=effective_view,38,0.0003736847280951913,0.8444444444444444,1.1665745898051292
city_level=三线城市 & tag=小说,behavior=effective_view,38,0.0003736847280951913,0.8444444444444444,1.1665745898051292
gender=M & tag=跑酷,behavior=effective_view,119,0.0011702232274559937,0.8439716312056738,1.1659214125432
age_group=36-45 & tag=二次元,behavior=effective_view,54,0.0005310256662405349,0.84375,1.165615235701671
gender=M & tag=乡村爱情故事,behavior=effective_view,54,0.0005310256662405349,0.84375,1.165615235701671
tag=情侣日常 & tag=搞笑,behavior=effective_view,54,0.0005310256662405349,0.84375,1.165615235701671
tag=野外建造,behavior=effective_view,27,0.00026551283312026746,0.84375,1.165615235701671
tag=冰雕,behavior=effective_view,27,0.00026551283312026746,0.84375,1.165615235701671
tag=冰雕小姐姐,behavior=effective_view,27,0.00026551283312026746,0.84375,1.165615235701671
tag=超级工程,behavior=effective_view,27,0.00026551283312026746,0.84375,1.165615235701671
tag=关爱女性在快手,behavior=effective_view,27,0.00026551283312026746,0.84375,1.165615235701671
tag=财富密码在人间 & tag=财经,behavior=effective_view,27,0.00026551283312026746,0.84375,1.165615235701671
age_group=19-25 & tag=我妈给我一个大碧斗,behavior=effective_view,27,0.00026551283312026746,0.84375,1.165615235701671
tag=大龄工 & theme=11,behavior=effective_view,27,0.00026551283312026746,0.84375,1.165615235701671
age_group=36-45 & tag=家庭日常,behavior=effective_view,27,0.00026551283312026746,0.84375,1.165615235701671
tag=冰雕 & tag=冰雕小姐姐,behavior=effective_view,27,0.00026551283312026746,0.84375,1.165615235701671
gender=M & tag=白宝山,behavior=effective_view,27,0.00026551283312026746,0.84375,1.165615235701671
age_group=19-25 & tag=程序员,behavior=effective_view,27,0.00026551283312026746,0.84375,1.165615235701671
tag=工厂实拍视频 & theme=11,behavior=effective_view,27,0.00026551283312026746,0.84375,1.165615235701671
tag=烧脑大挑战 & theme=3,behavior=effective_view,27,0.00026551283312026746,0.84375,1.165615235701671
tag=2022新光合计划 & tag=我在快手追好剧,behavior=effective_view,27,0.00026551283312026746,0.84375,1.165615235701671
city_level=新一线城市 & tag=艾特你想艾特的人,behavior=effective_view,27,0.00026551283312026746,0.84375,1.165615235701671
age_group=46-60 & tag=真人真事传递正能量,behavior=effective_view,27,0.00026551283312026746,0.84375,1.165615235701671
tag=农村搞笑视频 & theme=9,behavior=effective_view,97,0.0009538794375061461,0.8434782608695652,1.165239836269883
age_group=19-25 & tag=篮球新世代,behavior=effective_view,43,0.00042285377126561116,0.8431372549019608,1.1647687467868548
gender=M & tag=人类幼崽到底有多可爱,behavior=effective_view,59,0.0005801947094109549,0.8428571428571429,1.164381780425796
tag=一家搞笑欢乐多 & tag=快手有戏精,behavior=effective_view,59,0.0005801947094109549,0.8428571428571429,1.164381780425796
tag=一家搞笑欢乐多 & theme=19,behavior=effective_view,59,0.0005801947094109549,0.8428571428571429,1.164381780425796
tag=快手有戏精 & theme=19,behavior=effective_view,59,0.0005801947094109549,0.8428571428571429,1.164381780425796
gender=M & tag=小说,behavior=effective_view,64,0.0006293637525813748,0.8421052631578947,1.163343081246112
tag=荒岛求生,behavior=effective_view,32,0.0003146818762906874,0.8421052631578947,1.163343081246112
tag=夜市里的烟火气,behavior=effective_view,32,0.0003146818762906874,0.8421052631578947,1.163343081246112
tag=回忆童年经典动画片,behavior=effective_view,32,0.0003146818762906874,0.8421052631578947,1.163343081246112
gender=F & tag=继母后妈,behavior=effective_view,32,0.0003146818762906874,0.8421052631578947,1.163343081246112
tag=荒岛求生 & theme=10,behavior=effective_view,32,0.0003146818762906874,0.8421052631578947,1.163343081246112
gender=F & tag=快影情感电台,behavior=effective_view,32,0.0003146818762906874,0.8421052631578947,1.163343081246112
age_group=26-35 & tag=夫妻,behavior=effective_view,32,0.0003146818762906874,0.8421052631578947,1.163343081246112
gender=F & tag=解压,behavior=effective_view,32,0.0003146818762906874,0.8421052631578947,1.163343081246112
age_group=36-45 & tag=沙雕,behavior=effective_view,32,0.0003146818762906874,0.8421052631578947,1.163343081246112
city_level=三线城市 & tag=小趴菜,behavior=effective_view,32,0.0003146818762906874,0.8421052631578947,1.163343081246112
tag=农村搞笑视频,behavior=effective_view,101,0.000993214672042482,0.8416666666666667,1.1627371733912963
age_group=26-35 & tag=学生党,behavior=effective_view,122,0.0011997246533582456,0.8413793103448276,1.1623401992795206
tag=感谢快手官大大每次热门推送 & theme=9,behavior=effective_view,53,0.000521191857606451,0.8412698412698413,1.1621889710464632
tag=搞笑一家人,behavior=effective_view,148,0.001455403677844429,0.8409090909090909,1.161690605278433
tag=哥谭噩梦,behavior=effective_view,37,0.0003638509194611073,0.8409090909090909,1.161690605278433
tag=超级投资家2022 & theme=22,behavior=effective_view,37,0.0003638509194611073,0.8409090909090909,1.161690605278433
tag=一定要看到最后 & theme=9,behavior=effective_view,37,0.0003638509194611073,0.8409090909090909,1.161690605278433
tag=商业思维 & theme=22,behavior=effective_view,116,0.0011407218015537417,0.8405797101449275,1.1612355756641444
city_level=四线城市 & theme=24,behavior=effective_view,105,0.0010325499065788179,0.84,1.1604347235429968
gender=M & tag=超爆小故事,behavior=effective_view,63,0.0006195299439472907,0.84,1.1604347235429968
tag=军事迷,behavior=effective_view,42,0.0004130199626315272,0.84,1.1604347235429968
tag=爆笑整蛊,behavior=effective_view,42,0.0004130199626315272,0.84,1.1604347235429968
tag=一人分饰多角 & tag=追剧一夏,behavior=effective_view,42,0.0004130199626315272,0.84,1.1604347235429968
gender=M & tag=搞笑我是认真的,behavior=effective_view,42,0.0004130199626315272,0.84,1.1604347235429968
tag=真实事件 & theme=28,behavior=effective_view,42,0.0004130199626315272,0.84,1.1604347235429968
gender=M & tag=军事迷,behavior=effective_view,42,0.0004130199626315272,0.84,1.1604347235429968
tag=军事迷 & theme=35,behavior=effective_view,42,0.0004130199626315272,0.84,1.1604347235429968
tag=爆笑整蛊 & theme=9,behavior=effective_view,42,0.0004130199626315272,0.84,1.1604347235429968
tag=老公,behavior=effective_view,21,0.0002065099813157636,0.84,1.1604347235429968
tag=孤勇者,behavior=effective_view,21,0.0002065099813157636,0.84,1.1604347235429968
tag=和狐狸一起做大片,behavior=effective_view,21,0.0002065099813157636,0.84,1.1604347235429968
tag=今日迷惑行为,behavior=effective_view,21,0.0002065099813157636,0.84,1.1604347235429968
tag=娶媳妇,behavior=effective_view,21,0.0002065099813157636,0.84,1.1604347235429968
tag=爷爷奶奶,behavior=effective_view,21,0.0002065099813157636,0.84,1.1604347235429968
tag=全网最漂亮的公主裙,behavior=effective_view,21,0.0002065099813157636,0.84,1.1604347235429968
tag=女童连衣裙,behavior=effective_view,21,0.0002065099813157636,0.84,1.1604347235429968
tag=房车生活,behavior=effective_view,21,0.0002065099813157636,0.84,1.1604347235429968
tag=韩家,behavior=effective_view,21,0.0002065099813157636,0.84,1.1604347235429968
tag=认知思维,behavior=effective_view,21,0.0002065099813157636,0.84,1.1604347235429968
tag=户外抓鱼,behavior=effective_view,21,0.0002065099813157636,0.84,1.1604347235429968
tag=童年动画片,behavior=effective_view,21,0.0002065099813157636,0.84,1.1604347235429968
tag=文章,behavior=effective_view,21,0.0002065099813157636,0.84,1.1604347235429968
tag=白敬亭,behavior=effective_view,21,0.0002065099813157636,0.84,1.1604347235429968
tag=海外生活 & theme=11,behavior=effective_view,21,0.0002065099813157636,0.84,1.1604347235429968
age_group=46-60 & tag=故事,behavior=effective_view,21,0.0002065099813157636,0.84,1.1604347235429968
tag=夏日星光大赏 & tag=快手影视高热计划,behavior=effective_view,21,0.0002065099813157636,0.84,1.1604347235429968
gender=F & tag=粉红豹,behavior=effective_view,21,0.0002065099813157636,0.84,1.1604347235429968
tag=人间真实在快手 & tag=巴基斯坦星光村,behavior=effective_view,21,0.0002065099813157636,0.84,1.1604347235429968
gender=M & tag=两性关系,behavior=effective_view,21,0.0002065099813157636,0.84,1.1604347235429968
gender=M & tag=因为一个片段看了整部剧,behavior=effective_view,21,0.0002065099813157636,0.84,1.1604347235429968
city_level=四线城市 & tag=持续关注持续精彩,behavior=effective_view,21,0.0002065099813157636,0.84,1.1604347235429968
tag=乡村美食 & tag=婆媳,behavior=effective_view,21,0.0002065099813157636,0.84,1.1604347235429968
tag=乡村美食 & tag=记录我的乡村生活,behavior=effective_view,21,0.0002065099813157636,0.84,1.1604347235429968
tag=婆媳 & tag=记录我的乡村生活,behavior=effective_view,21,0.0002065099813157636,0.84,1.1604347235429968
city_level=三线城市 & tag=家庭百态,behavior=effective_view,21,0.0002065099813157636,0.84,1.1604347235429968
age_group=19-25 & tag=一定要看到最后哦,behavior=effective_view,21,0.0002065099813157636,0.84,1.1604347235429968
gender=M & tag=全景视频,behavior=effective_view,21,0.0002065099813157636,0.84,1.1604347235429968
gender=M & tag=夏季治安打击整治百日行动,behavior=effective_view,21,0.0002065099813157636,0.84,1.1604347235429968
age_group=46-60 & tag=野生动物,behavior=effective_view,21,0.0002065099813157636,0.84,1.1604347235429968
gender=M & tag=美女,behavior=effective_view,21,0.0002065099813157636,0.84,1.1604347235429968
age_group=60+ & tag=老人,behavior=effective_view,21,0.0002065099813157636,0.84,1.1604347235429968
age_group=26-35 & tag=找工作,behavior=effective_view,21,0.0002065099813157636,0.84,1.1604347235429968
gender=F & tag=爆笑搞笑视频,behavior=effective_view,21,0.0002065099813157636,0.84,1.1604347235429968
age_group=26-35 & tag=泪目,behavior=effective_view,21,0.0002065099813157636,0.84,1.1604347235429968
tag=全网最漂亮的公主裙 & tag=女童连衣裙,behavior=effective_view,21,0.0002065099813157636,0.84,1.1604347235429968
tag=全网最漂亮的公主裙 & theme=5,behavior=effective_view,21,0.0002065099813157636,0.84,1.1604347235429968
tag=女童连衣裙 & theme=5,behavior=effective_view,21,0.0002065099813157636,0.84,1.1604347235429968
age_group=60+ & tag=法律,behavior=effective_view,21,0.0002065099813157636,0.84,1.1604347235429968
city_level=新一线城市 & tag=极限星计划,behavior=effective_view,21,0.0002065099813157636,0.84,1.1604347235429968
gender=M & tag=搞笑老外,behavior=effective_view,21,0.0002065099813157636,0.84,1.1604347235429968
age_group=46-60 & tag=动物世界精彩集锦,behavior=effective_view,21,0.0002065099813157636,0.84,1.1604347235429968
city_level=三线城市 & tag=精选,behavior=effective_view,21,0.0002065099813157636,0.84,1.1604347235429968
gender=M & tag=农村女人,behavior=effective_view,21,0.0002065099813157636,0.84,1.1604347235429968
tag=户外抓鱼 & theme=11,behavior=effective_view,21,0.0002065099813157636,0.84,1.1604347235429968
tag=爸爸的小棉袄 & theme=25,behavior=effective_view,21,0.0002065099813157636,0.84,1.1604347235429968
tag=童年动画片 & theme=20,behavior=effective_view,21,0.0002065099813157636,0.84,1.1604347235429968
gender=F & tag=这也太好看了吧,behavior=effective_view,21,0.0002065099813157636,0.84,1.1604347235429968
tag=文章 & theme=6,behavior=effective_view,21,0.0002065099813157636,0.84,1.1604347235429968
tag=隐入尘烟 & theme=39,behavior=effective_view,21,0.0002065099813157636,0.84,1.1604347235429968
gender=M & tag=吴京,behavior=effective_view,21,0.0002065099813157636,0.84,1.1604347235429968
city_level=四线城市 & tag=婆媳关系,behavior=effective_view,21,0.0002065099813157636,0.84,1.1604347235429968
tag=外国人 & tag=美食测评,behavior=effective_view,21,0.0002065099813157636,0.84,1.1604347235429968
tag=寻找快手最宠粉博主 & tag=熊出没,behavior=effective_view,21,0.0002065099813157636,0.84,1.1604347235429968
gender=F & tag=海绵宝宝,behavior=effective_view,21,0.0002065099813157636,0.84,1.1604347235429968
city_level=五线城市 & tag=学生党,behavior=effective_view,89,0.0008752089684334743,0.839622641509434,1.1599134141433818
gender=M & tag=人类幼崽成长记,behavior=effective_view,47,0.0004621890058019471,0.8392857142857143,1.159447959322297
city_level=五线城市 & tag=原创,behavior=effective_view,47,0.0004621890058019471,0.8392857142857143,1.159447959322297
gender=F & tag=小说推文,behavior=effective_view,47,0.0004621890058019471,0.8392857142857143,1.159447959322297
tag=触漫,behavior=effective_view,99,0.000973547054774314,0.8389830508474576,1.159029838889797
city_level=四线城市 & tag=搞笑配音,behavior=effective_view,281,0.0027633002261775986,0.8388059701492537,1.1587852072337672
tag=篮球,behavior=effective_view,52,0.000511358048972367,0.8387096774193549,1.1586521817249584
tag=越南美女,behavior=effective_view,26,0.0002556790244861835,0.8387096774193549,1.1586521817249584
tag=房车旅行,behavior=effective_view,26,0.0002556790244861835,0.8387096774193549,1.1586521817249584
tag=集结吧光合创作者 & theme=24,behavior=effective_view,26,0.0002556790244861835,0.8387096774193549,1.1586521817249584
gender=M & tag=铭记历史,behavior=effective_view,26,0.0002556790244861835,0.8387096774193549,1.1586521817249584
city_level=四线城市 & tag=快手娱乐星熠计划第七期,behavior=effective_view,26,0.0002556790244861835,0.8387096774193549,1.1586521817249584
city_level=五线城市 & tag=农村搞笑视频,behavior=effective_view,26,0.0002556790244861835,0.8387096774193549,1.1586521817249584
tag=健康 & tag=医者仁心,behavior=effective_view,26,0.0002556790244861835,0.8387096774193549,1.1586521817249584
tag=医者仁心 & tag=涨知识,behavior=effective_view,26,0.0002556790244861835,0.8387096774193549,1.1586521817249584
tag=记录我的海外生活 & tag=越南生活,behavior=effective_view,26,0.0002556790244861835,0.8387096774193549,1.1586521817249584
tag=越南生活 & tag=越南美女,behavior=effective_view,26,0.0002556790244861835,0.8387096774193549,1.1586521817249584
tag=越南美女 & theme=11,behavior=effective_view,26,0.0002556790244861835,0.8387096774193549,1.1586521817249584
gender=F & tag=00后,behavior=effective_view,26,0.0002556790244861835,0.8387096774193549,1.1586521817249584
gender=M & tag=三胎,behavior=effective_view,26,0.0002556790244861835,0.8387096774193549,1.1586521817249584
gender=F & tag=同路人宝哥团队,behavior=effective_view,26,0.0002556790244861835,0.8387096774193549,1.1586521817249584
gender=F & tag=发型,behavior=effective_view,26,0.0002556790244861835,0.8387096774193549,1.1586521817249584
gender=M & tag=哎呀妈呀笑死我了,behavior=effective_view,26,0.0002556790244861835,0.8387096774193549,1.1586521817249584
gender=M & tag=武器,behavior=effective_view,26,0.0002556790244861835,0.8387096774193549,1.1586521817249584
age_group=60+ & tag=支持快手传递正能量,behavior=effective_view,26,0.0002556790244861835,0.8387096774193549,1.1586521817249584
age_group=26-35 & tag=视觉震撼,behavior=effective_view,26,0.0002556790244861835,0.8387096774193549,1.1586521817249584
tag=蹭饭 & theme=12,behavior=effective_view,26,0.0002556790244861835,0.8387096774193549,1.1586521817249584
gender=M & tag=成龙,behavior=effective_view,26,0.0002556790244861835,0.8387096774193549,1.1586521817249584
age_group=19-25 & tag=学生时代,behavior=effective_view,26,0.0002556790244861835,0.8387096774193549,1.1586521817249584
city_level=二线城市 & tag=美食探店,behavior=effective_view,26,0.0002556790244861835,0.8387096774193549,1.1586521817249584
age_group=26-35 & tag=快手小游戏,behavior=effective_view,83,0.0008162061166289704,0.8383838383838383,1.1582020449022215
city_level=二线城市 & tag=和平精英,behavior=effective_view,57,0.0005605270921427869,0.8382352941176471,1.1579968354683268
age_group=26-35 & tag=Vlog日常,behavior=effective_view,62,0.0006096961353132068,0.8378378378378378,1.157447761577635
tag=综合格斗,behavior=effective_view,31,0.0003048480676566034,0.8378378378378378,1.157447761577635
tag=唐三小舞,behavior=effective_view,31,0.0003048480676566034,0.8378378378378378,1.157447761577635
tag=社会,behavior=effective_view,31,0.0003048480676566034,0.8378378378378378,1.157447761577635
tag=电影,behavior=effective_view,31,0.0003048480676566034,0.8378378378378378,1.157447761577635
tag=综合格斗 & theme=7,behavior=effective_view,31,0.0003048480676566034,0.8378378378378378,1.157447761577635
tag=快手漫动力 & theme=20,behavior=effective_view,31,0.0003048480676566034,0.8378378378378378,1.157447761577635
gender=M & tag=父痴子笑,behavior=effective_view,31,0.0003048480676566034,0.8378378378378378,1.157447761577635
city_level=五线城市 & tag=俄罗斯,behavior=effective_view,31,0.0003048480676566034,0.8378378378378378,1.157447761577635
tag=爸爸带娃 & theme=9,behavior=effective_view,31,0.0003048480676566034,0.8378378378378378,1.157447761577635
tag=情侣 & tag=日常,behavior=effective_view,31,0.0003048480676566034,0.8378378378378378,1.157447761577635
gender=M & tag=韩国,behavior=effective_view,31,0.0003048480676566034,0.8378378378378378,1.157447761577635
city_level=四线城市 & tag=每日推文,behavior=effective_view,31,0.0003048480676566034,0.8378378378378378,1.157447761577635
gender=M & tag=胖胖胖无名,behavior=effective_view,72,0.0007080342216540466,0.8372093023255814,1.1565794586807279
tag=影视剪辑原创,behavior=effective_view,36,0.0003540171108270233,0.8372093023255814,1.1565794586807279
tag=青春期孩子叛逆教育,behavior=effective_view,36,0.0003540171108270233,0.8372093023255814,1.1565794586807279
tag=COS,behavior=effective_view,36,0.0003540171108270233,0.8372093023255814,1.1565794586807279
age_group=36-45 & tag=我的乡村生活,behavior=effective_view,36,0.0003540171108270233,0.8372093023255814,1.1565794586807279
tag=快影达人 & theme=20,behavior=effective_view,36,0.0003540171108270233,0.8372093023255814,1.1565794586807279
gender=F & tag=苍兰诀,behavior=effective_view,36,0.0003540171108270233,0.8372093023255814,1.1565794586807279
gender=F & tag=人间奇趣记录仪,behavior=effective_view,36,0.0003540171108270233,0.8372093023255814,1.1565794586807279
tag=搞笑一家人 & theme=9,behavior=effective_view,133,0.0013078965483331695,0.8364779874213837,1.1555691691465901
tag=和平精英度假岛,behavior=effective_view,46,0.00045235519716786313,0.8363636363636363,1.1554111966012521
age_group=19-25 & tag=小说,behavior=effective_view,46,0.00045235519716786313,0.8363636363636363,1.1554111966012521
city_level=二线城市 & tag=捕娱计划,behavior=effective_view,46,0.00045235519716786313,0.8363636363636363,1.1554111966012521
age_group=36-45 & tag=搞笑配音,behavior=effective_view,235,0.0023109450290097356,0.8362989323843416,1.1553218100008653
tag=内容过于真实 & tag=搞笑,behavior=effective_view,97,0.0009538794375061461,0.8362068965517241,1.1551946652675562
tag=关爱留守儿童,behavior=effective_view,51,0.0005015242403382831,0.8360655737704918,1.1549994320978305
age_group=46-60 & tag=人生感悟,behavior=effective_view,51,0.0005015242403382831,0.8360655737704918,1.1549994320978305
tag=篮球 & theme=7,behavior=effective_view,51,0.0005015242403382831,0.8360655737704918,1.1549994320978305
tag=关爱留守儿童 & tag=正能量专递,behavior=effective_view,51,0.0005015242403382831,0.8360655737704918,1.1549994320978305
city_level=三线城市 & tag=记录我的农村生活,behavior=effective_view,112,0.0011013865670174059,0.835820895522388,1.1546614164606932
age_group=36-45 & tag=捕娱计划,behavior=effective_view,56,0.0005506932835087029,0.835820895522388,1.1546614164606932
tag=小说推文,behavior=effective_view,66,0.0006490313698495427,0.8354430379746836,1.1541394176286588
age_group=36-45 & tag=和平精英,behavior=effective_view,66,0.0006490313698495427,0.8354430379746836,1.1541394176286588
gender=M & tag=无名健美健身,behavior=effective_view,71,0.0006982004130199626,0.8352941176470589,1.1539336886772098
age_group=26-35 & tag=迷你世界,behavior=effective_view,76,0.0007473694561903826,0.8351648351648352,1.1537550888182595
age_group=19-25 & tag=捕娱计划,behavior=effective_view,120,0.0011800570360900777,0.8333333333333334,1.1512249241497985
tag=触漫 & theme=20,behavior=effective_view,90,0.0008850427770675582,0.8333333333333334,1.1512249241497985
tag=明星 & theme=6,behavior=effective_view,85,0.0008358737338971384,0.8333333333333334,1.1512249241497985
gender=M & tag=搞笑一家人,behavior=effective_view,70,0.0006883666043858786,0.8333333333333334,1.1512249241497985
tag=荣耀萤火新星训练营,behavior=effective_view,60,0.0005900285180450389,0.8333333333333334,1.1512249241497985
age_group=46-60 & tag=放映厅免费看大片,behavior=effective_view,60,0.0005900285180450389,0.8333333333333334,1.1512249241497985
tag=恋爱 & tag=情侣,behavior=effective_view,50,0.000491690431704199,0.8333333333333334,1.1512249241497985
city_level=二线城市 & tag=王者荣耀,behavior=effective_view,50,0.000491690431704199,0.8333333333333334,1.1512249241497985
tag=婚礼,behavior=effective_view,45,0.0004425213885337791,0.8333333333333334,1.1512249241497985
tag=和平精英度假岛 & theme=24,behavior=effective_view,45,0.0004425213885337791,0.8333333333333334,1.1512249241497985
gender=M & tag=荣耀萤火新星训练营,behavior=effective_view,45,0.0004425213885337791,0.8333333333333334,1.1512249241497985
city_level=三线城市 & tag=测评,behavior=effective_view,45,0.0004425213885337791,0.8333333333333334,1.1512249241497985
city_level=三线城市 & tag=人性,behavior=effective_view,40,0.00039335234536335925,0.8333333333333334,1.1512249241497985
age_group=60+ & tag=历史,behavior=effective_view,40,0.00039335234536335925,0.8333333333333334,1.1512249241497985
age_group=60+ & tag=乡村美食,behavior=effective_view,40,0.00039335234536335925,0.8333333333333334,1.1512249241497985
tag=2022光合创作者大会 & tag=快手激励创作者计划,behavior=effective_view,40,0.00039335234536335925,0.8333333333333334,1.1512249241497985
tag=快手激励创作者计划 & tag=萌宠,behavior=effective_view,40,0.00039335234536335925,0.8333333333333334,1.1512249241497985
tag=快手激励创作者计划 & theme=17,behavior=effective_view,40,0.00039335234536335925,0.8333333333333334,1.1512249241497985
tag=天生我有戏 & tag=百万赞演技大赏,behavior=effective_view,40,0.00039335234536335925,0.8333333333333334,1.1512249241497985
gender=M & tag=人类迷惑行为,behavior=effective_view,40,0.00039335234536335925,0.8333333333333334,1.1512249241497985
gender=M & tag=学生时代,behavior=effective_view,40,0.00039335234536335925,0.8333333333333334,1.1512249241497985
tag=快手娱乐星熠计划第七期 & tag=捕娱计划,behavior=effective_view,40,0.00039335234536335925,0.8333333333333334,1.1512249241497985
tag=整蛊,behavior=effective_view,35,0.0003441833021929393,0.8333333333333334,1.1512249241497985
tag=夏日暴击 & tag=搞笑,behavior=effective_view,35,0.0003441833021929393,0.8333333333333334,1.1512249241497985
age_group=60+ & tag=快影启航星计划,behavior=effective_view,35,0.0003441833021929393,0.8333333333333334,1.1512249241497985
city_level=四线城市 & tag=动物,behavior=effective_view,35,0.0003441833021929393,0.8333333333333334,1.1512249241497985
age_group=36-45 & tag=搞笑一家人,behavior=effective_view,35,0.0003441833021929393,0.8333333333333334,1.1512249241497985
gender=F & tag=2022快手光合创作者大会,behavior=effective_view,35,0.0003441833021929393,0.8333333333333334,1.1512249241497985
tag=整蛊 & theme=9,behavior=effective_view,35,0.0003441833021929393,0.8333333333333334,1.1512249241497985
tag=COS & theme=20,behavior=effective_view,35,0.0003441833021929393,0.8333333333333334,1.1512249241497985
tag=于天奇,behavior=effective_view,30,0.00029501425902251943,0.8333333333333334,1.1512249241497985
age_group=46-60 & tag=夫妻情感问题,behavior=effective_view,30,0.00029501425902251943,0.8333333333333334,1.1512249241497985
tag=财富密码在人间 & tag=超级投资家2022,behavior=effective_view,30,0.00029501425902251943,0.8333333333333334,1.1512249241497985
age_group=26-35 & tag=简笔画,behavior=effective_view,30,0.00029501425902251943,0.8333333333333334,1.1512249241497985
age_group=26-35 & tag=游戏解说,behavior=effective_view,30,0.00029501425902251943,0.8333333333333334,1.1512249241497985
tag=爱国正能量 & theme=35,behavior=effective_view,30,0.00029501425902251943,0.8333333333333334,1.1512249241497985
gender=F & tag=装修,behavior=effective_view,30,0.00029501425902251943,0.8333333333333334,1.1512249241497985
gender=F & tag=赵丽颖,behavior=effective_view,30,0.00029501425902251943,0.8333333333333334,1.1512249241497985
city_level=五线城市 & tag=婆媳,behavior=effective_view,30,0.00029501425902251943,0.8333333333333334,1.1512249241497985
tag=回忆童年经典动画片 & theme=20,behavior=effective_view,30,0.00029501425902251943,0.8333333333333334,1.1512249241497985
gender=M & tag=水果篮子,behavior=effective_view,30,0.00029501425902251943,0.8333333333333334,1.1512249241497985
tag=娱乐 & theme=6,behavior=effective_view,30,0.00029501425902251943,0.8333333333333334,1.1512249241497985
tag=炒酸奶,behavior=effective_view,25,0.0002458452158520995,0.8333333333333334,1.1512249241497985
tag=山东,behavior=effective_view,25,0.0002458452158520995,0.8333333333333334,1.1512249241497985
tag=创意,behavior=effective_view,25,0.0002458452158520995,0.8333333333333334,1.1512249241497985
tag=长高,behavior=effective_view,25,0.0002458452158520995,0.8333333333333334,1.1512249241497985
tag=关爱孤寡老人,behavior=effective_view,25,0.0002458452158520995,0.8333333333333334,1.1512249241497985
tag=新光合计划 & theme=12,behavior=effective_view,25,0.0002458452158520995,0.8333333333333334,1.1512249241497985
tag=快手好书单 & tag=文字视频,behavior=effective_view,25,0.0002458452158520995,0.8333333333333334,1.1512249241497985
tag=炒酸奶 & theme=12,behavior=effective_view,25,0.0002458452158520995,0.8333333333333334,1.1512249241497985
city_level=四线城市 & tag=教育,behavior=effective_view,25,0.0002458452158520995,0.8333333333333334,1.1512249241497985
city_level=四线城市 & tag=晨曦动漫计划,behavior=effective_view,25,0.0002458452158520995,0.8333333333333334,1.1512249241497985
tag=人间奇趣记录仪 & tag=搞笑,behavior=effective_view,25,0.0002458452158520995,0.8333333333333334,1.1512249241497985
tag=人间奇趣记录仪 & theme=9,behavior=effective_view,25,0.0002458452158520995,0.8333333333333334,1.1512249241497985
city_level=四线城市 & tag=思维,behavior=effective_view,25,0.0002458452158520995,0.8333333333333334,1.1512249241497985
gender=M & tag=超级工程,behavior=effective_view,25,0.0002458452158520995,0.8333333333333334,1.1512249241497985
gender=F & tag=晨曦动漫计划,behavior=effective_view,25,0.0002458452158520995,0.8333333333333334,1.1512249241497985
tag=脑洞大开 & theme=9,behavior=effective_view,25,0.0002458452158520995,0.8333333333333334,1.1512249241497985
city_level=新一线城市 & tag=我的观影报告,behavior=effective_view,25,0.0002458452158520995,0.8333333333333334,1.1512249241497985
tag=户外 & tag=荒岛求生,behavior=effective_view,25,0.0002458452158520995,0.8333333333333334,1.1512249241497985
tag=搞笑 & theme=12,behavior=effective_view,25,0.0002458452158520995,0.8333333333333334,1.1512249241497985
age_group=46-60 & tag=真人真事爱心传递,behavior=effective_view,25,0.0002458452158520995,0.8333333333333334,1.1512249241497985
city_level=五线城市 & tag=动漫,behavior=effective_view,25,0.0002458452158520995,0.8333333333333334,1.1512249241497985
tag=父母课堂 & tag=育儿,behavior=effective_view,25,0.0002458452158520995,0.8333333333333334,1.1512249241497985
age_group=60+ & tag=动物世界精彩集锦,behavior=effective_view,25,0.0002458452158520995,0.8333333333333334,1.1512249241497985
gender=M & tag=越南美女,behavior=effective_view,25,0.0002458452158520995,0.8333333333333334,1.1512249241497985
tag=出发吧老妈 & tag=搞笑,behavior=effective_view,25,0.0002458452158520995,0.8333333333333334,1.1512249241497985
tag=热门 & theme=13,behavior=effective_view,25,0.0002458452158520995,0.8333333333333334,1.1512249241497985
tag=2022新光合计划 & tag=快手影视新热计划,behavior=effective_view,25,0.0002458452158520995,0.8333333333333334,1.1512249241497985
age_group=26-35 & tag=人生感悟,behavior=effective_view,25,0.0002458452158520995,0.8333333333333334,1.1512249241497985
tag=集结合吧光合创作者,behavior=effective_view,20,0.00019667617268167962,0.8333333333333334,1.1512249241497985
tag=牛庄馅饼,behavior=effective_view,20,0.00019667617268167962,0.8333333333333334,1.1512249241497985
tag=夏日爆击,behavior=effective_view,20,0.00019667617268167962,0.8333333333333334,1.1512249241497985
tag=养猪人加油,behavior=effective_view,20,0.00019667617268167962,0.8333333333333334,1.1512249241497985
tag=原创动画,behavior=effective_view,20,0.00019667617268167962,0.8333333333333334,1.1512249241497985
tag=颜值逆袭,behavior=effective_view,20,0.00019667617268167962,0.8333333333333334,1.1512249241497985
tag=中医养生,behavior=effective_view,20,0.00019667617268167962,0.8333333333333334,1.1512249241497985
gender=F & tag=夫妻情感问题,behavior=effective_view,20,0.00019667617268167962,0.8333333333333334,1.1512249241497985
city_level=三线城市 & tag=支持快手传递正能量,behavior=effective_view,20,0.00019667617268167962,0.8333333333333334,1.1512249241497985
city_level=二线城市 & tag=员工,behavior=effective_view,20,0.00019667617268167962,0.8333333333333334,1.1512249241497985
gender=M & tag=发型设计,behavior=effective_view,20,0.00019667617268167962,0.8333333333333334,1.1512249241497985
tag=快手小剧场 & tag=集结吧光合创作者,behavior=effective_view,20,0.00019667617268167962,0.8333333333333334,1.1512249241497985
gender=F & tag=我的暑假超有范,behavior=effective_view,20,0.00019667617268167962,0.8333333333333334,1.1512249241497985
city_level=五线城市 & tag=思维,behavior=effective_view,20,0.00019667617268167962,0.8333333333333334,1.1512249241497985
tag=内容过于真实 & tag=爸爸的小棉袄,behavior=effective_view,20,0.00019667617268167962,0.8333333333333334,1.1512249241497985
tag=冰雕 & tag=科比,behavior=effective_view,20,0.00019667617268167962,0.8333333333333334,1.1512249241497985
tag=冰雕 & theme=7,behavior=effective_view,20,0.00019667617268167962,0.8333333333333334,1.1512249241497985
tag=冰雕小姐姐 & tag=科比,behavior=effective_view,20,0.00019667617268167962,0.8333333333333334,1.1512249241497985
tag=冰雕小姐姐 & theme=7,behavior=effective_view,20,0.00019667617268167962,0.8333333333333334,1.1512249241497985
tag=家乡美食 & tag=牛庄馅饼,behavior=effective_view,20,0.00019667617268167962,0.8333333333333334,1.1512249241497985
tag=牛庄馅饼 & theme=12,behavior=effective_view,20,0.00019667617268167962,0.8333333333333334,1.1512249241497985
gender=M & tag=精彩片段剪辑,behavior=effective_view,20,0.00019667617268167962,0.8333333333333334,1.1512249241497985
tag=人民五菱在西南 & tag=泊车天才,behavior=effective_view,20,0.00019667617268167962,0.8333333333333334,1.1512249241497985
tag=法律 & tag=法律咨询,behavior=effective_view,20,0.00019667617268167962,0.8333333333333334,1.1512249241497985
city_level=四线城市 & tag=萌娃搞笑瞬间,behavior=effective_view,20,0.00019667617268167962,0.8333333333333334,1.1512249241497985
gender=M & tag=彩礼,behavior=effective_view,20,0.00019667617268167962,0.8333333333333334,1.1512249241497985
gender=M & tag=清朝历史,behavior=effective_view,20,0.00019667617268167962,0.8333333333333334,1.1512249241497985
age_group=46-60 & tag=农村美食,behavior=effective_view,20,0.00019667617268167962,0.8333333333333334,1.1512249241497985
gender=M & tag=烧脑大挑战,behavior=effective_view,20,0.00019667617268167962,0.8333333333333334,1.1512249241497985
tag=认知 & theme=22,behavior=effective_view,20,0.00019667617268167962,0.8333333333333334,1.1512249241497985
city_level=二线城市 & tag=测评,behavior=effective_view,20,0.00019667617268167962,0.8333333333333334,1.1512249241497985
gender=F & tag=可爱,behavior=effective_view,20,0.00019667617268167962,0.8333333333333334,1.1512249241497985
gender=M & tag=青春期孩子叛逆教育,behavior=effective_view,20,0.00019667617268167962,0.8333333333333334,1.1512249241497985
city_level=三线城市 & tag=触漫,behavior=effective_view,20,0.00019667617268167962,0.8333333333333334,1.1512249241497985
gender=M & tag=爆笑整蛊,behavior=effective_view,20,0.00019667617268167962,0.8333333333333334,1.1512249241497985
gender=M & tag=美食分享,behavior=effective_view,20,0.00019667617268167962,0.8333333333333334,1.1512249241497985
city_level=三线城市 & tag=原创作品,behavior=effective_view,20,0.00019667617268167962,0.8333333333333334,1.1512249241497985
tag=农村段子 & tag=记录我的农村生活,behavior=effective_view,20,0.00019667617268167962,0.8333333333333334,1.1512249241497985
tag=农村段子 & tag=集结吧光合创作者,behavior=effective_view,20,0.00019667617268167962,0.8333333333333334,1.1512249241497985
tag=夫妻 & theme=25,behavior=effective_view,20,0.00019667617268167962,0.8333333333333334,1.1512249241497985
gender=M & tag=养猪人加油,behavior=effective_view,20,0.00019667617268167962,0.8333333333333334,1.1512249241497985
tag=养猪 & tag=养猪人加油,behavior=effective_view,20,0.00019667617268167962,0.8333333333333334,1.1512249241497985
tag=养猪人加油 & tag=所有养猪人,behavior=effective_view,20,0.00019667617268167962,0.8333333333333334,1.1512249241497985
tag=养猪人加油 & theme=13,behavior=effective_view,20,0.00019667617268167962,0.8333333333333334,1.1512249241497985
tag=原创动画 & theme=20,behavior=effective_view,20,0.00019667617268167962,0.8333333333333334,1.1512249241497985
age_group=46-60 & tag=社会正能量,behavior=effective_view,20,0.00019667617268167962,0.8333333333333334,1.1512249241497985
city_level=三线城市 & tag=乡村爱情喜剧,behavior=effective_view,20,0.00019667617268167962,0.8333333333333334,1.1512249241497985
gender=M & tag=星熠萌新计划,behavior=effective_view,20,0.00019667617268167962,0.8333333333333334,1.1512249241497985
tag=漫画解说 & theme=20,behavior=effective_view,20,0.00019667617268167962,0.8333333333333334,1.1512249241497985
age_group=26-35 & tag=原创作品,behavior=effective_view,20,0.00019667617268167962,0.8333333333333334,1.1512249241497985
age_group=19-25 & tag=千朵玫瑰带来的黎明,behavior=effective_view,20,0.00019667617268167962,0.8333333333333334,1.1512249241497985
tag=家庭日常,behavior=effective_view,99,0.000973547054774314,0.8319327731092437,1.1492900923445046
city_level=二线城市 & tag=搞笑配音,behavior=effective_view,183,0.0017995869800373685,0.8318181818181818,1.1491317879240714
tag=极限星计划 & tag=跑酷,behavior=effective_view,183,0.0017995869800373685,0.8318181818181818,1.1491317879240714
tag=小飞棍来咯 & tag=跑酷,behavior=effective_view,84,0.0008260399252630544,0.8316831683168316,1.1489452708346504
tag=游戏凡星计划 & tag=王者荣耀,behavior=effective_view,79,0.0007768708820926344,0.8315789473684211,1.1488012927305358
city_level=五线城市 & tag=出发吧老妈,behavior=effective_view,74,0.0007277018389222146,0.8314606741573034,1.1486379018483384
tag=军事 & theme=35,behavior=effective_view,74,0.0007277018389222146,0.8314606741573034,1.1486379018483384
tag=俄罗斯 & theme=11,behavior=effective_view,64,0.0006293637525813748,0.8311688311688312,1.1482347295416173
tag=人间真实在快手 & theme=9,behavior=effective_view,59,0.0005801947094109549,0.8309859154929577,1.1479820370395173
city_level=二线城市 & theme=24,behavior=effective_view,59,0.0005801947094109549,0.8309859154929577,1.1479820370395173
tag=搞笑 & theme=25,behavior=effective_view,54,0.0005310256662405349,0.8307692307692308,1.147682693613953
tag=学生党 & theme=20,behavior=effective_view,49,0.00048185662307011505,0.8305084745762712,1.1473224667797992
gender=M & tag=宝妈,behavior=effective_view,88,0.0008653751597993903,0.8301886792452831,1.1468806791530068
age_group=36-45 & tag=游戏,behavior=effective_view,44,0.00043268757989969517,0.8301886792452831,1.1468806791530068
city_level=二线城市 & tag=光合计划,behavior=effective_view,44,0.00043268757989969517,0.8301886792452831,1.1468806791530068
tag=内容过于真实 & theme=6,behavior=effective_view,44,0.00043268757989969517,0.8301886792452831,1.1468806791530068
tag=快影情感电台,behavior=effective_view,83,0.0008162061166289704,0.83,1.1466200244531992
tag=2022光合创作者大会 & tag=我在快手追好剧,behavior=effective_view,122,0.0011997246533582456,0.8299319727891157,1.1465260469083707
age_group=60+ & tag=正能量短剧,behavior=effective_view,78,0.0007670370734585505,0.8297872340425532,1.146326094685331
tag=逃跑吧少年,behavior=effective_view,39,0.00038351853672927524,0.8297872340425532,1.146326094685331
tag=画画,behavior=effective_view,39,0.00038351853672927524,0.8297872340425532,1.146326094685331
tag=光合激励计划,behavior=effective_view,39,0.00038351853672927524,0.8297872340425532,1.146326094685331
age_group=26-35 & tag=玩具,behavior=effective_view,39,0.00038351853672927524,0.8297872340425532,1.146326094685331
gender=M & tag=配音,behavior=effective_view,39,0.00038351853672927524,0.8297872340425532,1.146326094685331
tag=配音 & theme=9,behavior=effective_view,39,0.00038351853672927524,0.8297872340425532,1.146326094685331
city_level=四线城市 & tag=我在快手涨知识,behavior=effective_view,39,0.00038351853672927524,0.8297872340425532,1.146326094685331
tag=艾特你想艾特的人 & theme=39,behavior=effective_view,39,0.00038351853672927524,0.8297872340425532,1.146326094685331
age_group=19-25 & tag=小说推荐,behavior=effective_view,39,0.00038351853672927524,0.8297872340425532,1.146326094685331
age_group=19-25 & tag=fyp,behavior=effective_view,39,0.00038351853672927524,0.8297872340425532,1.146326094685331
age_group=26-35 & tag=搞笑配音,behavior=effective_view,307,0.003018979250663782,0.8297297297297297,1.146246654207529
gender=M & tag=极限星计划,behavior=effective_view,151,0.001484905103746681,0.8296703296703297,1.1461645948128762
age_group=60+ & tag=农村生活,behavior=effective_view,73,0.0007178680302881306,0.8295454545454546,1.1459920835854813
city_level=四线城市 & theme=37,behavior=effective_view,107,0.001052217523846986,0.8294573643410853,1.1458703896188691
tag=外国美女,behavior=effective_view,34,0.00033434949355885536,0.8292682926829268,1.1456091928124823
tag=幸福到万家,behavior=effective_view,34,0.00033434949355885536,0.8292682926829268,1.1456091928124823
tag=加油季 & tag=搞笑配音,behavior=effective_view,34,0.00033434949355885536,0.8292682926829268,1.1456091928124823
city_level=四线城市 & tag=恋爱,behavior=effective_view,34,0.00033434949355885536,0.8292682926829268,1.1456091928124823
gender=F & tag=百亿剧好看计划,behavior=effective_view,34,0.00033434949355885536,0.8292682926829268,1.1456091928124823
city_level=三线城市 & tag=超爆小故事,behavior=effective_view,34,0.00033434949355885536,0.8292682926829268,1.1456091928124823
tag=幸福到万家 & theme=39,behavior=effective_view,34,0.00033434949355885536,0.8292682926829268,1.1456091928124823
tag=人类幼崽成长计划 & theme=25,behavior=effective_view,131,0.0012882289310650016,0.8291139240506329,1.1453959371920779
tag=一家搞笑欢乐多,behavior=effective_view,63,0.0006195299439472907,0.8289473684210527,1.1451658456016416
city_level=三线城市 & tag=人间真实在快手,behavior=effective_view,63,0.0006195299439472907,0.8289473684210527,1.1451658456016416
age_group=46-60 & tag=俄罗斯,behavior=effective_view,63,0.0006195299439472907,0.8289473684210527,1.1451658456016416
tag=一家搞笑欢乐多 & tag=快手情侣日常,behavior=effective_view,63,0.0006195299439472907,0.8289473684210527,1.1451658456016416
tag=大龄工,behavior=effective_view,29,0.0002851804503884354,0.8285714285714286,1.1446464960117997
tag=汽车知识分享,behavior=effective_view,29,0.0002851804503884354,0.8285714285714286,1.1446464960117997
tag=烧脑大挑战,behavior=effective_view,29,0.0002851804503884354,0.8285714285714286,1.1446464960117997
gender=M & tag=综合格斗,behavior=effective_view,29,0.0002851804503884354,0.8285714285714286,1.1446464960117997
tag=汽车知识分享 & theme=18,behavior=effective_view,29,0.0002851804503884354,0.8285714285714286,1.1446464960117997
gender=M & tag=飞机,behavior=effective_view,29,0.0002851804503884354,0.8285714285714286,1.1446464960117997
tag=夜市里的烟火气 & theme=12,behavior=effective_view,29,0.0002851804503884354,0.8285714285714286,1.1446464960117997
age_group=46-60 & tag=社会百态,behavior=effective_view,29,0.0002851804503884354,0.8285714285714286,1.1446464960117997
tag=亲子 & tag=母婴,behavior=effective_view,29,0.0002851804503884354,0.8285714285714286,1.1446464960117997
tag=母婴 & tag=爸爸带娃,behavior=effective_view,29,0.0002851804503884354,0.8285714285714286,1.1446464960117997
tag=发现 & tag=电子厂,behavior=effective_view,29,0.0002851804503884354,0.8285714285714286,1.1446464960117997
tag=搞笑 & theme=7,behavior=effective_view,48,0.0004720228144360311,0.8275862068965517,1.1432854419142826
tag=正能量专递 & tag=正能量短剧,behavior=effective_view,48,0.0004720228144360311,0.8275862068965517,1.1432854419142826
tag=科技,behavior=effective_view,24,0.00023601140721801555,0.8275862068965517,1.1432854419142826
tag=拳击,behavior=effective_view,24,0.00023601140721801555,0.8275862068965517,1.1432854419142826
tag=沙雕动画,behavior=effective_view,24,0.00023601140721801555,0.8275862068965517,1.1432854419142826
tag=快手好书单 & theme=19,behavior=effective_view,24,0.00023601140721801555,0.8275862068965517,1.1432854419142826
gender=M & tag=原创影视解说,behavior=effective_view,24,0.00023601140721801555,0.8275862068965517,1.1432854419142826
city_level=四线城市 & tag=集结吧光合作创作者,behavior=effective_view,24,0.00023601140721801555,0.8275862068965517,1.1432854419142826
tag=创作灵感 & tag=搞笑,behavior=effective_view,24,0.00023601140721801555,0.8275862068965517,1.1432854419142826
tag=泊车天才 & theme=18,behavior=effective_view,24,0.00023601140721801555,0.8275862068965517,1.1432854419142826
tag=拳击 & theme=7,behavior=effective_view,24,0.00023601140721801555,0.8275862068965517,1.1432854419142826
city_level=四线城市 & tag=减肥,behavior=effective_view,24,0.00023601140721801555,0.8275862068965517,1.1432854419142826
tag=王者荣耀 & tag=荣耀萤火新星训练营,behavior=effective_view,24,0.00023601140721801555,0.8275862068965517,1.1432854419142826
gender=M & tag=人类幼崽迷惑行为,behavior=effective_view,24,0.00023601140721801555,0.8275862068965517,1.1432854419142826
city_level=五线城市 & tag=同城热点,behavior=effective_view,24,0.00023601140721801555,0.8275862068965517,1.1432854419142826
age_group=26-35 & tag=社会百态,behavior=effective_view,24,0.00023601140721801555,0.8275862068965517,1.1432854419142826
age_group=60+ & tag=搞笑夫妻,behavior=effective_view,24,0.00023601140721801555,0.8275862068965517,1.1432854419142826
city_level=三线城市 & tag=电子厂,behavior=effective_view,24,0.00023601140721801555,0.8275862068965517,1.1432854419142826
city_level=新一线城市 & tag=家庭,behavior=effective_view,24,0.00023601140721801555,0.8275862068965517,1.1432854419142826
tag=口播 & tag=情感,behavior=effective_view,24,0.00023601140721801555,0.8275862068965517,1.1432854419142826
tag=家庭婚姻情感 & tag=追剧一夏,behavior=effective_view,24,0.00023601140721801555,0.8275862068965517,1.1432854419142826
age_group=60+ & tag=迷你世界,behavior=effective_view,24,0.00023601140721801555,0.8275862068965517,1.1432854419142826
gender=M & tag=日本,behavior=effective_view,24,0.00023601140721801555,0.8275862068965517,1.1432854419142826
tag=暖心正能量,behavior=effective_view,91,0.0008948765857016422,0.8272727272727273,1.1428523792468908
tag=韩国,behavior=effective_view,43,0.00042285377126561116,0.8269230769230769,1.1423693478101846
tag=快手创作者服务中心 & theme=9,behavior=effective_view,43,0.00042285377126561116,0.8269230769230769,1.1423693478101846
tag=战争 & theme=35,behavior=effective_view,43,0.00042285377126561116,0.8269230769230769,1.1423693478101846
tag=超爆小故事 & theme=15,behavior=effective_view,76,0.0007473694561903826,0.8260869565217391,1.1412142726354524
tag=揭秘,behavior=effective_view,57,0.0005605270921427869,0.8260869565217391,1.1412142726354524
gender=M & tag=书语,behavior=effective_view,57,0.0005605270921427869,0.8260869565217391,1.1412142726354524
tag=逃跑吧少年 & theme=3,behavior=effective_view,38,0.0003736847280951913,0.8260869565217391,1.1412142726354524
gender=M & tag=探店,behavior=effective_view,38,0.0003736847280951913,0.8260869565217391,1.1412142726354524
age_group=46-60 & tag=打开弹幕看好剧,behavior=effective_view,38,0.0003736847280951913,0.8260869565217391,1.1412142726354524
city_level=三线城市 & tag=极限星计划,behavior=effective_view,71,0.0006982004130199626,0.8255813953488372,1.14051585508794
city_level=三线城市 & tag=校园,behavior=effective_view,52,0.000511358048972367,0.8253968253968254,1.1402608772531335
gender=F & tag=校园,behavior=effective_view,85,0.0008358737338971384,0.8252427184466019,1.1400479831386352
tag=人类迷惑行为,behavior=effective_view,66,0.0006490313698495427,0.825,1.1397126749083004
tag=一起学画画,behavior=effective_view,33,0.00032451568492477135,0.825,1.1397126749083004
tag=招财猫,behavior=effective_view,33,0.00032451568492477135,0.825,1.1397126749083004
gender=F & tag=山楂树下月满中秋,behavior=effective_view,33,0.00032451568492477135,0.825,1.1397126749083004
tag=寻找快手最宠粉博主 & theme=20,behavior=effective_view,33,0.00032451568492477135,0.825,1.1397126749083004
tag=一起学画画 & theme=15,behavior=effective_view,33,0.00032451568492477135,0.825,1.1397126749083004
tag=夏日暴击 & tag=熊出没,behavior=effective_view,33,0.00032451568492477135,0.825,1.1397126749083004
tag=招财猫 & theme=17,behavior=effective_view,33,0.00032451568492477135,0.825,1.1397126749083004
tag=亲子时光 & theme=25,behavior=effective_view,33,0.00032451568492477135,0.825,1.1397126749083004
gender=M & tag=校园生活,behavior=effective_view,33,0.00032451568492477135,0.825,1.1397126749083004
city_level=三线城市 & tag=记录农村美好生活,behavior=effective_view,33,0.00032451568492477135,0.825,1.1397126749083004
gender=F & tag=监控下的一幕,behavior=effective_view,33,0.00032451568492477135,0.825,1.1397126749083004
gender=F & tag=快手粉条热点助我上热门,behavior=effective_view,33,0.00032451568492477135,0.825,1.1397126749083004
tag=俄罗斯,behavior=effective_view,193,0.0018979250663782082,0.8247863247863247,1.1394174890303133
tag=地铁跑酷,behavior=effective_view,47,0.0004621890058019471,0.8245614035087719,1.1391067670534847
tag=全球军事记 & theme=35,behavior=effective_view,47,0.0004621890058019471,0.8245614035087719,1.1391067670534847
age_group=46-60 & tag=我的观影报告,behavior=effective_view,47,0.0004621890058019471,0.8245614035087719,1.1391067670534847
tag=关爱留守儿童 & tag=正能量短剧,behavior=effective_view,47,0.0004621890058019471,0.8245614035087719,1.1391067670534847
tag=关爱留守儿童 & theme=39,behavior=effective_view,47,0.0004621890058019471,0.8245614035087719,1.1391067670534847
age_group=26-35 & tag=萌娃,behavior=effective_view,47,0.0004621890058019471,0.8245614035087719,1.1391067670534847
age_group=19-25 & tag=感谢快手官大大每次热门推送,behavior=effective_view,47,0.0004621890058019471,0.8245614035087719,1.1391067670534847
tag=游戏凡星计划 & tag=荣耀萤火新星训练营,behavior=effective_view,47,0.0004621890058019471,0.8245614035087719,1.1391067670534847
city_level=四线城市 & tag=人间温暖,behavior=effective_view,47,0.0004621890058019471,0.8245614035087719,1.1391067670534847
tag=夫妻情感问题 & theme=19,behavior=effective_view,61,0.0005998623266791228,0.8243243243243243,1.1387792492941249
gender=M & tag=故事,behavior=effective_view,61,0.0005998623266791228,0.8243243243243243,1.1387792492941249
tag=2022快手光合创作者大会,behavior=effective_view,89,0.0008752089684334743,0.8240740740740741,1.1384335361036895
age_group=36-45 & tag=快影达人,behavior=effective_view,89,0.0008752089684334743,0.8240740740740741,1.1384335361036895
gender=F & tag=快影达人,behavior=effective_view,112,0.0011013865670174059,0.8235294117647058,1.137681101512742
tag=搞笑我是认真的 & theme=9,behavior=effective_view,56,0.0005506932835087029,0.8235294117647058,1.137681101512742
tag=荣耀萤火新星训练营 & theme=3,behavior=effective_view,56,0.0005506932835087029,0.8235294117647058,1.137681101512742
tag=南北差异,behavior=effective_view,42,0.0004130199626315272,0.8235294117647058,1.137681101512742
tag=百万赞演技大赏,behavior=effective_view,42,0.0004130199626315272,0.8235294117647058,1.137681101512742
age_group=60+ & tag=日常,behavior=effective_view,42,0.0004130199626315272,0.8235294117647058,1.137681101512742
tag=百万赞演技大赏 & theme=9,behavior=effective_view,42,0.0004130199626315272,0.8235294117647058,1.137681101512742
tag=美食 & tag=美食探店,behavior=effective_view,42,0.0004130199626315272,0.8235294117647058,1.137681101512742
tag=谍战,behavior=effective_view,28,0.00027534664175435147,0.8235294117647058,1.137681101512742
tag=夫妻搞笑段子,behavior=effective_view,28,0.00027534664175435147,0.8235294117647058,1.137681101512742
age_group=19-25 & tag=宝妈,behavior=effective_view,28,0.00027534664175435147,0.8235294117647058,1.137681101512742
gender=M & tag=家庭百态,behavior=effective_view,28,0.00027534664175435147,0.8235294117647058,1.137681101512742
gender=M & tag=文字视频,behavior=effective_view,28,0.00027534664175435147,0.8235294117647058,1.137681101512742
tag=谍战 & theme=39,behavior=effective_view,28,0.00027534664175435147,0.8235294117647058,1.137681101512742
gender=M & tag=正能量传递,behavior=effective_view,28,0.00027534664175435147,0.8235294117647058,1.137681101512742
tag=情侣 & theme=39,behavior=effective_view,28,0.00027534664175435147,0.8235294117647058,1.137681101512742
tag=爆笑搞笑视频 & theme=9,behavior=effective_view,28,0.00027534664175435147,0.8235294117647058,1.137681101512742
tag=记录生活 & theme=19,behavior=effective_view,28,0.00027534664175435147,0.8235294117647058,1.137681101512742
city_level=五线城市 & tag=小飞棍来咯,behavior=effective_view,28,0.00027534664175435147,0.8235294117647058,1.137681101512742
age_group=46-60 & tag=寻找快手科普达人,behavior=effective_view,28,0.00027534664175435147,0.8235294117647058,1.137681101512742
age_group=60+ & tag=奇闻趣事,behavior=effective_view,28,0.00027534664175435147,0.8235294117647058,1.137681101512742
tag=快手小游戏 & tag=烧脑大挑战,behavior=effective_view,28,0.00027534664175435147,0.8235294117647058,1.137681101512742
city_level=三线城市 & tag=历史故事,behavior=effective_view,28,0.00027534664175435147,0.8235294117647058,1.137681101512742
tag=武器 & theme=35,behavior=effective_view,28,0.00027534664175435147,0.8235294117647058,1.137681101512742
gender=M & tag=触漫,behavior=effective_view,28,0.00027534664175435147,0.8235294117647058,1.137681101512742
gender=M & tag=编程,behavior=effective_view,28,0.00027534664175435147,0.8235294117647058,1.137681101512742
city_level=三线城市 & tag=人类幼崽有多可爱,behavior=effective_view,65,0.0006391975612154587,0.8227848101265823,1.1366524567554972
tag=游戏凡星计划 & theme=24,behavior=effective_view,102,0.0010030484806765661,0.8225806451612904,1.1363704089994786
tag=美食测评,behavior=effective_view,51,0.0005015242403382831,0.8225806451612904,1.1363704089994786
gender=M & tag=快影情感电台,behavior=effective_view,51,0.0005015242403382831,0.8225806451612904,1.1363704089994786
tag=新学期多点新本事,behavior=effective_view,37,0.0003638509194611073,0.8222222222222222,1.1358752584944678
tag=美女,behavior=effective_view,37,0.0003638509194611073,0.8222222222222222,1.1358752584944678
tag=搞笑老外,behavior=effective_view,37,0.0003638509194611073,0.8222222222222222,1.1358752584944678
tag=夸克 & tag=开学季,behavior=effective_view,37,0.0003638509194611073,0.8222222222222222,1.1358752584944678
tag=夸克 & tag=新学期多点新本事,behavior=effective_view,37,0.0003638509194611073,0.8222222222222222,1.1358752584944678
tag=夸克 & theme=39,behavior=effective_view,37,0.0003638509194611073,0.8222222222222222,1.1358752584944678
tag=开学季 & tag=新学期多点新本事,behavior=effective_view,37,0.0003638509194611073,0.8222222222222222,1.1358752584944678
tag=新学期多点新本事 & theme=39,behavior=effective_view,37,0.0003638509194611073,0.8222222222222222,1.1358752584944678
tag=超爆小故事 & theme=12,behavior=effective_view,37,0.0003638509194611073,0.8222222222222222,1.1358752584944678
city_level=二线城市 & tag=爸爸带娃,behavior=effective_view,37,0.0003638509194611073,0.8222222222222222,1.1358752584944678
city_level=五线城市 & tag=搞笑一家人,behavior=effective_view,37,0.0003638509194611073,0.8222222222222222,1.1358752584944678
city_level=二线城市 & tag=非凡十年,behavior=effective_view,37,0.0003638509194611073,0.8222222222222222,1.1358752584944678
age_group=19-25 & tag=爱情,behavior=effective_view,37,0.0003638509194611073,0.8222222222222222,1.1358752584944678
gender=M & tag=万万没想到,behavior=effective_view,60,0.0005900285180450389,0.821917808219178,1.1354547197093903
tag=小说,behavior=effective_view,166,0.0016324122332579407,0.8217821782178217,1.1352673509437616
tag=学生党 & theme=15,behavior=effective_view,106,0.001042383715212902,0.8217054263565892,1.1351613205570106
gender=F & tag=短剧有好货,behavior=effective_view,92,0.0009047103943357263,0.8214285714285714,1.1347788538048014
city_level=五线城市 & tag=捕娱计划,behavior=effective_view,46,0.00045235519716786313,0.8214285714285714,1.1347788538048014
tag=明星夫妻,behavior=effective_view,23,0.00022617759858393157,0.8214285714285714,1.1347788538048014
tag=重庆巫山机场,behavior=effective_view,23,0.00022617759858393157,0.8214285714285714,1.1347788538048014
tag=战斗民族,behavior=effective_view,23,0.00022617759858393157,0.8214285714285714,1.1347788538048014
tag=旭皮原创影视解说,behavior=effective_view,23,0.00022617759858393157,0.8214285714285714,1.1347788538048014
tag=杨帆张蕾,behavior=effective_view,23,0.00022617759858393157,0.8214285714285714,1.1347788538048014
tag=阿远旅行,behavior=effective_view,23,0.00022617759858393157,0.8214285714285714,1.1347788538048014
tag=现实,behavior=effective_view,23,0.00022617759858393157,0.8214285714285714,1.1347788538048014
tag=记录我的生活,behavior=effective_view,23,0.00022617759858393157,0.8214285714285714,1.1347788538048014
tag=吴京,behavior=effective_view,23,0.00022617759858393157,0.8214285714285714,1.1347788538048014
tag=新光合计划 & tag=明星夫妻,behavior=effective_view,23,0.00022617759858393157,0.8214285714285714,1.1347788538048014
tag=明星夫妻 & theme=6,behavior=effective_view,23,0.00022617759858393157,0.8214285714285714,1.1347788538048014
tag=宝妈 & theme=6,behavior=effective_view,23,0.00022617759858393157,0.8214285714285714,1.1347788538048014
gender=M & tag=大龄工,behavior=effective_view,23,0.00022617759858393157,0.8214285714285714,1.1347788538048014
tag=文字视频 & theme=19,behavior=effective_view,23,0.00022617759858393157,0.8214285714285714,1.1347788538048014
city_level=二线城市 & tag=在快手看世界,behavior=effective_view,23,0.00022617759858393157,0.8214285714285714,1.1347788538048014
tag=科普知识 & theme=29,behavior=effective_view,23,0.00022617759858393157,0.8214285714285714,1.1347788538048014
tag=中国基建 & tag=超级工程,behavior=effective_view,23,0.00022617759858393157,0.8214285714285714,1.1347788538048014
tag=中国基建 & tag=重庆巫山机场,behavior=effective_view,23,0.00022617759858393157,0.8214285714285714,1.1347788538048014
tag=中国基建 & theme=10,behavior=effective_view,23,0.00022617759858393157,0.8214285714285714,1.1347788538048014
tag=超级工程 & tag=重庆巫山机场,behavior=effective_view,23,0.00022617759858393157,0.8214285714285714,1.1347788538048014
tag=超级工程 & theme=10,behavior=effective_view,23,0.00022617759858393157,0.8214285714285714,1.1347788538048014
tag=重庆巫山机场 & theme=10,behavior=effective_view,23,0.00022617759858393157,0.8214285714285714,1.1347788538048014
city_level=二线城市 & tag=萌娃,behavior=effective_view,23,0.00022617759858393157,0.8214285714285714,1.1347788538048014
city_level=二线城市 & tag=亲子,behavior=effective_view,23,0.00022617759858393157,0.8214285714285714,1.1347788538048014
city_level=四线城市 & tag=夫妻情感问题,behavior=effective_view,23,0.00022617759858393157,0.8214285714285714,1.1347788538048014
tag=持续更新下集更精彩 & tag=旭皮原创影视解说,behavior=effective_view,23,0.00022617759858393157,0.8214285714285714,1.1347788538048014
tag=旭皮原创影视解说 & theme=39,behavior=effective_view,23,0.00022617759858393157,0.8214285714285714,1.1347788538048014
gender=M & tag=拳击,behavior=effective_view,23,0.00022617759858393157,0.8214285714285714,1.1347788538048014
city_level=三线城市 & tag=父母课堂,behavior=effective_view,23,0.00022617759858393157,0.8214285714285714,1.1347788538048014
age_group=19-25 & tag=装修,behavior=effective_view,23,0.00022617759858393157,0.8214285714285714,1.1347788538048014
gender=M & tag=惊悚悬疑,behavior=effective_view,23,0.00022617759858393157,0.8214285714285714,1.1347788538048014
tag=明星故事 & tag=杨帆张蕾,behavior=effective_view,23,0.00022617759858393157,0.8214285714285714,1.1347788538048014
tag=杨帆张蕾 & theme=6,behavior=effective_view,23,0.00022617759858393157,0.8214285714285714,1.1347788538048014
tag=导游带你游中国 & tag=阿远旅行,behavior=effective_view,23,0.00022617759858393157,0.8214285714285714,1.1347788538048014
tag=阿远旅行 & theme=10,behavior=effective_view,23,0.00022617759858393157,0.8214285714285714,1.1347788538048014
gender=F & tag=动物,behavior=effective_view,23,0.00022617759858393157,0.8214285714285714,1.1347788538048014
age_group=26-35 & tag=监控下的一幕,behavior=effective_view,23,0.00022617759858393157,0.8214285714285714,1.1347788538048014
tag=交通安全 & theme=37,behavior=effective_view,23,0.00022617759858393157,0.8214285714285714,1.1347788538048014
tag=快影启航星计划 & tag=快影情感电台,behavior=effective_view,23,0.00022617759858393157,0.8214285714285714,1.1347788538048014
tag=快影启航星计划 & theme=28,behavior=effective_view,23,0.00022617759858393157,0.8214285714285714,1.1347788538048014
city_level=四线城市 & tag=军事,behavior=effective_view,23,0.00022617759858393157,0.8214285714285714,1.1347788538048014
city_level=新一线城市 & tag=农村生活,behavior=effective_view,23,0.00022617759858393157,0.8214285714285714,1.1347788538048014
age_group=19-25 & tag=王者荣耀热门,behavior=effective_view,23,0.00022617759858393157,0.8214285714285714,1.1347788538048014
city_level=四线城市 & tag=游戏夏日游园季,behavior=effective_view,23,0.00022617759858393157,0.8214285714285714,1.1347788538048014
age_group=46-60 & tag=搞笑一家人,behavior=effective_view,23,0.00022617759858393157,0.8214285714285714,1.1347788538048014
age_group=26-35 & tag=短剧有好货,behavior=effective_view,23,0.00022617759858393157,0.8214285714285714,1.1347788538048014
tag=快手光合作者助手 & tag=快手热点,behavior=effective_view,23,0.00022617759858393157,0.8214285714285714,1.1347788538048014
city_level=五线城市 & tag=快手娱乐星熠计划第七期,behavior=effective_view,23,0.00022617759858393157,0.8214285714285714,1.1347788538048014
gender=M & tag=于天奇,behavior=effective_view,23,0.00022617759858393157,0.8214285714285714,1.1347788538048014
age_group=19-25 & tag=美妆,behavior=effective_view,23,0.00022617759858393157,0.8214285714285714,1.1347788538048014
age_group=36-45 & tag=每日推文,behavior=effective_view,23,0.00022617759858393157,0.8214285714285714,1.1347788538048014
age_group=36-45 & tag=跑酷拉面,behavior=effective_view,23,0.00022617759858393157,0.8214285714285714,1.1347788538048014
tag=跑酷,behavior=effective_view,216,0.0021241026649621397,0.8212927756653993,1.134591256044212
tag=跑酷 & theme=7,behavior=effective_view,216,0.0021241026649621397,0.8212927756653993,1.134591256044212
city_level=四线城市 & tag=内容过于真实,behavior=effective_view,165,0.0016225784246238569,0.8208955223880597,1.1340424625953238
city_level=五线城市 & tag=我妈给我一个大碧斗,behavior=effective_view,55,0.000540859474874619,0.8208955223880597,1.1340424625953238
age_group=60+ & tag=在快手看世界,behavior=effective_view,55,0.000540859474874619,0.8208955223880597,1.1340424625953238
city_level=三线城市 & tag=爱情,behavior=effective_view,55,0.000540859474874619,0.8208955223880597,1.1340424625953238
gender=M & tag=小飞棍来咯,behavior=effective_view,55,0.000540859474874619,0.8208955223880597,1.1340424625953238
tag=小说推文 & theme=38,behavior=effective_view,55,0.000540859474874619,0.8208955223880597,1.1340424625953238
age_group=19-25 & tag=校园,behavior=effective_view,55,0.000540859474874619,0.8208955223880597,1.1340424625953238
tag=搞笑 & tag=搞笑配音,behavior=effective_view,389,0.0038253515586586686,0.820675105485232,1.133737963276637
tag=小说 & theme=38,behavior=effective_view,151,0.001484905103746681,0.8206521739130435,1.1337062839996928
city_level=五线城市 & tag=极限星计划,behavior=effective_view,64,0.0006293637525813748,0.8205128205128205,1.1335137714705708
tag=文字视频,behavior=effective_view,32,0.0003146818762906874,0.8205128205128205,1.1335137714705708
tag=飞机,behavior=effective_view,32,0.0003146818762906874,0.8205128205128205,1.1335137714705708
tag=幽默笑话搞笑段子,behavior=effective_view,32,0.0003146818762906874,0.8205128205128205,1.1335137714705708
city_level=四线城市 & tag=猕猴桃好剧必看,behavior=effective_view,32,0.0003146818762906874,0.8205128205128205,1.1335137714705708
age_group=60+ & tag=Vlog日常,behavior=effective_view,32,0.0003146818762906874,0.8205128205128205,1.1335137714705708
tag=小故事 & theme=15,behavior=effective_view,32,0.0003146818762906874,0.8205128205128205,1.1335137714705708
tag=快手光合计划 & theme=2,behavior=effective_view,32,0.0003146818762906874,0.8205128205128205,1.1335137714705708
age_group=60+ & tag=作品推广,behavior=effective_view,32,0.0003146818762906874,0.8205128205128205,1.1335137714705708
tag=集结吧光合创作者 & theme=35,behavior=effective_view,32,0.0003146818762906874,0.8205128205128205,1.1335137714705708
tag=探店 & tag=美食,behavior=effective_view,32,0.0003146818762906874,0.8205128205128205,1.1335137714705708
tag=探店 & tag=美食探店,behavior=effective_view,32,0.0003146818762906874,0.8205128205128205,1.1335137714705708
tag=极限星计划,behavior=effective_view,260,0.002556790244861835,0.8201892744479495,1.1330668023177828
tag=夸克,behavior=effective_view,41,0.0004031861539974432,0.82,1.1328053253634016
tag=发型,behavior=effective_view,41,0.0004031861539974432,0.82,1.1328053253634016
tag=美食分享,behavior=effective_view,41,0.0004031861539974432,0.82,1.1328053253634016
city_level=五线城市 & tag=迷你世界,behavior=effective_view,41,0.0004031861539974432,0.82,1.1328053253634016
city_level=四线城市 & tag=我的乡村生活,behavior=effective_view,41,0.0004031861539974432,0.82,1.1328053253634016
tag=2022光合创作者大会 & tag=萌宠,behavior=effective_view,41,0.0004031861539974432,0.82,1.1328053253634016
age_group=60+ & tag=夫妻日常,behavior=effective_view,41,0.0004031861539974432,0.82,1.1328053253634016
tag=美食分享 & theme=12,behavior=effective_view,41,0.0004031861539974432,0.82,1.1328053253634016
tag=日常 & theme=11,behavior=effective_view,41,0.0004031861539974432,0.82,1.1328053253634016
tag=美食测评 & theme=12,behavior=effective_view,50,0.000491690431704199,0.819672131147541,1.132352384409638
city_level=三线城市 & tag=健康,behavior=effective_view,50,0.000491690431704199,0.819672131147541,1.132352384409638
tag=极限星计划 & theme=7,behavior=effective_view,259,0.002546956436227751,0.819620253164557,1.1322807165372069
gender=M & tag=学生党,behavior=effective_view,177,0.0017405841282328645,0.8194444444444444,1.1320378420806352
age_group=36-45 & tag=极限星计划,behavior=effective_view,59,0.0005801947094109549,0.8194444444444444,1.1320378420806352
tag=野生动物 & theme=17,behavior=effective_view,68,0.0006686989871177107,0.8192771084337349,1.1318066724171512
city_level=二线城市 & tag=内容过于真实,behavior=effective_view,86,0.0008457075425312223,0.819047619047619,1.1314896397358019
gender=M & tag=健美比赛,behavior=effective_view,113,0.0011112203756514897,0.8188405797101449,1.1312036211211063
gender=M & tag=俄罗斯,behavior=effective_view,167,0.0016422460418920248,0.8186274509803921,1.1309091901942137
tag=学生党 & tag=超爆小故事,behavior=effective_view,99,0.000973547054774314,0.8181818181818182,1.1302935618925294
age_group=60+ & tag=健康,behavior=effective_view,63,0.0006195299439472907,0.8181818181818182,1.1302935618925294
gender=M & tag=2022快手光合创作者大会,behavior=effective_view,54,0.0005310256662405349,0.8181818181818182,1.1302935618925294
tag=功夫,behavior=effective_view,45,0.0004425213885337791,0.8181818181818182,1.1302935618925294
tag=新光和计划 & theme=39,behavior=effective_view,45,0.0004425213885337791,0.8181818181818182,1.1302935618925294
tag=快手热点 & tag=快手粉条,behavior=effective_view,45,0.0004425213885337791,0.8181818181818182,1.1302935618925294
tag=民间传统手艺,behavior=effective_view,36,0.0003540171108270233,0.8181818181818182,1.1302935618925294
gender=F & tag=搞笑动画,behavior=effective_view,36,0.0003540171108270233,0.8181818181818182,1.1302935618925294
age_group=60+ & tag=全球军事记,behavior=effective_view,36,0.0003540171108270233,0.8181818181818182,1.1302935618925294
age_group=60+ & tag=我妈给我一个大碧斗,behavior=effective_view,36,0.0003540171108270233,0.8181818181818182,1.1302935618925294
tag=致敬英雄缅怀先烈,behavior=effective_view,27,0.00026551283312026746,0.8181818181818182,1.1302935618925294
tag=泊车天才,behavior=effective_view,27,0.00026551283312026746,0.8181818181818182,1.1302935618925294
tag=蓝朋友,behavior=effective_view,27,0.00026551283312026746,0.8181818181818182,1.1302935618925294
tag=魔术揭秘,behavior=effective_view,27,0.00026551283312026746,0.8181818181818182,1.1302935618925294
tag=玫瑰之战好上头,behavior=effective_view,27,0.00026551283312026746,0.8181818181818182,1.1302935618925294
tag=范晓言,behavior=effective_view,27,0.00026551283312026746,0.8181818181818182,1.1302935618925294
tag=精神氮泵,behavior=effective_view,27,0.00026551283312026746,0.8181818181818182,1.1302935618925294
age_group=60+ & tag=历史故事,behavior=effective_view,27,0.00026551283312026746,0.8181818181818182,1.1302935618925294
city_level=四线城市 & tag=装修,behavior=effective_view,27,0.00026551283312026746,0.8181818181818182,1.1302935618925294
tag=人类迷惑行为 & tag=情侣,behavior=effective_view,27,0.00026551283312026746,0.8181818181818182,1.1302935618925294
tag=人类迷惑行为 & tag=日常,behavior=effective_view,27,0.00026551283312026746,0.8181818181818182,1.1302935618925294
city_level=四线城市 & tag=在快手看海外,behavior=effective_view,27,0.00026551283312026746,0.8181818181818182,1.1302935618925294
tag=魔术揭秘 & theme=15,behavior=effective_view,27,0.00026551283312026746,0.8181818181818182,1.1302935618925294
gender=F & tag=怀旧动画,behavior=effective_view,27,0.00026551283312026746,0.8181818181818182,1.1302935618925294
tag=玫瑰之战好上头 & theme=39,behavior=effective_view,27,0.00026551283312026746,0.8181818181818182,1.1302935618925294
tag=我在快手追好剧 & tag=放映厅免费看大片,behavior=effective_view,27,0.00026551283312026746,0.8181818181818182,1.1302935618925294
tag=精神氮泵 & theme=7,behavior=effective_view,27,0.00026551283312026746,0.8181818181818182,1.1302935618925294
age_group=36-45 & tag=搞笑,behavior=effective_view,612,0.006018290884059396,0.8170894526034713,1.128784491716438
tag=人类迷惑行为 & theme=9,behavior=effective_view,58,0.0005703609007768709,0.8169014084507042,1.1285247143778305
tag=小趴菜,behavior=effective_view,107,0.001052217523846986,0.816793893129771,1.128376185197207
tag=小飞棍来咯,behavior=effective_view,98,0.0009637132461402301,0.8166666666666667,1.1282004256668023
gender=F & tag=捕娱计划,behavior=effective_view,169,0.0016619136591601927,0.8164251207729468,1.127866737282991
gender=F & tag=Vlog日常,behavior=effective_view,80,0.0007867046907267185,0.8163265306122449,1.1277305379426596
tag=演员,behavior=effective_view,40,0.00039335234536335925,0.8163265306122449,1.1277305379426596
age_group=36-45 & tag=人间真实在快手,behavior=effective_view,40,0.00039335234536335925,0.8163265306122449,1.1277305379426596
age_group=46-60 & tag=家庭,behavior=effective_view,62,0.0006096961353132068,0.8157894736842105,1.126988609957171
tag=日常 & theme=9,behavior=effective_view,62,0.0006096961353132068,0.8157894736842105,1.126988609957171
tag=海外生活,behavior=effective_view,31,0.0003048480676566034,0.8157894736842105,1.126988609957171
tag=武器,behavior=effective_view,31,0.0003048480676566034,0.8157894736842105,1.126988609957171
tag=快手热点 & theme=7,behavior=effective_view,31,0.0003048480676566034,0.8157894736842105,1.126988609957171
gender=M & tag=户外美食,behavior=effective_view,31,0.0003048480676566034,0.8157894736842105,1.126988609957171
tag=原创精彩短剧 & tag=百亿剧好看计划,behavior=effective_view,31,0.0003048480676566034,0.8157894736842105,1.126988609957171
tag=历史 & tag=科普,behavior=effective_view,31,0.0003048480676566034,0.8157894736842105,1.126988609957171
tag=我要上热门感谢官方推送 & theme=39,behavior=effective_view,31,0.0003048480676566034,0.8157894736842105,1.126988609957171
age_group=46-60 & tag=保安,behavior=effective_view,31,0.0003048480676566034,0.8157894736842105,1.126988609957171
age_group=46-60 & tag=军事,behavior=effective_view,31,0.0003048480676566034,0.8157894736842105,1.126988609957171
age_group=60+ & tag=装修,behavior=effective_view,31,0.0003048480676566034,0.8157894736842105,1.126988609957171
city_level=二线城市 & tag=极限星计划,behavior=effective_view,31,0.0003048480676566034,0.8157894736842105,1.126988609957171
city_level=三线城市 & tag=百善孝为先,behavior=effective_view,31,0.0003048480676566034,0.8157894736842105,1.126988609957171
age_group=26-35 & tag=搞笑动画,behavior=effective_view,31,0.0003048480676566034,0.8157894736842105,1.126988609957171
age_group=36-45 & tag=历史,behavior=effective_view,31,0.0003048480676566034,0.8157894736842105,1.126988609957171
tag=恋爱 & theme=11,behavior=effective_view,31,0.0003048480676566034,0.8157894736842105,1.126988609957171
age_group=19-25 & tag=娱你星动计划第一期,behavior=effective_view,75,0.0007375356475562985,0.8152173913043478,1.1261982953639331
tag=校园,behavior=effective_view,207,0.002035598387255384,0.8149606299212598,1.1258435872394092
age_group=36-45 & theme=20,behavior=effective_view,436,0.004287540564460616,0.8149532710280374,1.1258334211498588
gender=M & tag=游戏凡星计划,behavior=effective_view,383,0.0037663487068541647,0.8148936170212766,1.1257510109345688
tag=超爆小故事,behavior=effective_view,132,0.0012980627396990854,0.8148148148148148,1.1256421480575807
tag=小飞棍来咯 & theme=7,behavior=effective_view,88,0.0008653751597993903,0.8148148148148148,1.1256421480575807
age_group=60+ & tag=人类幼崽有多可爱,behavior=effective_view,66,0.0006490313698495427,0.8148148148148148,1.1256421480575807
tag=故事 & theme=38,behavior=effective_view,44,0.00043268757989969517,0.8148148148148148,1.1256421480575807
city_level=四线城市 & tag=我妈给我一个大碧斗,behavior=effective_view,44,0.00043268757989969517,0.8148148148148148,1.1256421480575807
age_group=60+ & tag=财经,behavior=effective_view,44,0.00043268757989969517,0.8148148148148148,1.1256421480575807
tag=医院趣事,behavior=effective_view,22,0.00021634378994984759,0.8148148148148148,1.1256421480575807
tag=诡异,behavior=effective_view,22,0.00021634378994984759,0.8148148148148148,1.1256421480575807
tag=推荐我的生活,behavior=effective_view,22,0.00021634378994984759,0.8148148148148148,1.1256421480575807
tag=关爱农村老人,behavior=effective_view,22,0.00021634378994984759,0.8148148148148148,1.1256421480575807
tag=国学,behavior=effective_view,22,0.00021634378994984759,0.8148148148148148,1.1256421480575807
tag=彩礼,behavior=effective_view,22,0.00021634378994984759,0.8148148148148148,1.1256421480575807
tag=特战荣耀,behavior=effective_view,22,0.00021634378994984759,0.8148148148148148,1.1256421480575807
tag=好设计看这里,behavior=effective_view,22,0.00021634378994984759,0.8148148148148148,1.1256421480575807
tag=追梦人,behavior=effective_view,22,0.00021634378994984759,0.8148148148148148,1.1256421480575807
tag=奥特曼之日,behavior=effective_view,22,0.00021634378994984759,0.8148148148148148,1.1256421480575807
city_level=四线城市 & tag=导游带你游中国,behavior=effective_view,22,0.00021634378994984759,0.8148148148148148,1.1256421480575807
tag=搞笑 & tag=整活,behavior=effective_view,22,0.00021634378994984759,0.8148148148148148,1.1256421480575807
tag=动画 & tag=夏日暴击,behavior=effective_view,22,0.00021634378994984759,0.8148148148148148,1.1256421480575807
gender=F & tag=创业,behavior=effective_view,22,0.00021634378994984759,0.8148148148148148,1.1256421480575807
age_group=26-35 & tag=小舞,behavior=effective_view,22,0.00021634378994984759,0.8148148148148148,1.1256421480575807
tag=人类幼崽成长计划 & tag=外星人,behavior=effective_view,22,0.00021634378994984759,0.8148148148148148,1.1256421480575807
age_group=60+ & tag=一人分饰多角,behavior=effective_view,22,0.00021634378994984759,0.8148148148148148,1.1256421480575807
tag=记录生活 & theme=13,behavior=effective_view,22,0.00021634378994984759,0.8148148148148148,1.1256421480575807
tag=影视剪辑 & theme=6,behavior=effective_view,22,0.00021634378994984759,0.8148148148148148,1.1256421480575807
tag=搞笑视频 & theme=6,behavior=effective_view,22,0.00021634378994984759,0.8148148148148148,1.1256421480575807
tag=特战荣耀 & theme=39,behavior=effective_view,22,0.00021634378994984759,0.8148148148148148,1.1256421480575807
gender=M & tag=在快手看财经,behavior=effective_view,22,0.00021634378994984759,0.8148148148148148,1.1256421480575807
tag=导游带你游中国 & tag=故事,behavior=effective_view,22,0.00021634378994984759,0.8148148148148148,1.1256421480575807
tag=故事 & tag=阿远旅行,behavior=effective_view,22,0.00021634378994984759,0.8148148148148148,1.1256421480575807
tag=故事 & theme=10,behavior=effective_view,22,0.00021634378994984759,0.8148148148148148,1.1256421480575807
gender=M & tag=真人真事,behavior=effective_view,22,0.00021634378994984759,0.8148148148148148,1.1256421480575807
tag=快影启航星计划 & tag=真实事件,behavior=effective_view,22,0.00021634378994984759,0.8148148148148148,1.1256421480575807
tag=快影情感电台 & tag=真实事件,behavior=effective_view,22,0.00021634378994984759,0.8148148148148148,1.1256421480575807
gender=M & tag=姐弟,behavior=effective_view,22,0.00021634378994984759,0.8148148148148148,1.1256421480575807
city_level=四线城市 & tag=快手光合作者助手,behavior=effective_view,22,0.00021634378994984759,0.8148148148148148,1.1256421480575807
gender=F & tag=演员,behavior=effective_view,22,0.00021634378994984759,0.8148148148148148,1.1256421480575807
tag=我要上热搜 & tag=演员,behavior=effective_view,22,0.00021634378994984759,0.8148148148148148,1.1256421480575807
tag=我要上热搜 & tag=追梦人,behavior=effective_view,22,0.00021634378994984759,0.8148148148148148,1.1256421480575807
tag=我要上热搜 & theme=39,behavior=effective_view,22,0.00021634378994984759,0.8148148148148148,1.1256421480575807
tag=演员 & tag=追梦人,behavior=effective_view,22,0.00021634378994984759,0.8148148148148148,1.1256421480575807
tag=追梦人 & theme=39,behavior=effective_view,22,0.00021634378994984759,0.8148148148148148,1.1256421480575807
age_group=46-60 & tag=暖心正能量,behavior=effective_view,22,0.00021634378994984759,0.8148148148148148,1.1256421480575807
age_group=60+ & tag=老百姓,behavior=effective_view,22,0.00021634378994984759,0.8148148148148148,1.1256421480575807
tag=寻找1000位科普达人 & tag=我在快手涨知识,behavior=effective_view,22,0.00021634378994984759,0.8148148148148148,1.1256421480575807
city_level=五线城市 & tag=奇闻趣事,behavior=effective_view,22,0.00021634378994984759,0.8148148148148148,1.1256421480575807
city_level=三线城市 & tag=小故事,behavior=effective_view,22,0.00021634378994984759,0.8148148148148148,1.1256421480575807
tag=2022光合创作者大会 & tag=快手光合作者助手,behavior=effective_view,22,0.00021634378994984759,0.8148148148148148,1.1256421480575807
city_level=二线城市 & tag=家庭教育,behavior=effective_view,22,0.00021634378994984759,0.8148148148148148,1.1256421480575807
tag=快手影视高热计划 & tag=新光合计划,behavior=effective_view,22,0.00021634378994984759,0.8148148148148148,1.1256421480575807
city_level=四线城市 & tag=搞笑动画,behavior=effective_view,22,0.00021634378994984759,0.8148148148148148,1.1256421480575807
gender=M & tag=球星剪辑大赛,behavior=effective_view,22,0.00021634378994984759,0.8148148148148148,1.1256421480575807
gender=M & tag=范晓言,behavior=effective_view,22,0.00021634378994984759,0.8148148148148148,1.1256421480575807
tag=范晓言 & theme=6,behavior=effective_view,22,0.00021634378994984759,0.8148148148148148,1.1256421480575807
tag=法律,behavior=effective_view,70,0.0006883666043858786,0.813953488372093,1.124452251495152
gender=M & tag=野生动物,behavior=effective_view,70,0.0006883666043858786,0.813953488372093,1.124452251495152
tag=法律 & theme=30,behavior=effective_view,70,0.0006883666043858786,0.813953488372093,1.124452251495152
tag=萌娃日常,behavior=effective_view,35,0.0003441833021929393,0.813953488372093,1.124452251495152
tag=亲子时光,behavior=effective_view,35,0.0003441833021929393,0.813953488372093,1.124452251495152
city_level=三线城市 & tag=快手农技人,behavior=effective_view,35,0.0003441833021929393,0.813953488372093,1.124452251495152
tag=快手热点 & tag=搞笑,behavior=effective_view,35,0.0003441833021929393,0.813953488372093,1.124452251495152
tag=家庭日常 & tag=父女日常,behavior=effective_view,35,0.0003441833021929393,0.813953488372093,1.124452251495152
tag=农村搞笑视频 & tag=天生我有戏,behavior=effective_view,35,0.0003441833021929393,0.813953488372093,1.124452251495152
tag=婚礼 & theme=11,behavior=effective_view,35,0.0003441833021929393,0.813953488372093,1.124452251495152
gender=M & tag=记录我的海外生活,behavior=effective_view,35,0.0003441833021929393,0.813953488372093,1.124452251495152
tag=军事,behavior=effective_view,83,0.0008162061166289704,0.8137254901960784,1.1241372788756856
gender=F & tag=原创,behavior=effective_view,83,0.0008162061166289704,0.8137254901960784,1.1241372788756856
gender=F & tag=记录农村美好生活,behavior=effective_view,48,0.0004720228144360311,0.8135593220338984,1.1239077225598033
city_level=五线城市 & tag=夫妻,behavior=effective_view,48,0.0004720228144360311,0.8135593220338984,1.1239077225598033
gender=M & tag=战争,behavior=effective_view,48,0.0004720228144360311,0.8135593220338984,1.1239077225598033
tag=我在快手追好剧 & tag=经典影视,behavior=effective_view,48,0.0004720228144360311,0.8135593220338984,1.1239077225598033
tag=搞笑我是认真的,behavior=effective_view,61,0.0005998623266791228,0.8133333333333334,1.1235955259702033
city_level=四线城市 & tag=萌娃,behavior=effective_view,61,0.0005998623266791228,0.8133333333333334,1.1235955259702033
gender=M & tag=视觉震撼,behavior=effective_view,61,0.0005998623266791228,0.8133333333333334,1.1235955259702033
gender=F & tag=恋爱,behavior=effective_view,74,0.0007277018389222146,0.8131868131868132,1.1233931127967263
tag=故事,behavior=effective_view,87,0.0008555413511653063,0.8130841121495327,1.1232512344041023
tag=小飞棍来咯 & tag=极限星计划,behavior=effective_view,87,0.0008555413511653063,0.8130841121495327,1.1232512344041023
gender=M & tag=萌娃,behavior=effective_view,104,0.001022716097944734,0.8125,1.1224443010460534
tag=明星,behavior=effective_view,91,0.0008948765857016422,0.8125,1.1224443010460534
gender=M & tag=军事,behavior=effective_view,78,0.0007670370734585505,0.8125,1.1224443010460534
tag=夏日暴击 & tag=搞笑配音,behavior=effective_view,65,0.0006391975612154587,0.8125,1.1224443010460534
tag=战争,behavior=effective_view,52,0.000511358048972367,0.8125,1.1224443010460534
tag=赵丽颖,behavior=effective_view,52,0.000511358048972367,0.8125,1.1224443010460534
city_level=新一线城市 & tag=快手创作者服务中心,behavior=effective_view,52,0.000511358048972367,0.8125,1.1224443010460534
tag=夫妻日常 & theme=9,behavior=effective_view,39,0.00038351853672927524,0.8125,1.1224443010460534
gender=M & tag=军训,behavior=effective_view,39,0.00038351853672927524,0.8125,1.1224443010460534
city_level=二线城市 & tag=同城,behavior=effective_view,39,0.00038351853672927524,0.8125,1.1224443010460534
tag=养老金,behavior=effective_view,26,0.0002556790244861835,0.8125,1.1224443010460534
tag=你喜欢的样子我都有,behavior=effective_view,26,0.0002556790244861835,0.8125,1.1224443010460534
tag=发音不清,behavior=effective_view,26,0.0002556790244861835,0.8125,1.1224443010460534
tag=打假,behavior=effective_view,26,0.0002556790244861835,0.8125,1.1224443010460534
tag=经济,behavior=effective_view,26,0.0002556790244861835,0.8125,1.1224443010460534
tag=大山里的美味,behavior=effective_view,26,0.0002556790244861835,0.8125,1.1224443010460534
tag=怀旧经典老歌,behavior=effective_view,26,0.0002556790244861835,0.8125,1.1224443010460534
tag=遵纪守法,behavior=effective_view,26,0.0002556790244861835,0.8125,1.1224443010460534
tag=开心,behavior=effective_view,26,0.0002556790244861835,0.8125,1.1224443010460534
tag=高考成绩,behavior=effective_view,26,0.0002556790244861835,0.8125,1.1224443010460534
tag=谷雨计划,behavior=effective_view,26,0.0002556790244861835,0.8125,1.1224443010460534
age_group=60+ & tag=爆笑夏令营,behavior=effective_view,26,0.0002556790244861835,0.8125,1.1224443010460534
tag=发音不清 & theme=25,behavior=effective_view,26,0.0002556790244861835,0.8125,1.1224443010460534
tag=热门 & theme=2,behavior=effective_view,26,0.0002556790244861835,0.8125,1.1224443010460534
city_level=三线城市 & tag=关爱老人,behavior=effective_view,26,0.0002556790244861835,0.8125,1.1224443010460534
tag=夜市里的烟火气 & tag=路边摊,behavior=effective_view,26,0.0002556790244861835,0.8125,1.1224443010460534
tag=怀旧经典老歌 & theme=2,behavior=effective_view,26,0.0002556790244861835,0.8125,1.1224443010460534
tag=电影 & theme=39,behavior=effective_view,26,0.0002556790244861835,0.8125,1.1224443010460534
gender=F & tag=人类迷惑行为,behavior=effective_view,26,0.0002556790244861835,0.8125,1.1224443010460534
city_level=二线城市 & tag=集合吧光合计划创作者,behavior=effective_view,26,0.0002556790244861835,0.8125,1.1224443010460534
gender=F & tag=国学智慧,behavior=effective_view,26,0.0002556790244861835,0.8125,1.1224443010460534
age_group=60+ & tag=电子厂,behavior=effective_view,26,0.0002556790244861835,0.8125,1.1224443010460534
tag=真人真事爱心传递 & theme=39,behavior=effective_view,26,0.0002556790244861835,0.8125,1.1224443010460534
tag=谷雨计划 & theme=18,behavior=effective_view,26,0.0002556790244861835,0.8125,1.1224443010460534
age_group=19-25 & tag=手艺人,behavior=effective_view,26,0.0002556790244861835,0.8125,1.1224443010460534
tag=发现 & tag=精选,behavior=effective_view,26,0.0002556790244861835,0.8125,1.1224443010460534
tag=视觉震撼,behavior=effective_view,69,0.0006785327957517947,0.8117647058823529,1.1214285143482743
city_level=三线城市 & tag=快手小游戏,behavior=effective_view,69,0.0006785327957517947,0.8117647058823529,1.1214285143482743
tag=夫妻情感问题 & tag=家庭婚姻情感,behavior=effective_view,56,0.0005506932835087029,0.8115942028985508,1.1211929696067602
age_group=60+ & tag=健美比赛,behavior=effective_view,56,0.0005506932835087029,0.8115942028985508,1.1211929696067602
tag=夫妻 & theme=19,behavior=effective_view,86,0.0008457075425312223,0.8113207547169812,1.1208152091722567
tag=继母后妈,behavior=effective_view,43,0.00042285377126561116,0.8113207547169812,1.1208152091722567
tag=寻找快手最宠粉博主,behavior=effective_view,43,0.00042285377126561116,0.8113207547169812,1.1208152091722567
tag=娱乐评论大赏,behavior=effective_view,43,0.00042285377126561116,0.8113207547169812,1.1208152091722567
tag=您⃤看⃤一⃤看⃤沃⃤动⃤态⃤,behavior=effective_view,43,0.00042285377126561116,0.8113207547169812,1.1208152091722567
age_group=19-25 & tag=迷你世界,behavior=effective_view,43,0.00042285377126561116,0.8113207547169812,1.1208152091722567
city_level=四线城市 & tag=超爆小故事,behavior=effective_view,43,0.00042285377126561116,0.8113207547169812,1.1208152091722567
tag=感动瞬间 & tag=新光和计划,behavior=effective_view,43,0.00042285377126561116,0.8113207547169812,1.1208152091722567
tag=感动瞬间 & tag=继母后妈,behavior=effective_view,43,0.00042285377126561116,0.8113207547169812,1.1208152091722567
tag=新光和计划 & tag=继母后妈,behavior=effective_view,43,0.00042285377126561116,0.8113207547169812,1.1208152091722567
tag=继母后妈 & theme=39,behavior=effective_view,43,0.00042285377126561116,0.8113207547169812,1.1208152091722567
tag=夏日暴击 & tag=寻找快手最宠粉博主,behavior=effective_view,43,0.00042285377126561116,0.8113207547169812,1.1208152091722567
age_group=60+ & tag=百亿剧好看计划,behavior=effective_view,43,0.00042285377126561116,0.8113207547169812,1.1208152091722567
age_group=60+ & tag=人类幼崽成长计划,behavior=effective_view,43,0.00042285377126561116,0.8113207547169812,1.1208152091722567
gender=F & tag=小飞棍来咯,behavior=effective_view,43,0.00042285377126561116,0.8113207547169812,1.1208152091722567
gender=M & tag=实在人实在货实在价,behavior=effective_view,43,0.00042285377126561116,0.8113207547169812,1.1208152091722567
tag=您⃤看⃤一⃤看⃤沃⃤动⃤态⃤ & theme=7,behavior=effective_view,43,0.00042285377126561116,0.8113207547169812,1.1208152091722567
tag=夫妻情感问题,behavior=effective_view,90,0.0008850427770675582,0.8108108108108109,1.1201107370106147
city_level=三线城市 & tag=学生党,behavior=effective_view,90,0.0008850427770675582,0.8108108108108109,1.1201107370106147
tag=亲情,behavior=effective_view,30,0.00029501425902251943,0.8108108108108109,1.1201107370106147
tag=开箱,behavior=effective_view,30,0.00029501425902251943,0.8108108108108109,1.1201107370106147
tag=动漫推荐,behavior=effective_view,30,0.00029501425902251943,0.8108108108108109,1.1201107370106147
age_group=36-45 & tag=亲子,behavior=effective_view,30,0.00029501425902251943,0.8108108108108109,1.1201107370106147
tag=幽默笑话搞笑段子 & theme=9,behavior=effective_view,30,0.00029501425902251943,0.8108108108108109,1.1201107370106147
tag=商业思维 & tag=涨知识,behavior=effective_view,30,0.00029501425902251943,0.8108108108108109,1.1201107370106147
tag=原创精彩短剧 & tag=我要上热门感谢官方推送,behavior=effective_view,30,0.00029501425902251943,0.8108108108108109,1.1201107370106147
tag=我要上热门感谢官方推送 & tag=百亿剧好看计划,behavior=effective_view,30,0.00029501425902251943,0.8108108108108109,1.1201107370106147
tag=每天学点法律知识 & tag=法律,behavior=effective_view,30,0.00029501425902251943,0.8108108108108109,1.1201107370106147
tag=军事 & tag=战争,behavior=effective_view,30,0.00029501425902251943,0.8108108108108109,1.1201107370106147
city_level=五线城市 & tag=打工人,behavior=effective_view,30,0.00029501425902251943,0.8108108108108109,1.1201107370106147
age_group=46-60 & tag=跑酷,behavior=effective_view,30,0.00029501425902251943,0.8108108108108109,1.1201107370106147
gender=M & tag=抗日神剧,behavior=effective_view,30,0.00029501425902251943,0.8108108108108109,1.1201107370106147
gender=M & tag=百万赞演技大赏,behavior=effective_view,30,0.00029501425902251943,0.8108108108108109,1.1201107370106147
tag=夫妻那点事 & tag=姑嫂,behavior=effective_view,30,0.00029501425902251943,0.8108108108108109,1.1201107370106147
tag=夫妻那点事 & tag=婆媳关系,behavior=effective_view,30,0.00029501425902251943,0.8108108108108109,1.1201107370106147
tag=夫妻那点事 & theme=39,behavior=effective_view,30,0.00029501425902251943,0.8108108108108109,1.1201107370106147
tag=姑嫂 & tag=婆媳关系,behavior=effective_view,30,0.00029501425902251943,0.8108108108108109,1.1201107370106147
tag=姑嫂 & theme=39,behavior=effective_view,30,0.00029501425902251943,0.8108108108108109,1.1201107370106147
age_group=60+ & tag=记录真实生活,behavior=effective_view,30,0.00029501425902251943,0.8108108108108109,1.1201107370106147
tag=热门 & theme=20,behavior=effective_view,30,0.00029501425902251943,0.8108108108108109,1.1201107370106147
tag=2022光合创作者大会 & tag=小思搞笑配音,behavior=effective_view,30,0.00029501425902251943,0.8108108108108109,1.1201107370106147
tag=小思搞笑配音 & tag=笑疯了老铁,behavior=effective_view,30,0.00029501425902251943,0.8108108108108109,1.1201107370106147
tag=解压,behavior=effective_view,77,0.0007572032648244665,0.8105263157894737,1.119717715699383
city_level=三线城市 & tag=快手粉条,behavior=effective_view,47,0.0004621890058019471,0.8103448275862069,1.119466995207735
tag=晨曦动漫计划,behavior=effective_view,64,0.0006293637525813748,0.810126582278481,1.1191654958823356
gender=F & tag=小说,behavior=effective_view,102,0.0010030484806765661,0.8095238095238095,1.1183327834598042
city_level=二线城市 & theme=14,behavior=effective_view,68,0.0006686989871177107,0.8095238095238095,1.1183327834598042
tag=快手创作者中心 & theme=39,behavior=effective_view,51,0.0005015242403382831,0.8095238095238095,1.1183327834598042
tag=外星人,behavior=effective_view,34,0.00033434949355885536,0.8095238095238095,1.1183327834598042
tag=电动车,behavior=effective_view,34,0.00033434949355885536,0.8095238095238095,1.1183327834598042
tag=移起守护祖国建设者,behavior=effective_view,34,0.00033434949355885536,0.8095238095238095,1.1183327834598042
age_group=36-45 & tag=快手有戏精,behavior=effective_view,34,0.00033434949355885536,0.8095238095238095,1.1183327834598042
gender=M & tag=篮球,behavior=effective_view,34,0.00033434949355885536,0.8095238095238095,1.1183327834598042
gender=M & tag=美食测评,behavior=effective_view,34,0.00033434949355885536,0.8095238095238095,1.1183327834598042
gender=M & tag=原创剪辑,behavior=effective_view,34,0.00033434949355885536,0.8095238095238095,1.1183327834598042
age_group=60+ & tag=快手粉条热点助我上热门,behavior=effective_view,34,0.00033434949355885536,0.8095238095238095,1.1183327834598042
age_group=46-60 & tag=快手创作者服务中心,behavior=effective_view,144,0.0014160684433080933,0.8089887640449438,1.1175936342308155
gender=M & tag=快影启航星计划,behavior=effective_view,55,0.000540859474874619,0.8088235294117647,1.1173653675571573
age_group=60+ & tag=学生党,behavior=effective_view,55,0.000540859474874619,0.8088235294117647,1.1173653675571573
city_level=三线城市 & tag=篮球新世代,behavior=effective_view,55,0.000540859474874619,0.8088235294117647,1.1173653675571573
gender=M & tag=人间真实在快手,behavior=effective_view,131,0.0012882289310650016,0.808641975308642,1.1171145560268414
tag=专治不开心 & tag=搞笑,behavior=effective_view,76,0.0007473694561903826,0.8085106382978723,1.1169331178985278
tag=开学季 & theme=39,behavior=effective_view,38,0.0003736847280951913,0.8085106382978723,1.1169331178985278
age_group=60+ & tag=电视剧解说,behavior=effective_view,38,0.0003736847280951913,0.8085106382978723,1.1169331178985278
gender=M & tag=上热门,behavior=effective_view,38,0.0003736847280951913,0.8085106382978723,1.1169331178985278
city_level=二线城市 & tag=学生党,behavior=effective_view,38,0.0003736847280951913,0.8085106382978723,1.1169331178985278
age_group=36-45 & tag=育儿,behavior=effective_view,38,0.0003736847280951913,0.8085106382978723,1.1169331178985278
tag=快手创作者服务中心 & tag=集结吧光合创作者,behavior=effective_view,38,0.0003736847280951913,0.8085106382978723,1.1169331178985278
gender=F & tag=人类幼崽成长计划,behavior=effective_view,118,0.0011603894188219098,0.8082191780821918,1.1165304743809004
age_group=60+ & theme=30,behavior=effective_view,181,0.0017799193627692006,0.8080357142857143,1.1162770246666796
gender=M & tag=校园,behavior=effective_view,122,0.0011997246533582456,0.8079470198675497,1.1161544959968908
age_group=26-35 & theme=24,behavior=effective_view,84,0.0008260399252630544,0.8076923076923077,1.115802618791343
tag=山楂树下月满中秋,behavior=effective_view,63,0.0006195299439472907,0.8076923076923077,1.115802618791343
gender=M & tag=法律,behavior=effective_view,63,0.0006195299439472907,0.8076923076923077,1.115802618791343
gender=M & tag=感谢官方快手绿色平台的支持,behavior=effective_view,63,0.0006195299439472907,0.8076923076923077,1.115802618791343
tag=钓鱼技巧,behavior=effective_view,42,0.0004130199626315272,0.8076923076923077,1.115802618791343
tag=电影猎海日志,behavior=effective_view,42,0.0004130199626315272,0.8076923076923077,1.115802618791343
tag=苍兰诀,behavior=effective_view,42,0.0004130199626315272,0.8076923076923077,1.115802618791343
tag=钓鱼技巧 & theme=11,behavior=effective_view,42,0.0004130199626315272,0.8076923076923077,1.115802618791343
age_group=46-60 & tag=育儿,behavior=effective_view,42,0.0004130199626315272,0.8076923076923077,1.115802618791343
age_group=19-25 & tag=极限星计划,behavior=effective_view,42,0.0004130199626315272,0.8076923076923077,1.115802618791343
tag=快手放映室 & tag=电影猎海日志,behavior=effective_view,42,0.0004130199626315272,0.8076923076923077,1.115802618791343
tag=暑期不断片 & tag=电影猎海日志,behavior=effective_view,42,0.0004130199626315272,0.8076923076923077,1.115802618791343
tag=电影猎海日志 & theme=39,behavior=effective_view,42,0.0004130199626315272,0.8076923076923077,1.115802618791343
tag=回忆杀,behavior=effective_view,21,0.0002065099813157636,0.8076923076923077,1.115802618791343
tag=快手小助手,behavior=effective_view,21,0.0002065099813157636,0.8076923076923077,1.115802618791343
tag=绿茶,behavior=effective_view,21,0.0002065099813157636,0.8076923076923077,1.115802618791343
tag=正义,behavior=effective_view,21,0.0002065099813157636,0.8076923076923077,1.115802618791343
tag=曝光不文明行为,behavior=effective_view,21,0.0002065099813157636,0.8076923076923077,1.115802618791343
tag=三国,behavior=effective_view,21,0.0002065099813157636,0.8076923076923077,1.115802618791343
tag=农村 & theme=9,behavior=effective_view,21,0.0002065099813157636,0.8076923076923077,1.115802618791343
city_level=五线城市 & tag=乡村爱情喜剧,behavior=effective_view,21,0.0002065099813157636,0.8076923076923077,1.115802618791343
age_group=60+ & tag=人物故事,behavior=effective_view,21,0.0002065099813157636,0.8076923076923077,1.115802618791343
gender=M & tag=中医养生知识,behavior=effective_view,21,0.0002065099813157636,0.8076923076923077,1.115802618791343
tag=结婚 & theme=11,behavior=effective_view,21,0.0002065099813157636,0.8076923076923077,1.115802618791343
age_group=60+ & tag=思维,behavior=effective_view,21,0.0002065099813157636,0.8076923076923077,1.115802618791343
age_group=60+ & tag=搞笑我是认真的,behavior=effective_view,21,0.0002065099813157636,0.8076923076923077,1.115802618791343
gender=M & tag=重庆巫山机场,behavior=effective_view,21,0.0002065099813157636,0.8076923076923077,1.115802618791343
city_level=新一线城市 & tag=商业思维,behavior=effective_view,21,0.0002065099813157636,0.8076923076923077,1.115802618791343
city_level=五线城市 & tag=每日推文,behavior=effective_view,21,0.0002065099813157636,0.8076923076923077,1.115802618791343
gender=M & tag=遵纪守法,behavior=effective_view,21,0.0002065099813157636,0.8076923076923077,1.115802618791343
tag=开心 & theme=9,behavior=effective_view,21,0.0002065099813157636,0.8076923076923077,1.115802618791343
gender=M & tag=沙雕动画,behavior=effective_view,21,0.0002065099813157636,0.8076923076923077,1.115802618791343
age_group=60+ & tag=军事,behavior=effective_view,21,0.0002065099813157636,0.8076923076923077,1.115802618791343
gender=M & tag=宅基地,behavior=effective_view,21,0.0002065099813157636,0.8076923076923077,1.115802618791343
city_level=二线城市 & tag=一定要看到最后哦,behavior=effective_view,21,0.0002065099813157636,0.8076923076923077,1.115802618791343
age_group=60+ & tag=医疗,behavior=effective_view,21,0.0002065099813157636,0.8076923076923077,1.115802618791343
tag=王者荣耀 & tag=荣耀萤火计划,behavior=effective_view,21,0.0002065099813157636,0.8076923076923077,1.115802618791343
tag=农村生活 & tag=奇闻趣事,behavior=effective_view,21,0.0002065099813157636,0.8076923076923077,1.115802618791343
tag=奇闻趣事 & tag=惊悚悬疑,behavior=effective_view,21,0.0002065099813157636,0.8076923076923077,1.115802618791343
city_level=四线城市 & tag=经典影视,behavior=effective_view,21,0.0002065099813157636,0.8076923076923077,1.115802618791343
city_level=三线城市 & tag=万万没想到,behavior=effective_view,21,0.0002065099813157636,0.8076923076923077,1.115802618791343
city_level=五线城市 & tag=爆笑夏令营,behavior=effective_view,21,0.0002065099813157636,0.8076923076923077,1.115802618791343
gender=M & tag=工地,behavior=effective_view,21,0.0002065099813157636,0.8076923076923077,1.115802618791343
gender=M & tag=艾特出你想艾特的人,behavior=effective_view,21,0.0002065099813157636,0.8076923076923077,1.115802618791343
gender=F & tag=美食分享,behavior=effective_view,21,0.0002065099813157636,0.8076923076923077,1.115802618791343
age_group=19-25 & tag=游戏凡星计划,behavior=effective_view,130,0.0012783951224309175,0.8074534161490683,1.115472597312848
gender=F & tag=极限星计划,behavior=effective_view,109,0.001071885141115154,0.8074074074074075,1.1154090376206938
gender=M & tag=搞笑配音,behavior=effective_view,750,0.007375356475562985,0.8073196986006459,1.1152878705434
age_group=46-60 & theme=22,behavior=effective_view,243,0.0023896154980824072,0.8073089700996677,1.1152730494421303
age_group=36-45 & tag=学生党,behavior=effective_view,67,0.0006588651784836267,0.8072289156626506,1.1151624566463108
city_level=四线城市 & tag=游戏凡星计划,behavior=effective_view,138,0.0013570655915035893,0.8070175438596491,1.1148704528608573
city_level=三线城市 & tag=人生感悟,behavior=effective_view,46,0.00045235519716786313,0.8070175438596491,1.1148704528608573
age_group=60+ & tag=农村搞笑视频,behavior=effective_view,46,0.00045235519716786313,0.8070175438596491,1.1148704528608573
tag=游戏凡星计划 & theme=3,behavior=effective_view,359,0.003530337299636149,0.8067415730337079,1.1144892074690633
gender=M & tag=夫妻,behavior=effective_view,121,0.0011898908447241616,0.8066666666666666,1.1143857265770047
age_group=36-45 & tag=内容过于真实,behavior=effective_view,125,0.0012292260792604976,0.8064516129032258,1.1140886362739983
tag=披萨加盟,behavior=effective_view,25,0.0002458452158520995,0.8064516129032258,1.1140886362739983
tag=麦翁掌上披萨,behavior=effective_view,25,0.0002458452158520995,0.8064516129032258,1.1140886362739983
tag=海岛,behavior=effective_view,25,0.0002458452158520995,0.8064516129032258,1.1140886362739983
tag=我要上热搜,behavior=effective_view,25,0.0002458452158520995,0.8064516129032258,1.1140886362739983
tag=真实的战场,behavior=effective_view,25,0.0002458452158520995,0.8064516129032258,1.1140886362739983
tag=教育孩子,behavior=effective_view,25,0.0002458452158520995,0.8064516129032258,1.1140886362739983
tag=驾考驾考,behavior=effective_view,25,0.0002458452158520995,0.8064516129032258,1.1140886362739983
tag=球星剪辑大赛,behavior=effective_view,25,0.0002458452158520995,0.8064516129032258,1.1140886362739983
tag=诸葛亮,behavior=effective_view,25,0.0002458452158520995,0.8064516129032258,1.1140886362739983
tag=开店 & tag=披萨加盟,behavior=effective_view,25,0.0002458452158520995,0.8064516129032258,1.1140886362739983
tag=开店 & tag=麦翁掌上披萨,behavior=effective_view,25,0.0002458452158520995,0.8064516129032258,1.1140886362739983
tag=披萨加盟 & tag=麦翁掌上披萨,behavior=effective_view,25,0.0002458452158520995,0.8064516129032258,1.1140886362739983
tag=披萨加盟 & theme=12,behavior=effective_view,25,0.0002458452158520995,0.8064516129032258,1.1140886362739983
tag=麦翁掌上披萨 & theme=12,behavior=effective_view,25,0.0002458452158520995,0.8064516129032258,1.1140886362739983
tag=儿童安全 & theme=25,behavior=effective_view,25,0.0002458452158520995,0.8064516129032258,1.1140886362739983
tag=户外美食 & tag=海岛,behavior=effective_view,25,0.0002458452158520995,0.8064516129032258,1.1140886362739983
tag=致敬英雄缅怀先烈 & theme=21,behavior=effective_view,25,0.0002458452158520995,0.8064516129032258,1.1140886362739983
city_level=三线城市 & tag=魔术教学,behavior=effective_view,25,0.0002458452158520995,0.8064516129032258,1.1140886362739983
city_level=二线城市 & tag=汽车,behavior=effective_view,25,0.0002458452158520995,0.8064516129032258,1.1140886362739983
gender=M & tag=地窝窝,behavior=effective_view,25,0.0002458452158520995,0.8064516129032258,1.1140886362739983
tag=军事 & tag=真实的战场,behavior=effective_view,25,0.0002458452158520995,0.8064516129032258,1.1140886362739983
tag=战争 & tag=真实的战场,behavior=effective_view,25,0.0002458452158520995,0.8064516129032258,1.1140886362739983
tag=真实的战场 & theme=35,behavior=effective_view,25,0.0002458452158520995,0.8064516129032258,1.1140886362739983
tag=感谢快手官大大每次热门推送 & theme=6,behavior=effective_view,25,0.0002458452158520995,0.8064516129032258,1.1140886362739983
tag=乡村守护人 & tag=我的乡村生活,behavior=effective_view,25,0.0002458452158520995,0.8064516129032258,1.1140886362739983
age_group=26-35 & tag=俄罗斯,behavior=effective_view,25,0.0002458452158520995,0.8064516129032258,1.1140886362739983
city_level=五线城市 & tag=玩具,behavior=effective_view,25,0.0002458452158520995,0.8064516129032258,1.1140886362739983
city_level=二线城市 & tag=跑酷,behavior=effective_view,25,0.0002458452158520995,0.8064516129032258,1.1140886362739983
gender=M & tag=装修设计,behavior=effective_view,25,0.0002458452158520995,0.8064516129032258,1.1140886362739983
gender=F & tag=画画,behavior=effective_view,25,0.0002458452158520995,0.8064516129032258,1.1140886362739983
tag=夏令营 & tag=教育孩子,behavior=effective_view,25,0.0002458452158520995,0.8064516129032258,1.1140886362739983
tag=夏令营 & tag=青春期孩子叛逆教育,behavior=effective_view,25,0.0002458452158520995,0.8064516129032258,1.1140886362739983
tag=夏令营 & theme=6,behavior=effective_view,25,0.0002458452158520995,0.8064516129032258,1.1140886362739983
tag=教育孩子 & tag=青春期孩子叛逆教育,behavior=effective_view,25,0.0002458452158520995,0.8064516129032258,1.1140886362739983
tag=教育孩子 & theme=6,behavior=effective_view,25,0.0002458452158520995,0.8064516129032258,1.1140886362739983
tag=青春期孩子叛逆教育 & theme=6,behavior=effective_view,25,0.0002458452158520995,0.8064516129032258,1.1140886362739983
gender=M & tag=香肠派对,behavior=effective_view,25,0.0002458452158520995,0.8064516129032258,1.1140886362739983
city_level=二线城市 & tag=校园,behavior=effective_view,25,0.0002458452158520995,0.8064516129032258,1.1140886362739983
gender=F & tag=快手荐片官,behavior=effective_view,25,0.0002458452158520995,0.8064516129032258,1.1140886362739983
age_group=60+ & tag=2022快手光合创作者大会,behavior=effective_view,25,0.0002458452158520995,0.8064516129032258,1.1140886362739983
tag=驾考驾考 & theme=18,behavior=effective_view,25,0.0002458452158520995,0.8064516129032258,1.1140886362739983
gender=M & tag=谷雨计划,behavior=effective_view,25,0.0002458452158520995,0.8064516129032258,1.1140886362739983
tag=快手快看新车计划 & tag=谷雨计划,behavior=effective_view,25,0.0002458452158520995,0.8064516129032258,1.1140886362739983
tag=球星剪辑大赛 & tag=篮球新世代,behavior=effective_view,25,0.0002458452158520995,0.8064516129032258,1.1140886362739983
tag=球星剪辑大赛 & theme=7,behavior=effective_view,25,0.0002458452158520995,0.8064516129032258,1.1140886362739983
gender=M & tag=爸爸带娃,behavior=effective_view,129,0.0012685613137968334,0.80625,1.11381011411493
tag=高手在民间,behavior=effective_view,54,0.0005310256662405349,0.8059701492537313,1.1134235087299542
city_level=五线城市 & tag=二次元,behavior=effective_view,54,0.0005310256662405349,0.8059701492537313,1.1134235087299542
tag=快手小剧场 & tag=追剧一夏,behavior=effective_view,54,0.0005310256662405349,0.8059701492537313,1.1134235087299542
tag=集结吧光合创作者 & theme=17,behavior=effective_view,58,0.0005703609007768709,0.8055555555555556,1.1128507600114719
gender=M & tag=机车,behavior=effective_view,58,0.0005703609007768709,0.8055555555555556,1.1128507600114719
tag=感谢快手同城热门,behavior=effective_view,29,0.0002851804503884354,0.8055555555555556,1.1128507600114719
tag=儿童玩具,behavior=effective_view,29,0.0002851804503884354,0.8055555555555556,1.1128507600114719
tag=禁毒,behavior=effective_view,29,0.0002851804503884354,0.8055555555555556,1.1128507600114719
tag=刘亦菲,behavior=effective_view,29,0.0002851804503884354,0.8055555555555556,1.1128507600114719
gender=F & tag=记录我的乡村生活,behavior=effective_view,29,0.0002851804503884354,0.8055555555555556,1.1128507600114719
tag=书语 & tag=快手好书单,behavior=effective_view,29,0.0002851804503884354,0.8055555555555556,1.1128507600114719
city_level=三线城市 & tag=短剧有好货,behavior=effective_view,29,0.0002851804503884354,0.8055555555555556,1.1128507600114719
age_group=36-45 & tag=社会百态,behavior=effective_view,29,0.0002851804503884354,0.8055555555555556,1.1128507600114719
age_group=46-60 & tag=真功夫,behavior=effective_view,29,0.0002851804503884354,0.8055555555555556,1.1128507600114719
gender=M & tag=真实故事,behavior=effective_view,29,0.0002851804503884354,0.8055555555555556,1.1128507600114719
gender=M & tag=医者仁心,behavior=effective_view,29,0.0002851804503884354,0.8055555555555556,1.1128507600114719
city_level=四线城市 & tag=主播说新闻,behavior=effective_view,29,0.0002851804503884354,0.8055555555555556,1.1128507600114719
gender=F & tag=一家搞笑欢乐多,behavior=effective_view,29,0.0002851804503884354,0.8055555555555556,1.1128507600114719
gender=M & tag=实力坑哥,behavior=effective_view,29,0.0002851804503884354,0.8055555555555556,1.1128507600114719
gender=M & tag=搞笑动物,behavior=effective_view,29,0.0002851804503884354,0.8055555555555556,1.1128507600114719
tag=刘亦菲 & theme=6,behavior=effective_view,29,0.0002851804503884354,0.8055555555555556,1.1128507600114719
gender=M & tag=您⃤看⃤一⃤看⃤沃⃤动⃤态⃤,behavior=effective_view,29,0.0002851804503884354,0.8055555555555556,1.1128507600114719
age_group=36-45 & tag=交通安全,behavior=effective_view,29,0.0002851804503884354,0.8055555555555556,1.1128507600114719
gender=M & tag=集合吧光合计划创作者,behavior=effective_view,120,0.0011800570360900777,0.8053691275167785,1.1125932152857112
age_group=60+ & theme=21,behavior=effective_view,182,0.0017897531714032844,0.8053097345132744,1.1125111656385662
tag=记录我的乡村生活,behavior=effective_view,62,0.0006096961353132068,0.8051948051948052,1.1123523942434417
tag=感动瞬间,behavior=effective_view,62,0.0006096961353132068,0.8051948051948052,1.1123523942434417
age_group=46-60 & theme=24,behavior=effective_view,62,0.0006096961353132068,0.8051948051948052,1.1123523942434417
city_level=二线城市 & theme=20,behavior=effective_view,289,0.0028419706952502706,0.8050139275766016,1.1121025172566854
age_group=36-45 & tag=夏日暴击,behavior=effective_view,194,0.0019077588750122923,0.8049792531120332,1.1120546155272741
gender=F & tag=迷你世界,behavior=effective_view,132,0.0012980627396990854,0.8048780487804879,1.1119148047885858
tag=艾特TA分享快乐,behavior=effective_view,66,0.0006490313698495427,0.8048780487804879,1.1119148047885858
tag=婚后生活,behavior=effective_view,33,0.00032451568492477135,0.8048780487804879,1.1119148047885858
gender=M & tag=记录我的乡村生活,behavior=effective_view,33,0.00032451568492477135,0.8048780487804879,1.1119148047885858
age_group=26-35 & tag=爆笑夏令营,behavior=effective_view,33,0.00032451568492477135,0.8048780487804879,1.1119148047885858
gender=F & tag=手势舞,behavior=effective_view,33,0.00032451568492477135,0.8048780487804879,1.1119148047885858
gender=M & tag=光合创作者计划,behavior=effective_view,33,0.00032451568492477135,0.8048780487804879,1.1119148047885858
gender=M & tag=乡村爱情,behavior=effective_view,33,0.00032451568492477135,0.8048780487804879,1.1119148047885858
tag=2022光合创作者大会 & theme=20,behavior=effective_view,33,0.00032451568492477135,0.8048780487804879,1.1119148047885858
tag=国学智慧 & theme=19,behavior=effective_view,33,0.00032451568492477135,0.8048780487804879,1.1119148047885858
age_group=36-45 & tag=宝妈,behavior=effective_view,33,0.00032451568492477135,0.8048780487804879,1.1119148047885858
city_level=二线城市 & tag=致敬英雄,behavior=effective_view,33,0.00032451568492477135,0.8048780487804879,1.1119148047885858
city_level=四线城市 & tag=手工,behavior=effective_view,33,0.00032451568492477135,0.8048780487804879,1.1119148047885858
tag=人类幼崽成长计划,behavior=effective_view,202,0.001986429344084964,0.8047808764940239,1.1117805641988492
gender=M & tag=夫妻情感问题,behavior=effective_view,70,0.0006883666043858786,0.8045977011494253,1.1115275129722193
age_group=26-35 & theme=21,behavior=effective_view,107,0.001052217523846986,0.8045112781954887,1.1114081222619108
tag=快影达人 & tag=我在快手追好剧,behavior=effective_view,111,0.0010915527583833218,0.8043478260869565,1.111182318092414
tag=记录我的农村生活 & theme=13,behavior=effective_view,74,0.0007277018389222146,0.8043478260869565,1.111182318092414
tag=真人真事,behavior=effective_view,37,0.0003638509194611073,0.8043478260869565,1.111182318092414
gender=M & tag=狮子,behavior=effective_view,37,0.0003638509194611073,0.8043478260869565,1.111182318092414
city_level=五线城市 & tag=恋爱,behavior=effective_view,37,0.0003638509194611073,0.8043478260869565,1.111182318092414
city_level=三线城市 & tag=热爱快手支持正能量,behavior=effective_view,37,0.0003638509194611073,0.8043478260869565,1.111182318092414
tag=学生党,behavior=effective_view,341,0.0033533287442226375,0.8042452830188679,1.1110406579294752
tag=快手影视新热计划 & tag=暑期不断片,behavior=effective_view,82,0.0008063723079948864,0.803921568627451,1.110593456238629
tag=帮男友护肤,behavior=effective_view,41,0.0004031861539974432,0.803921568627451,1.110593456238629
gender=M & tag=功夫,behavior=effective_view,41,0.0004031861539974432,0.803921568627451,1.110593456238629
age_group=26-35 & tag=搞笑一家人,behavior=effective_view,41,0.0004031861539974432,0.803921568627451,1.110593456238629
tag=帮男友护肤 & tag=护肤,behavior=effective_view,41,0.0004031861539974432,0.803921568627451,1.110593456238629
tag=帮男友护肤 & tag=沉浸式护肤,behavior=effective_view,41,0.0004031861539974432,0.803921568627451,1.110593456238629
tag=帮男友护肤 & theme=4,behavior=effective_view,41,0.0004031861539974432,0.803921568627451,1.110593456238629
tag=护肤 & tag=沉浸式护肤,behavior=effective_view,41,0.0004031861539974432,0.803921568627451,1.110593456238629
tag=天生我有戏 & theme=19,behavior=effective_view,41,0.0004031861539974432,0.803921568627451,1.110593456238629
tag=同城 & tag=电子厂,behavior=effective_view,41,0.0004031861539974432,0.803921568627451,1.110593456238629
tag=人间奇趣记录仪,behavior=effective_view,86,0.0008457075425312223,0.8037383177570093,1.1103403006753196
city_level=二线城市 & tag=我在快手整活,behavior=effective_view,180,0.0017700855541351165,0.8035714285714286,1.1101097482873057
tag=校园 & theme=9,behavior=effective_view,90,0.0008850427770675582,0.8035714285714286,1.1101097482873057
city_level=四线城市 & tag=fyp,behavior=effective_view,45,0.0004425213885337791,0.8035714285714286,1.1101097482873057
tag=快手新知播 & theme=22,behavior=effective_view,45,0.0004425213885337791,0.8035714285714286,1.1101097482873057
gender=F & tag=感动瞬间,behavior=effective_view,45,0.0004425213885337791,0.8035714285714286,1.1101097482873057
age_group=26-35 & tag=我的观影报告,behavior=effective_view,45,0.0004425213885337791,0.8035714285714286,1.1101097482873057
tag=赵丽颖 & theme=6,behavior=effective_view,45,0.0004425213885337791,0.8035714285714286,1.1101097482873057
tag=快手有戏精,behavior=effective_view,143,0.0014062346346740092,0.8033707865168539,1.1098325673264349
gender=M & tag=小说推荐,behavior=effective_view,49,0.00048185662307011505,0.8032786885245902,1.1097053367214451
tag=晨曦动漫计划 & theme=20,behavior=effective_view,49,0.00048185662307011505,0.8032786885245902,1.1097053367214451
tag=科普 & theme=21,behavior=effective_view,49,0.00048185662307011505,0.8032786885245902,1.1097053367214451
age_group=60+ & tag=出发吧老妈,behavior=effective_view,49,0.00048185662307011505,0.8032786885245902,1.1097053367214451
age_group=60+ & tag=二次元,behavior=effective_view,49,0.00048185662307011505,0.8032786885245902,1.1097053367214451
tag=萌娃 & theme=9,behavior=effective_view,53,0.000521191857606451,0.803030303030303,1.1093621996352603
tag=和平精英 & theme=24,behavior=effective_view,53,0.000521191857606451,0.803030303030303,1.1093621996352603
tag=搞笑夫妻 & theme=9,behavior=effective_view,53,0.000521191857606451,0.803030303030303,1.1093621996352603
tag=捕娱计划,behavior=effective_view,273,0.002684629757104927,0.8029411764705883,1.1092390739749234
tag=百亿剧好看计划,behavior=effective_view,118,0.0011603894188219098,0.8027210884353742,1.1089350289769486
tag=快手新知播,behavior=effective_view,65,0.0006391975612154587,0.8024691358024691,1.1085869639961021
age_group=60+ & tag=快影达人,behavior=effective_view,65,0.0006391975612154587,0.8024691358024691,1.1085869639961021
age_group=36-45 & tag=记录生活,behavior=effective_view,73,0.0007178680302881306,0.8021978021978022,1.1082121247859598
tag=每日推文 & theme=38,behavior=effective_view,77,0.0007572032648244665,0.8020833333333334,1.108053989494181
tag=游戏凡星计划,behavior=effective_view,478,0.004700560527092143,0.802013422818792,1.1079574102220209
gender=M & tag=笑疯了老铁,behavior=effective_view,97,0.0009538794375061461,0.8016528925619835,1.1074593485209632
gender=M & tag=沙雕,behavior=effective_view,101,0.000993214672042482,0.8015873015873016,1.1073687365631395
city_level=一线城市 & theme=17,behavior=effective_view,109,0.001071885141115154,0.8014705882352942,1.1072075005793651
tag=萌娃,behavior=effective_view,221,0.0021732717081325596,0.8007246376811594,1.1061769923352411
city_level=四线城市 & tag=影视剪辑,behavior=effective_view,132,0.0012980627396990854,0.8,1.1051759271838066
tag=百亿剧好看计划 & theme=39,behavior=effective_view,116,0.0011407218015537417,0.8,1.1051759271838066
gender=M & tag=快手光合计划,behavior=effective_view,112,0.0011013865670174059,0.8,1.1051759271838066
city_level=四线城市 & tag=记录生活,behavior=effective_view,104,0.001022716097944734,0.8,1.1051759271838066
tag=宝妈 & theme=25,behavior=effective_view,92,0.0009047103943357263,0.8,1.1051759271838066
tag=财经,behavior=effective_view,88,0.0008653751597993903,0.8,1.1051759271838066
tag=财经 & theme=22,behavior=effective_view,84,0.0008260399252630544,0.8,1.1051759271838066
gender=M & tag=人类幼崽成长计划,behavior=effective_view,84,0.0008260399252630544,0.8,1.1051759271838066
tag=大实话 & theme=19,behavior=effective_view,84,0.0008260399252630544,0.8,1.1051759271838066
gender=F & tag=涨知识,behavior=effective_view,76,0.0007473694561903826,0.8,1.1051759271838066
city_level=三线城市 & tag=二次元,behavior=effective_view,68,0.0006686989871177107,0.8,1.1051759271838066
tag=真实故事,behavior=effective_view,64,0.0006293637525813748,0.8,1.1051759271838066
age_group=60+ & tag=爸爸带娃,behavior=effective_view,60,0.0005900285180450389,0.8,1.1051759271838066
age_group=46-60 & tag=爸爸带娃,behavior=effective_view,60,0.0005900285180450389,0.8,1.1051759271838066
tag=视觉震撼 & theme=11,behavior=effective_view,60,0.0005900285180450389,0.8,1.1051759271838066
city_level=四线城市 & tag=篮球新世代,behavior=effective_view,56,0.0005506932835087029,0.8,1.1051759271838066
gender=M & tag=快手新知播,behavior=effective_view,56,0.0005506932835087029,0.8,1.1051759271838066
age_group=26-35 & tag=人类幼崽有多可爱,behavior=effective_view,56,0.0005506932835087029,0.8,1.1051759271838066
tag=简笔画 & theme=15,behavior=effective_view,52,0.000511358048972367,0.8,1.1051759271838066
city_level=五线城市 & tag=短剧有好货,behavior=effective_view,52,0.000511358048972367,0.8,1.1051759271838066
tag=暖心正能量 & theme=39,behavior=effective_view,52,0.000511358048972367,0.8,1.1051759271838066
tag=精选 & theme=11,behavior=effective_view,52,0.000511358048972367,0.8,1.1051759271838066
tag=记录海外生活 & theme=11,behavior=effective_view,48,0.0004720228144360311,0.8,1.1051759271838066
gender=M & tag=关爱老人传递正能量,behavior=effective_view,48,0.0004720228144360311,0.8,1.1051759271838066
tag=光合创作者计划,behavior=effective_view,44,0.00043268757989969517,0.8,1.1051759271838066
gender=M & tag=奇闻异事,behavior=effective_view,44,0.00043268757989969517,0.8,1.1051759271838066
tag=红眼特效 & theme=9,behavior=effective_view,44,0.00043268757989969517,0.8,1.1051759271838066
tag=小思搞笑配音,behavior=effective_view,40,0.00039335234536335925,0.8,1.1051759271838066
tag=家庭日常 & theme=25,behavior=effective_view,40,0.00039335234536335925,0.8,1.1051759271838066
city_level=新一线城市 & tag=感谢快手官大大每次热门推送,behavior=effective_view,40,0.00039335234536335925,0.8,1.1051759271838066
tag=搞笑视频 & tag=红眼特效,behavior=effective_view,40,0.00039335234536335925,0.8,1.1051759271838066
city_level=四线城市 & tag=人类幼崽成长计划,behavior=effective_view,40,0.00039335234536335925,0.8,1.1051759271838066
tag=小思搞笑配音 & theme=9,behavior=effective_view,40,0.00039335234536335925,0.8,1.1051759271838066
city_level=新一线城市 & tag=游戏凡星计划,behavior=effective_view,40,0.00039335234536335925,0.8,1.1051759271838066
tag=摆摊,behavior=effective_view,36,0.0003540171108270233,0.8,1.1051759271838066
tag=快手热点 & theme=2,behavior=effective_view,36,0.0003540171108270233,0.8,1.1051759271838066
tag=摆摊 & theme=12,behavior=effective_view,36,0.0003540171108270233,0.8,1.1051759271838066
city_level=新一线城市 & tag=暑期不断片,behavior=effective_view,36,0.0003540171108270233,0.8,1.1051759271838066
tag=发型 & theme=4,behavior=effective_view,36,0.0003540171108270233,0.8,1.1051759271838066
age_group=60+ & tag=快影情感电台,behavior=effective_view,36,0.0003540171108270233,0.8,1.1051759271838066
age_group=60+ & tag=婆媳关系,behavior=effective_view,36,0.0003540171108270233,0.8,1.1051759271838066
age_group=36-45 & tag=手艺人,behavior=effective_view,36,0.0003540171108270233,0.8,1.1051759271838066
gender=M & tag=父母课堂,behavior=effective_view,32,0.0003146818762906874,0.8,1.1051759271838066
city_level=五线城市 & tag=电子厂,behavior=effective_view,32,0.0003146818762906874,0.8,1.1051759271838066
age_group=60+ & tag=结局很解气,behavior=effective_view,32,0.0003146818762906874,0.8,1.1051759271838066
gender=M & tag=奥赛,behavior=effective_view,32,0.0003146818762906874,0.8,1.1051759271838066
gender=F & tag=生活这场戏,behavior=effective_view,32,0.0003146818762906874,0.8,1.1051759271838066
city_level=四线城市 & tag=短剧有好货,behavior=effective_view,32,0.0003146818762906874,0.8,1.1051759271838066
tag=探店 & theme=12,behavior=effective_view,32,0.0003146818762906874,0.8,1.1051759271838066
tag=因为一个片段看了整部剧,behavior=effective_view,28,0.00027534664175435147,0.8,1.1051759271838066
gender=M & tag=竹笋,behavior=effective_view,28,0.00027534664175435147,0.8,1.1051759271838066
city_level=三线城市 & tag=闺蜜,behavior=effective_view,28,0.00027534664175435147,0.8,1.1051759271838066
city_level=三线城市 & tag=短剧MCN影响力大赛,behavior=effective_view,28,0.00027534664175435147,0.8,1.1051759271838066
tag=人间奇趣记录仪 & tag=配音,behavior=effective_view,28,0.00027534664175435147,0.8,1.1051759271838066
gender=F & tag=思维,behavior=effective_view,28,0.00027534664175435147,0.8,1.1051759271838066
gender=F & tag=小舞,behavior=effective_view,28,0.00027534664175435147,0.8,1.1051759271838066
age_group=26-35 & tag=短剧MCN影响力大赛,behavior=effective_view,28,0.00027534664175435147,0.8,1.1051759271838066
tag=因为一个片段看了整部剧 & theme=39,behavior=effective_view,28,0.00027534664175435147,0.8,1.1051759271838066
tag=传递正能量 & tag=正能量,behavior=effective_view,28,0.00027534664175435147,0.8,1.1051759271838066
gender=M & tag=乡村守护人,behavior=effective_view,28,0.00027534664175435147,0.8,1.1051759271838066
tag=辣条 & theme=12,behavior=effective_view,28,0.00027534664175435147,0.8,1.1051759271838066
age_group=26-35 & tag=在快手看海外,behavior=effective_view,28,0.00027534664175435147,0.8,1.1051759271838066
tag=同路人宝哥团队 & theme=7,behavior=effective_view,28,0.00027534664175435147,0.8,1.1051759271838066
gender=M & tag=狂野小农民,behavior=effective_view,28,0.00027534664175435147,0.8,1.1051759271838066
tag=内容过于真实 & theme=34,behavior=effective_view,28,0.00027534664175435147,0.8,1.1051759271838066
city_level=二线城市 & tag=泪目,behavior=effective_view,28,0.00027534664175435147,0.8,1.1051759271838066
age_group=19-25 & theme=35,behavior=effective_view,28,0.00027534664175435147,0.8,1.1051759271838066
tag=南北方差异,behavior=effective_view,24,0.00023601140721801555,0.8,1.1051759271838066
tag=户外捕鱼,behavior=effective_view,24,0.00023601140721801555,0.8,1.1051759271838066
tag=画你,behavior=effective_view,24,0.00023601140721801555,0.8,1.1051759271838066
tag=宅基地,behavior=effective_view,24,0.00023601140721801555,0.8,1.1051759271838066
tag=带娃,behavior=effective_view,24,0.00023601140721801555,0.8,1.1051759271838066
city_level=三线城市 & tag=快影情感电台,behavior=effective_view,24,0.00023601140721801555,0.8,1.1051759271838066
age_group=26-35 & tag=夏日星光大赏,behavior=effective_view,24,0.00023601140721801555,0.8,1.1051759271838066
age_group=46-60 & tag=2022财是机会,behavior=effective_view,24,0.00023601140721801555,0.8,1.1051759271838066
city_level=四线城市 & tag=寻找快手科普达人,behavior=effective_view,24,0.00023601140721801555,0.8,1.1051759271838066
tag=2022光合创作者大会 & tag=我在快手整活,behavior=effective_view,24,0.00023601140721801555,0.8,1.1051759271838066
tag=画你 & theme=2,behavior=effective_view,24,0.00023601140721801555,0.8,1.1051759271838066
city_level=四线城市 & tag=结局很解气,behavior=effective_view,24,0.00023601140721801555,0.8,1.1051759271838066
gender=M & tag=真实的战场,behavior=effective_view,24,0.00023601140721801555,0.8,1.1051759271838066
tag=农村生活 & tag=惊悚悬疑,behavior=effective_view,24,0.00023601140721801555,0.8,1.1051759271838066
city_level=三线城市 & tag=游戏解说,behavior=effective_view,24,0.00023601140721801555,0.8,1.1051759271838066
gender=M & tag=男人女人,behavior=effective_view,24,0.00023601140721801555,0.8,1.1051759271838066
age_group=60+ & tag=快手情感剧场,behavior=effective_view,24,0.00023601140721801555,0.8,1.1051759271838066
tag=演员 & theme=39,behavior=effective_view,24,0.00023601140721801555,0.8,1.1051759271838066
tag=二胎 & theme=25,behavior=effective_view,24,0.00023601140721801555,0.8,1.1051759271838066
tag=减肥 & theme=16,behavior=effective_view,24,0.00023601140721801555,0.8,1.1051759271838066
city_level=五线城市 & tag=暖心正能量,behavior=effective_view,24,0.00023601140721801555,0.8,1.1051759271838066
gender=F & tag=餐饮创业,behavior=effective_view,24,0.00023601140721801555,0.8,1.1051759271838066
age_group=36-45 & tag=超爆小故事,behavior=effective_view,24,0.00023601140721801555,0.8,1.1051759271838066
tag=魔术揭秘 & tag=魔术教学,behavior=effective_view,24,0.00023601140721801555,0.8,1.1051759271838066
tag=哥谭噩梦 & theme=39,behavior=effective_view,24,0.00023601140721801555,0.8,1.1051759271838066
tag=幸福到万家 & tag=快手影视新热计划,behavior=effective_view,24,0.00023601140721801555,0.8,1.1051759271838066
gender=M & tag=短剧,behavior=effective_view,24,0.00023601140721801555,0.8,1.1051759271838066
age_group=19-25 & tag=搞笑段子,behavior=effective_view,24,0.00023601140721801555,0.8,1.1051759271838066
age_group=36-45 & tag=人类幼崽到底有多可爱,behavior=effective_view,24,0.00023601140721801555,0.8,1.1051759271838066
tag=捕娱计划 & theme=9,behavior=effective_view,24,0.00023601140721801555,0.8,1.1051759271838066
gender=M & tag=诸葛亮,behavior=effective_view,24,0.00023601140721801555,0.8,1.1051759271838066
tag=导游奥陶纪,behavior=effective_view,20,0.00019667617268167962,0.8,1.1051759271838066
tag=导游重庆,behavior=effective_view,20,0.00019667617268167962,0.8,1.1051759271838066
tag=Ku俱乐部1,behavior=effective_view,20,0.00019667617268167962,0.8,1.1051759271838066
tag=别叫我秋裤,behavior=effective_view,20,0.00019667617268167962,0.8,1.1051759271838066
tag=非成不可,behavior=effective_view,20,0.00019667617268167962,0.8,1.1051759271838066
tag=中国力量,behavior=effective_view,20,0.00019667617268167962,0.8,1.1051759271838066
tag=家长必读,behavior=effective_view,20,0.00019667617268167962,0.8,1.1051759271838066
tag=养育之恩大于天,behavior=effective_view,20,0.00019667617268167962,0.8,1.1051759271838066
tag=盆景,behavior=effective_view,20,0.00019667617268167962,0.8,1.1051759271838066
tag=减压视频,behavior=effective_view,20,0.00019667617268167962,0.8,1.1051759271838066
tag=如懿传,behavior=effective_view,20,0.00019667617268167962,0.8,1.1051759271838066
tag=彩绘张世先,behavior=effective_view,20,0.00019667617268167962,0.8,1.1051759271838066
tag=空调车间包吃住坐班,behavior=effective_view,20,0.00019667617268167962,0.8,1.1051759271838066
tag=养老金 & theme=22,behavior=effective_view,20,0.00019667617268167962,0.8,1.1051759271838066
tag=导游奥陶纪 & tag=导游重庆,behavior=effective_view,20,0.00019667617268167962,0.8,1.1051759271838066
gender=F & tag=儿童玩具,behavior=effective_view,20,0.00019667617268167962,0.8,1.1051759271838066
tag=家庭共情 & tag=快手小剧场,behavior=effective_view,20,0.00019667617268167962,0.8,1.1051759271838066
tag=Ku俱乐部1 & tag=别叫我秋裤,behavior=effective_view,20,0.00019667617268167962,0.8,1.1051759271838066
tag=Ku俱乐部1 & tag=非成不可,behavior=effective_view,20,0.00019667617268167962,0.8,1.1051759271838066
tag=Ku俱乐部1 & theme=3,behavior=effective_view,20,0.00019667617268167962,0.8,1.1051759271838066
tag=别叫我秋裤 & tag=非成不可,behavior=effective_view,20,0.00019667617268167962,0.8,1.1051759271838066
tag=别叫我秋裤 & theme=3,behavior=effective_view,20,0.00019667617268167962,0.8,1.1051759271838066
tag=非成不可 & theme=3,behavior=effective_view,20,0.00019667617268167962,0.8,1.1051759271838066
city_level=四线城市 & tag=冷知识,behavior=effective_view,20,0.00019667617268167962,0.8,1.1051759271838066
gender=M & tag=打假,behavior=effective_view,20,0.00019667617268167962,0.8,1.1051759271838066
tag=2022快手光合创作者 & tag=搞笑视频,behavior=effective_view,20,0.00019667617268167962,0.8,1.1051759271838066
tag=2022快手光合创作者 & tag=搞笑配音视频,behavior=effective_view,20,0.00019667617268167962,0.8,1.1051759271838066
tag=山楂树下月满中秋 & theme=39,behavior=effective_view,20,0.00019667617268167962,0.8,1.1051759271838066
tag=山楂树下月满中秋 & theme=12,behavior=effective_view,20,0.00019667617268167962,0.8,1.1051759271838066
gender=M & tag=舌尖上的美食,behavior=effective_view,20,0.00019667617268167962,0.8,1.1051759271838066
tag=2022光合创作者大会 & tag=影视解说,behavior=effective_view,20,0.00019667617268167962,0.8,1.1051759271838066
tag=专治各种不开心 & theme=25,behavior=effective_view,20,0.00019667617268167962,0.8,1.1051759271838066
gender=M & tag=影视剪辑原创,behavior=effective_view,20,0.00019667617268167962,0.8,1.1051759271838066
age_group=36-45 & tag=夫妻,behavior=effective_view,20,0.00019667617268167962,0.8,1.1051759271838066
age_group=36-45 & tag=游戏解说,behavior=effective_view,20,0.00019667617268167962,0.8,1.1051759271838066
gender=M & tag=开店,behavior=effective_view,20,0.00019667617268167962,0.8,1.1051759271838066
city_level=四线城市 & tag=关爱老人传递正能量,behavior=effective_view,20,0.00019667617268167962,0.8,1.1051759271838066
city_level=五线城市 & tag=爰音乐爱唱歌,behavior=effective_view,20,0.00019667617268167962,0.8,1.1051759271838066
gender=M & tag=文玩,behavior=effective_view,20,0.00019667617268167962,0.8,1.1051759271838066
gender=F & tag=汽车,behavior=effective_view,20,0.00019667617268167962,0.8,1.1051759271838066
gender=M & tag=山东,behavior=effective_view,20,0.00019667617268167962,0.8,1.1051759271838066
tag=盆景 & theme=11,behavior=effective_view,20,0.00019667617268167962,0.8,1.1051759271838066
gender=F & tag=清唱,behavior=effective_view,20,0.00019667617268167962,0.8,1.1051759271838066
age_group=19-25 & tag=萌娃,behavior=effective_view,20,0.00019667617268167962,0.8,1.1051759271838066
age_group=60+ & tag=政策,behavior=effective_view,20,0.00019667617268167962,0.8,1.1051759271838066
city_level=新一线城市 & tag=手艺人,behavior=effective_view,20,0.00019667617268167962,0.8,1.1051759271838066
tag=口播 & tag=快手粉条热点助我上热门,behavior=effective_view,20,0.00019667617268167962,0.8,1.1051759271838066
tag=口播 & theme=36,behavior=effective_view,20,0.00019667617268167962,0.8,1.1051759271838066
tag=快手粉条热点助我上热门 & tag=情感,behavior=effective_view,20,0.00019667617268167962,0.8,1.1051759271838066
tag=情感 & theme=36,behavior=effective_view,20,0.00019667617268167962,0.8,1.1051759271838066
age_group=36-45 & tag=记录农村美好生活,behavior=effective_view,20,0.00019667617268167962,0.8,1.1051759271838066
city_level=新一线城市 & tag=二次元,behavior=effective_view,20,0.00019667617268167962,0.8,1.1051759271838066
tag=彩绘张世先 & tag=立体画,behavior=effective_view,20,0.00019667617268167962,0.8,1.1051759271838066
tag=彩绘张世先 & theme=15,behavior=effective_view,20,0.00019667617268167962,0.8,1.1051759271838066
age_group=46-60 & tag=手工,behavior=effective_view,20,0.00019667617268167962,0.8,1.1051759271838066
tag=空调车间包吃住坐班 & theme=11,behavior=effective_view,20,0.00019667617268167962,0.8,1.1051759271838066
age_group=26-35 & tag=健康科普在快手,behavior=effective_view,20,0.00019667617268167962,0.8,1.1051759271838066
gender=M & tag=三国,behavior=effective_view,20,0.00019667617268167962,0.8,1.1051759271838066
tag=三国 & theme=21,behavior=effective_view,20,0.00019667617268167962,0.8,1.1051759271838066
city_level=三线城市 & tag=搞笑,behavior=effective_view,683,0.006716491297079359,0.7997658079625293,1.104852397931118
city_level=四线城市 & theme=22,behavior=effective_view,191,0.0018782574491100403,0.799163179916318,1.10401988541897
age_group=60+ & theme=35,behavior=effective_view,230,0.0022617759858393157,0.7986111111111112,1.1032572189768903
tag=搞笑配音,behavior=effective_view,1098,0.01079752188022421,0.7985454545454546,1.1031665164071087
gender=M & tag=快手情侣日常,behavior=effective_view,190,0.0018684236404759563,0.7983193277310925,1.102854129017454
tag=新光合计划 & theme=9,behavior=effective_view,95,0.0009342118202379781,0.7983193277310925,1.102854129017454
city_level=四线城市 & tag=快影达人,behavior=effective_view,83,0.0008162061166289704,0.7980769230769231,1.1025192542819224
age_group=60+ & tag=健康科普在快手,behavior=effective_view,79,0.0007768708820926344,0.797979797979798,1.1023850788828373
age_group=36-45 & tag=影视解说,behavior=effective_view,150,0.001475071295112597,0.7978723404255319,1.1022366295051262
city_level=五线城市 & tag=涨知识,behavior=effective_view,75,0.0007375356475562985,0.7978723404255319,1.1022366295051262
tag=搞笑 & theme=11,behavior=effective_view,75,0.0007375356475562985,0.7978723404255319,1.1022366295051262
age_group=19-25 & tag=内容过于真实,behavior=effective_view,146,0.0014357360605762612,0.7978142076502732,1.1021563208253808
tag=搞笑配音 & theme=9,behavior=effective_view,1014,0.009971481954961156,0.7977970102281668,1.102132563104229
gender=M & tag=记录真实生活,behavior=effective_view,71,0.0006982004130199626,0.797752808988764,1.1020715004220543
age_group=26-35 & tag=二次元,behavior=effective_view,71,0.0006982004130199626,0.797752808988764,1.1020715004220543
tag=学生党 & tag=小故事,behavior=effective_view,71,0.0006982004130199626,0.797752808988764,1.1020715004220543
gender=F & tag=测评,behavior=effective_view,71,0.0006982004130199626,0.797752808988764,1.1020715004220543
city_level=四线城市 & tag=快手小剧场,behavior=effective_view,67,0.0006588651784836267,0.7976190476190477,1.1018867131148071
gender=M & tag=二次元,behavior=effective_view,126,0.0012390598878945815,0.7974683544303798,1.1016785350091742
tag=我要上热门感谢官方推送,behavior=effective_view,63,0.0006195299439472907,0.7974683544303798,1.1016785350091742
tag=记录我的农村生活 & theme=39,behavior=effective_view,59,0.0005801947094109549,0.7972972972972973,1.1014422247271043
tag=夏日暴击 & tag=晨曦动漫计划,behavior=effective_view,55,0.000540859474874619,0.7971014492753623,1.101171666578068
gender=M & tag=电视剧解说,behavior=effective_view,55,0.000540859474874619,0.7971014492753623,1.101171666578068
gender=M & tag=快手有萌宠,behavior=effective_view,55,0.000540859474874619,0.7971014492753623,1.101171666578068
city_level=三线城市 & tag=搞笑配音,behavior=effective_view,271,0.002664962139836759,0.7970588235294118,1.1011127803926897
tag=万万没想到,behavior=effective_view,106,0.001042383715212902,0.7969924812030075,1.1010211304650703
tag=遵守交通规则,behavior=effective_view,51,0.0005015242403382831,0.796875,1.1008588337182448
gender=M & tag=搞笑视频配音,behavior=effective_view,51,0.0005015242403382831,0.796875,1.1008588337182448
city_level=四线城市 & tag=农村生活,behavior=effective_view,51,0.0005015242403382831,0.796875,1.1008588337182448
gender=F & tag=动画,behavior=effective_view,51,0.0005015242403382831,0.796875,1.1008588337182448
gender=M & tag=同城热点,behavior=effective_view,51,0.0005015242403382831,0.796875,1.1008588337182448
tag=樱花校园模拟器 & theme=3,behavior=effective_view,51,0.0005015242403382831,0.796875,1.1008588337182448
tag=影视剪辑 & tag=影视解说,behavior=effective_view,51,0.0005015242403382831,0.796875,1.1008588337182448
tag=搞笑视频 & tag=搞笑配音,behavior=effective_view,639,0.006283803717179664,0.7967581047381546,1.1006973464315029
tag=快手娱乐星熠计划第七期,behavior=effective_view,98,0.0009637132461402301,0.7967479674796748,1.1006833421139537
tag=快手小游戏 & theme=3,behavior=effective_view,239,0.0023502802635460714,0.7966666666666666,1.1005710274872074
tag=餐饮创业,behavior=effective_view,47,0.0004621890058019471,0.7966101694915254,1.1004929783398072
gender=M & tag=遵守交通规则,behavior=effective_view,47,0.0004621890058019471,0.7966101694915254,1.1004929783398072
tag=餐饮创业 & theme=12,behavior=effective_view,47,0.0004621890058019471,0.7966101694915254,1.1004929783398072
age_group=60+ & tag=记录生活,behavior=effective_view,129,0.0012685613137968334,0.7962962962962963,1.1000593719653629
gender=F & tag=爱情,behavior=effective_view,86,0.0008457075425312223,0.7962962962962963,1.1000593719653629
city_level=五线城市 & tag=快影达人,behavior=effective_view,86,0.0008457075425312223,0.7962962962962963,1.1000593719653629
tag=快手漫动力,behavior=effective_view,43,0.00042285377126561116,0.7962962962962963,1.1000593719653629
city_level=三线城市 & tag=致敬英雄,behavior=effective_view,43,0.00042285377126561116,0.7962962962962963,1.1000593719653629
tag=原创剪辑 & theme=39,behavior=effective_view,43,0.00042285377126561116,0.7962962962962963,1.1000593719653629
age_group=60+ & tag=新光合创作者计划,behavior=effective_view,43,0.00042285377126561116,0.7962962962962963,1.1000593719653629
city_level=三线城市 & tag=新农人计划2022,behavior=effective_view,43,0.00042285377126561116,0.7962962962962963,1.1000593719653629
gender=M & tag=篮球新世代,behavior=effective_view,164,0.0016127446159897728,0.7961165048543689,1.099810995498448
city_level=五线城市 & theme=24,behavior=effective_view,78,0.0007670370734585505,0.7959183673469388,1.0995372744940932
tag=恐龙当家,behavior=effective_view,39,0.00038351853672927524,0.7959183673469388,1.0995372744940932
tag=狮子,behavior=effective_view,39,0.00038351853672927524,0.7959183673469388,1.0995372744940932
tag=爆笑搞笑视频,behavior=effective_view,39,0.00038351853672927524,0.7959183673469388,1.0995372744940932
tag=2022光合创作者大会 & tag=传递正能量,behavior=effective_view,39,0.00038351853672927524,0.7959183673469388,1.0995372744940932
city_level=四线城市 & tag=健美比赛,behavior=effective_view,39,0.00038351853672927524,0.7959183673469388,1.0995372744940932
gender=M & tag=晨曦动漫计划,behavior=effective_view,39,0.00038351853672927524,0.7959183673469388,1.0995372744940932
tag=狮子 & theme=17,behavior=effective_view,39,0.00038351853672927524,0.7959183673469388,1.0995372744940932
tag=快影情感电台 & theme=28,behavior=effective_view,39,0.00038351853672927524,0.7959183673469388,1.0995372744940932
city_level=四线城市 & tag=快手创作者中心,behavior=effective_view,39,0.00038351853672927524,0.7959183673469388,1.0995372744940932
tag=千朵玫瑰带来的黎明 & tag=原神,behavior=effective_view,39,0.00038351853672927524,0.7959183673469388,1.0995372744940932
tag=程序员,behavior=effective_view,74,0.0007277018389222146,0.7956989247311828,1.0992341211236785
tag=野生动物,behavior=effective_view,74,0.0007277018389222146,0.7956989247311828,1.0992341211236785
city_level=四线城市 & tag=艾特你想艾特的人,behavior=effective_view,74,0.0007277018389222146,0.7956989247311828,1.0992341211236785
tag=国学智慧,behavior=effective_view,70,0.0006883666043858786,0.7954545454545454,1.0988965185066257
tag=机车,behavior=effective_view,70,0.0006883666043858786,0.7954545454545454,1.0988965185066257
tag=机车 & theme=18,behavior=effective_view,70,0.0006883666043858786,0.7954545454545454,1.0988965185066257
tag=爱国正能量,behavior=effective_view,35,0.0003441833021929393,0.7954545454545454,1.0988965185066257
tag=辣条,behavior=effective_view,35,0.0003441833021929393,0.7954545454545454,1.0988965185066257
tag=惊悚悬疑,behavior=effective_view,35,0.0003441833021929393,0.7954545454545454,1.0988965185066257
gender=F & tag=挑战,behavior=effective_view,35,0.0003441833021929393,0.7954545454545454,1.0988965185066257
tag=养猪 & theme=13,behavior=effective_view,35,0.0003441833021929393,0.7954545454545454,1.0988965185066257
city_level=三线城市 & tag=日常,behavior=effective_view,35,0.0003441833021929393,0.7954545454545454,1.0988965185066257
tag=快手光合作者助手 & theme=39,behavior=effective_view,35,0.0003441833021929393,0.7954545454545454,1.0988965185066257
city_level=二线城市 & tag=快手情侣日常,behavior=effective_view,35,0.0003441833021929393,0.7954545454545454,1.0988965185066257
tag=怀旧动画 & tag=搞笑视频,behavior=effective_view,35,0.0003441833021929393,0.7954545454545454,1.0988965185066257
tag=孩子教育 & tag=育儿,behavior=effective_view,35,0.0003441833021929393,0.7954545454545454,1.0988965185066257
tag=搞笑动物 & theme=9,behavior=effective_view,35,0.0003441833021929393,0.7954545454545454,1.0988965185066257
gender=F & tag=真实故事,behavior=effective_view,35,0.0003441833021929393,0.7954545454545454,1.0988965185066257
city_level=四线城市 & tag=科普,behavior=effective_view,101,0.000993214672042482,0.7952755905511811,1.0986492976925635
tag=快手好书单,behavior=effective_view,66,0.0006490313698495427,0.7951807228915663,1.0985182408754703
age_group=19-25 & tag=夏日暴击,behavior=effective_view,194,0.0019077588750122923,0.7950819672131147,1.0983818128773486
tag=奇闻趣事,behavior=effective_view,97,0.0009538794375061461,0.7950819672131147,1.0983818128773486
tag=内容过于真实 & tag=校园,behavior=effective_view,97,0.0009538794375061461,0.7950819672131147,1.0983818128773486
gender=F & tag=跑酷,behavior=effective_view,97,0.0009538794375061461,0.7950819672131147,1.0983818128773486
tag=社会百态,behavior=effective_view,128,0.0012587275051627496,0.7950310559006211,1.098311480431112
age_group=46-60 & tag=家庭婚姻情感,behavior=effective_view,93,0.0009145442029698102,0.7948717948717948,1.0980914661121153
city_level=五线城市 & tag=爸爸带娃,behavior=effective_view,62,0.0006096961353132068,0.7948717948717948,1.0980914661121153
city_level=五线城市 & tag=手艺人,behavior=effective_view,62,0.0006096961353132068,0.7948717948717948,1.0980914661121153
tag=是你附近的人,behavior=effective_view,31,0.0003048480676566034,0.7948717948717948,1.0980914661121153
tag=隐入尘烟,behavior=effective_view,31,0.0003048480676566034,0.7948717948717948,1.0980914661121153
tag=新疆,behavior=effective_view,31,0.0003048480676566034,0.7948717948717948,1.0980914661121153
tag=成龙,behavior=effective_view,31,0.0003048480676566034,0.7948717948717948,1.0980914661121153
city_level=五线城市 & tag=百亿剧好看计划,behavior=effective_view,31,0.0003048480676566034,0.7948717948717948,1.0980914661121153
age_group=60+ & tag=2022财是机会,behavior=effective_view,31,0.0003048480676566034,0.7948717948717948,1.0980914661121153
gender=M & tag=草原美食,behavior=effective_view,31,0.0003048480676566034,0.7948717948717948,1.0980914661121153
city_level=五线城市 & tag=沙雕,behavior=effective_view,31,0.0003048480676566034,0.7948717948717948,1.0980914661121153
age_group=60+ & tag=恋爱,behavior=effective_view,31,0.0003048480676566034,0.7948717948717948,1.0980914661121153
city_level=三线城市 & tag=我的世界,behavior=effective_view,31,0.0003048480676566034,0.7948717948717948,1.0980914661121153
city_level=三线城市 & theme=20,behavior=effective_view,612,0.006018290884059396,0.7948051948051948,1.0979994601241714
tag=加油季 & theme=9,behavior=effective_view,89,0.0008752089684334743,0.7946428571428571,1.0977751955285577
tag=武侠,behavior=effective_view,58,0.0005703609007768709,0.7945205479452054,1.0976062290524105
tag=记录海外生活,behavior=effective_view,58,0.0005703609007768709,0.7945205479452054,1.0976062290524105
tag=集合吧光合创作者 & theme=9,behavior=effective_view,85,0.0008358737338971384,0.794392523364486,1.0974293669465367
age_group=36-45 & theme=29,behavior=effective_view,112,0.0011013865670174059,0.7943262411347518,1.097337800040659
city_level=二线城市 & theme=28,behavior=effective_view,382,0.0037565148982200806,0.7941787941787942,1.0971341065078328
gender=F & tag=娱你星动计划第一期,behavior=effective_view,108,0.0010620513324810699,0.7941176470588235,1.0970496336015725
gender=M & tag=奇闻趣事,behavior=effective_view,81,0.0007965384993608024,0.7941176470588235,1.0970496336015725
tag=简笔画,behavior=effective_view,54,0.0005310256662405349,0.7941176470588235,1.0970496336015725
tag=2022光合创作者大会 & theme=17,behavior=effective_view,54,0.0005310256662405349,0.7941176470588235,1.0970496336015725
tag=电子厂 & tag=精选,behavior=effective_view,54,0.0005310256662405349,0.7941176470588235,1.0970496336015725
tag=婚礼现场,behavior=effective_view,27,0.00026551283312026746,0.7941176470588235,1.0970496336015725
tag=中国刑侦一号案,behavior=effective_view,27,0.00026551283312026746,0.7941176470588235,1.0970496336015725
tag=逗哥配音,behavior=effective_view,27,0.00026551283312026746,0.7941176470588235,1.0970496336015725
tag=韩剧,behavior=effective_view,27,0.00026551283312026746,0.7941176470588235,1.0970496336015725
tag=中俄边境,behavior=effective_view,27,0.00026551283312026746,0.7941176470588235,1.0970496336015725
gender=F & tag=新学期多点新本事,behavior=effective_view,27,0.00026551283312026746,0.7941176470588235,1.0970496336015725
tag=记录真实生活 & theme=11,behavior=effective_view,27,0.00026551283312026746,0.7941176470588235,1.0970496336015725
city_level=四线城市 & tag=小故事,behavior=effective_view,27,0.00026551283312026746,0.7941176470588235,1.0970496336015725
age_group=36-45 & tag=动画,behavior=effective_view,27,0.00026551283312026746,0.7941176470588235,1.0970496336015725
city_level=三线城市 & tag=动物,behavior=effective_view,27,0.00026551283312026746,0.7941176470588235,1.0970496336015725
gender=M & tag=结婚,behavior=effective_view,27,0.00026551283312026746,0.7941176470588235,1.0970496336015725
gender=M & tag=地震,behavior=effective_view,27,0.00026551283312026746,0.7941176470588235,1.0970496336015725
tag=纪录片 & theme=37,behavior=effective_view,27,0.00026551283312026746,0.7941176470588235,1.0970496336015725
tag=中国刑侦一号案 & theme=39,behavior=effective_view,27,0.00026551283312026746,0.7941176470588235,1.0970496336015725
age_group=26-35 & tag=机车,behavior=effective_view,27,0.00026551283312026746,0.7941176470588235,1.0970496336015725
city_level=二线城市 & tag=宝妈,behavior=effective_view,27,0.00026551283312026746,0.7941176470588235,1.0970496336015725
age_group=26-35 & tag=明星,behavior=effective_view,27,0.00026551283312026746,0.7941176470588235,1.0970496336015725
city_level=二线城市 & tag=健美比赛,behavior=effective_view,27,0.00026551283312026746,0.7941176470588235,1.0970496336015725
city_level=三线城市 & tag=寻找快手科普达人,behavior=effective_view,27,0.00026551283312026746,0.7941176470588235,1.0970496336015725
tag=中俄边境 & theme=10,behavior=effective_view,27,0.00026551283312026746,0.7941176470588235,1.0970496336015725
gender=F & tag=帮男友护肤,behavior=effective_view,27,0.00026551283312026746,0.7941176470588235,1.0970496336015725
tag=民间传统手艺 & theme=12,behavior=effective_view,27,0.00026551283312026746,0.7941176470588235,1.0970496336015725
gender=M & tag=荒野求生,behavior=effective_view,27,0.00026551283312026746,0.7941176470588235,1.0970496336015725
gender=M & tag=南北差异,behavior=effective_view,27,0.00026551283312026746,0.7941176470588235,1.0970496336015725
tag=人间真实在快手,behavior=effective_view,212,0.002084767430425804,0.7940074906367042,1.0968974558191338
gender=M & theme=20,behavior=effective_view,1086,0.010679516176615203,0.793859649122807,1.096693217216387
city_level=三线城市 & theme=21,behavior=effective_view,154,0.001514406529648933,0.7938144329896907,1.0966307524890864
tag=婆媳关系,behavior=effective_view,77,0.0007572032648244665,0.7938144329896907,1.0966307524890864
city_level=四线城市 & theme=6,behavior=effective_view,677,0.006657488445274855,0.7936694021101993,1.096430396693196
tag=千朵玫瑰带来的黎明,behavior=effective_view,50,0.000491690431704199,0.7936507936507936,1.0964046896664745
tag=人间奇趣记录仪 & theme=28,behavior=effective_view,50,0.000491690431704199,0.7936507936507936,1.0964046896664745
age_group=60+ & tag=寻找1000位科普达人,behavior=effective_view,50,0.000491690431704199,0.7936507936507936,1.0964046896664745
city_level=二线城市 & tag=快手小游戏,behavior=effective_view,50,0.000491690431704199,0.7936507936507936,1.0964046896664745
city_level=三线城市 & tag=萌娃,behavior=effective_view,50,0.000491690431704199,0.7936507936507936,1.0964046896664745
city_level=五线城市 & tag=快手光合计划,behavior=effective_view,50,0.000491690431704199,0.7936507936507936,1.0964046896664745
gender=M & tag=搞笑夫妻,behavior=effective_view,50,0.000491690431704199,0.7936507936507936,1.0964046896664745
city_level=五线城市 & tag=正能量短剧,behavior=effective_view,50,0.000491690431704199,0.7936507936507936,1.0964046896664745
gender=F & tag=小故事,behavior=effective_view,50,0.000491690431704199,0.7936507936507936,1.0964046896664745
city_level=新一线城市 & tag=王者荣耀,behavior=effective_view,50,0.000491690431704199,0.7936507936507936,1.0964046896664745
gender=M & tag=电子厂,behavior=effective_view,96,0.0009440456288720622,0.7933884297520661,1.09604224183518
age_group=26-35 & theme=20,behavior=effective_view,622,0.006116628970400236,0.7933673469387755,1.0960131165630225
age_group=36-45 & theme=35,behavior=effective_view,69,0.0006785327957517947,0.7931034482758621,1.0956485485011875
tag=内容过于真实 & theme=39,behavior=effective_view,69,0.0006785327957517947,0.7931034482758621,1.0956485485011875
gender=F & tag=超爆小故事,behavior=effective_view,69,0.0006785327957517947,0.7931034482758621,1.0956485485011875
age_group=36-45 & tag=涨知识,behavior=effective_view,69,0.0006785327957517947,0.7931034482758621,1.0956485485011875
tag=探店,behavior=effective_view,46,0.00045235519716786313,0.7931034482758621,1.0956485485011875
tag=红眼特效,behavior=effective_view,46,0.00045235519716786313,0.7931034482758621,1.0956485485011875
city_level=四线城市 & tag=历史,behavior=effective_view,46,0.00045235519716786313,0.7931034482758621,1.0956485485011875
tag=2022光合创作者大会 & tag=笑疯了老铁,behavior=effective_view,46,0.00045235519716786313,0.7931034482758621,1.0956485485011875
tag=我是爆款王 & theme=25,behavior=effective_view,46,0.00045235519716786313,0.7931034482758621,1.0956485485011875
tag=快手创作者服务中心 & theme=12,behavior=effective_view,46,0.00045235519716786313,0.7931034482758621,1.0956485485011875
tag=快手原创动漫,behavior=effective_view,23,0.00022617759858393157,0.7931034482758621,1.0956485485011875
tag=坑爹的娃娃,behavior=effective_view,23,0.00022617759858393157,0.7931034482758621,1.0956485485011875
tag=中国基建,behavior=effective_view,23,0.00022617759858393157,0.7931034482758621,1.0956485485011875
tag=新闻,behavior=effective_view,23,0.00022617759858393157,0.7931034482758621,1.0956485485011875
tag=经典音乐分享,behavior=effective_view,23,0.00022617759858393157,0.7931034482758621,1.0956485485011875
tag=下雪天的快乐,behavior=effective_view,23,0.00022617759858393157,0.7931034482758621,1.0956485485011875
tag=池兜多,behavior=effective_view,23,0.00022617759858393157,0.7931034482758621,1.0956485485011875
tag=CF14周年庆,behavior=effective_view,23,0.00022617759858393157,0.7931034482758621,1.0956485485011875
city_level=新一线城市 & tag=正能量专递,behavior=effective_view,23,0.00022617759858393157,0.7931034482758621,1.0956485485011875
tag=夫妻日常 & tag=情侣日常,behavior=effective_view,23,0.00022617759858393157,0.7931034482758621,1.0956485485011875
tag=学生党 & tag=校园,behavior=effective_view,23,0.00022617759858393157,0.7931034482758621,1.0956485485011875
tag=家有萌娃 & theme=9,behavior=effective_view,23,0.00022617759858393157,0.7931034482758621,1.0956485485011875
tag=剧情 & theme=6,behavior=effective_view,23,0.00022617759858393157,0.7931034482758621,1.0956485485011875
city_level=三线城市 & tag=无名健美健身,behavior=effective_view,23,0.00022617759858393157,0.7931034482758621,1.0956485485011875
city_level=三线城市 & tag=胖胖胖无名,behavior=effective_view,23,0.00022617759858393157,0.7931034482758621,1.0956485485011875
age_group=60+ & tag=关爱留守儿童,behavior=effective_view,23,0.00022617759858393157,0.7931034482758621,1.0956485485011875
tag=野外生存 & theme=10,behavior=effective_view,23,0.00022617759858393157,0.7931034482758621,1.0956485485011875
gender=F & tag=摆摊,behavior=effective_view,23,0.00022617759858393157,0.7931034482758621,1.0956485485011875
city_level=五线城市 & tag=夫妻情感问题,behavior=effective_view,23,0.00022617759858393157,0.7931034482758621,1.0956485485011875
city_level=二线城市 & theme=23,behavior=effective_view,23,0.00022617759858393157,0.7931034482758621,1.0956485485011875
age_group=26-35 & tag=家有萌娃,behavior=effective_view,23,0.00022617759858393157,0.7931034482758621,1.0956485485011875
tag=今日三农爆款 & theme=13,behavior=effective_view,23,0.00022617759858393157,0.7931034482758621,1.0956485485011875
tag=下雪天的快乐 & tag=世间万物皆有灵性,behavior=effective_view,23,0.00022617759858393157,0.7931034482758621,1.0956485485011875
tag=下雪天的快乐 & theme=39,behavior=effective_view,23,0.00022617759858393157,0.7931034482758621,1.0956485485011875
tag=世间万物皆有灵性 & theme=39,behavior=effective_view,23,0.00022617759858393157,0.7931034482758621,1.0956485485011875
gender=F & tag=教官,behavior=effective_view,23,0.00022617759858393157,0.7931034482758621,1.0956485485011875
tag=越南 & theme=11,behavior=effective_view,23,0.00022617759858393157,0.7931034482758621,1.0956485485011875
city_level=四线城市 & tag=怀旧经典影视,behavior=effective_view,23,0.00022617759858393157,0.7931034482758621,1.0956485485011875
gender=M & tag=餐饮创业,behavior=effective_view,23,0.00022617759858393157,0.7931034482758621,1.0956485485011875
age_group=60+ & tag=父母课堂,behavior=effective_view,23,0.00022617759858393157,0.7931034482758621,1.0956485485011875
city_level=三线城市 & tag=学生时代,behavior=effective_view,23,0.00022617759858393157,0.7931034482758621,1.0956485485011875
city_level=新一线城市 & tag=学生党,behavior=effective_view,23,0.00022617759858393157,0.7931034482758621,1.0956485485011875
tag=CF14周年庆 & theme=3,behavior=effective_view,23,0.00022617759858393157,0.7931034482758621,1.0956485485011875
tag=唱歌 & theme=2,behavior=effective_view,23,0.00022617759858393157,0.7931034482758621,1.0956485485011875
city_level=新一线城市 & tag=专治不开心,behavior=effective_view,23,0.00022617759858393157,0.7931034482758621,1.0956485485011875
age_group=26-35 & tag=健美比赛,behavior=effective_view,23,0.00022617759858393157,0.7931034482758621,1.0956485485011875
city_level=四线城市 & tag=小说推文,behavior=effective_view,23,0.00022617759858393157,0.7931034482758621,1.0956485485011875
age_group=46-60 & tag=原神,behavior=effective_view,23,0.00022617759858393157,0.7931034482758621,1.0956485485011875
age_group=19-25 & tag=汽车,behavior=effective_view,23,0.00022617759858393157,0.7931034482758621,1.0956485485011875
age_group=36-45 & theme=6,behavior=effective_view,502,0.004936571934310159,0.7930489731437599,1.0955732927454005
gender=M & tag=百亿剧好看计划,behavior=effective_view,84,0.0008260399252630544,0.7924528301886793,1.0947497391915064
gender=F & tag=快手短剧MCN影响力大赛,behavior=effective_view,42,0.0004130199626315272,0.7924528301886793,1.0947497391915064
gender=M & tag=高手在民间,behavior=effective_view,42,0.0004130199626315272,0.7924528301886793,1.0947497391915064
age_group=26-35 & tag=涨知识,behavior=effective_view,61,0.0005998623266791228,0.7922077922077922,1.094411226594354
age_group=26-35 & tag=捕娱计划,behavior=effective_view,61,0.0005998623266791228,0.7922077922077922,1.094411226594354
city_level=五线城市 & tag=打开弹幕看好剧,behavior=effective_view,61,0.0005998623266791228,0.7922077922077922,1.094411226594354
gender=M & theme=24,behavior=effective_view,259,0.002546956436227751,0.7920489296636085,1.0941917627699
tag=电子厂,behavior=effective_view,137,0.0013472317828695053,0.791907514450867,1.0939964019088257
tag=正能量短剧,behavior=effective_view,175,0.0017209165109646966,0.7918552036199095,1.093924136069944
age_group=60+ & theme=37,behavior=effective_view,114,0.0011210541842855738,0.7916666666666666,1.0936636779423086
age_group=46-60 & tag=学生党,behavior=effective_view,57,0.0005605270921427869,0.7916666666666666,1.0936636779423086
tag=搞笑视频 & tag=集结吧光合创作者,behavior=effective_view,57,0.0005605270921427869,0.7916666666666666,1.0936636779423086
tag=创作灵感 & theme=9,behavior=effective_view,57,0.0005605270921427869,0.7916666666666666,1.0936636779423086
age_group=46-60 & tag=夫妻,behavior=effective_view,57,0.0005605270921427869,0.7916666666666666,1.0936636779423086
city_level=二线城市 & tag=电子厂,behavior=effective_view,57,0.0005605270921427869,0.7916666666666666,1.0936636779423086
tag=正能量传递,behavior=effective_view,38,0.0003736847280951913,0.7916666666666666,1.0936636779423086
gender=M & tag=钓鱼技巧,behavior=effective_view,38,0.0003736847280951913,0.7916666666666666,1.0936636779423086
tag=快手弹幕 & theme=9,behavior=effective_view,38,0.0003736847280951913,0.7916666666666666,1.0936636779423086
tag=传递正能量 & tag=天生我有戏,behavior=effective_view,38,0.0003736847280951913,0.7916666666666666,1.0936636779423086
gender=M & tag=旧房改造,behavior=effective_view,38,0.0003736847280951913,0.7916666666666666,1.0936636779423086
city_level=三线城市 & tag=专治不开心,behavior=effective_view,38,0.0003736847280951913,0.7916666666666666,1.0936636779423086
city_level=三线城市 & tag=一人分饰多角,behavior=effective_view,38,0.0003736847280951913,0.7916666666666666,1.0936636779423086
city_level=新一线城市 & tag=光合计划,behavior=effective_view,38,0.0003736847280951913,0.7916666666666666,1.0936636779423086
gender=F & tag=暖心正能量,behavior=effective_view,38,0.0003736847280951913,0.7916666666666666,1.0936636779423086
age_group=36-45 & tag=校园,behavior=effective_view,38,0.0003736847280951913,0.7916666666666666,1.0936636779423086
gender=M & tag=千朵玫瑰带来的黎明,behavior=effective_view,38,0.0003736847280951913,0.7916666666666666,1.0936636779423086
age_group=19-25 & tag=沙雕,behavior=effective_view,38,0.0003736847280951913,0.7916666666666666,1.0936636779423086
tag=同城 & tag=精选,behavior=effective_view,38,0.0003736847280951913,0.7916666666666666,1.0936636779423086
city_level=三线城市 & tag=搞笑视频,behavior=effective_view,497,0.004887402891139738,0.7914012738853503,1.0932970458008595
city_level=二线城市 & tag=搞笑,behavior=effective_view,417,0.00410069820041302,0.7912713472485768,1.093117556061782
tag=快手创作者服务中心 & theme=39,behavior=effective_view,163,0.001602910807355689,0.7912621359223301,1.0931048308917504
tag=00后,behavior=effective_view,53,0.000521191857606451,0.7910447761194029,1.0928045548645846
age_group=36-45 & tag=爸爸带娃,behavior=effective_view,53,0.000521191857606451,0.7910447761194029,1.0928045548645846
age_group=26-35 & tag=校园,behavior=effective_view,53,0.000521191857606451,0.7910447761194029,1.0928045548645846
tag=程序员 & theme=14,behavior=effective_view,53,0.000521191857606451,0.7910447761194029,1.0928045548645846
tag=原创 & theme=9,behavior=effective_view,53,0.000521191857606451,0.7910447761194029,1.0928045548645846
theme=24,behavior=effective_view,363,0.003569672534172485,0.7908496732026143,1.092535026055887
tag=短剧有好货,behavior=effective_view,155,0.001524240338283017,0.7908163265306123,1.0924889586319517
tag=书语,behavior=effective_view,68,0.0006686989871177107,0.7906976744186046,1.0923250443095762
age_group=60+ & tag=快手粉条,behavior=effective_view,68,0.0006686989871177107,0.7906976744186046,1.0923250443095762
tag=斗罗大陆,behavior=effective_view,34,0.00033434949355885536,0.7906976744186046,1.0923250443095762
tag=开店 & theme=12,behavior=effective_view,34,0.00033434949355885536,0.7906976744186046,1.0923250443095762
city_level=新一线城市 & tag=人类幼崽有多可爱,behavior=effective_view,34,0.00033434949355885536,0.7906976744186046,1.0923250443095762
age_group=60+ & tag=亲子,behavior=effective_view,34,0.00033434949355885536,0.7906976744186046,1.0923250443095762
age_group=46-60 & tag=极限星计划,behavior=effective_view,34,0.00033434949355885536,0.7906976744186046,1.0923250443095762
gender=F & tag=集结吧光合作创作者,behavior=effective_view,34,0.00033434949355885536,0.7906976744186046,1.0923250443095762
tag=夏日暴击 & theme=15,behavior=effective_view,34,0.00033434949355885536,0.7906976744186046,1.0923250443095762
tag=星熠萌新计划 & theme=39,behavior=effective_view,34,0.00033434949355885536,0.7906976744186046,1.0923250443095762
age_group=26-35 & tag=夏日暴击,behavior=effective_view,234,0.0023011112203756515,0.7905405405405406,1.0921079685853494
gender=F & tag=萌娃,behavior=effective_view,117,0.0011505556101878258,0.7905405405405406,1.0921079685853494
tag=人类幼崽成长记,behavior=effective_view,83,0.0008162061166289704,0.7904761904761904,1.0920190709078088
tag=格斗,behavior=effective_view,49,0.00048185662307011505,0.7903225806451613,1.0918068635485185
tag=格斗 & theme=7,behavior=effective_view,49,0.00048185662307011505,0.7903225806451613,1.0918068635485185
city_level=五线城市 & tag=跑酷,behavior=effective_view,49,0.00048185662307011505,0.7903225806451613,1.0918068635485185
gender=M & tag=向我们伟大的边防战士致敬,behavior=effective_view,49,0.00048185662307011505,0.7903225806451613,1.0918068635485185
gender=M & tag=强军征途,behavior=effective_view,49,0.00048185662307011505,0.7903225806451613,1.0918068635485185
age_group=19-25 & tag=艾特你想艾特的人,behavior=effective_view,49,0.00048185662307011505,0.7903225806451613,1.0918068635485185
city_level=五线城市 & theme=6,behavior=effective_view,614,0.006037958501327564,0.7902187902187903,1.0916634801976468
tag=二次元 & theme=20,behavior=effective_view,192,0.0018880912577441244,0.7901234567901234,1.0915317799346236
tag=狗狗 & theme=17,behavior=effective_view,64,0.0006293637525813748,0.7901234567901234,1.0915317799346236
gender=F & tag=每日推文,behavior=effective_view,64,0.0006293637525813748,0.7901234567901234,1.0915317799346236
city_level=三线城市 & theme=35,behavior=effective_view,158,0.0015537417641852689,0.79,1.091361228094009
gender=M & tag=关爱女性健康,behavior=effective_view,79,0.0007768708820926344,0.79,1.091361228094009
city_level=三线城市 & tag=电影解说,behavior=effective_view,79,0.0007768708820926344,0.79,1.091361228094009
age_group=60+ & tag=影视剪辑,behavior=effective_view,139,0.0013668994001376734,0.7897727272727273,1.09104725766015
tag=捕娱计划 & theme=6,behavior=effective_view,184,0.0018094207886714525,0.7896995708154506,1.0909461942157745
tag=篮球新世代 & theme=7,behavior=effective_view,199,0.001956927918182712,0.7896825396825397,1.0909226662181424
tag=娱你星动计划第一期,behavior=effective_view,165,0.0016225784246238569,0.7894736842105263,1.0906341386682301
tag=正能量短剧 & theme=39,behavior=effective_view,150,0.001475071295112597,0.7894736842105263,1.0906341386682301
tag=父母课堂,behavior=effective_view,60,0.0005900285180450389,0.7894736842105263,1.0906341386682301
tag=同城热门,behavior=effective_view,60,0.0005900285180450389,0.7894736842105263,1.0906341386682301
tag=原创剪辑,behavior=effective_view,45,0.0004425213885337791,0.7894736842105263,1.0906341386682301
tag=vlog,behavior=effective_view,45,0.0004425213885337791,0.7894736842105263,1.0906341386682301
tag=女生宿舍,behavior=effective_view,45,0.0004425213885337791,0.7894736842105263,1.0906341386682301
tag=感动瞬间 & theme=39,behavior=effective_view,45,0.0004425213885337791,0.7894736842105263,1.0906341386682301
gender=M & tag=我要上热门感谢官方推送,behavior=effective_view,45,0.0004425213885337791,0.7894736842105263,1.0906341386682301
gender=M & tag=解压,behavior=effective_view,45,0.0004425213885337791,0.7894736842105263,1.0906341386682301
age_group=60+ & tag=跑酷,behavior=effective_view,45,0.0004425213885337791,0.7894736842105263,1.0906341386682301
age_group=60+ & tag=爱情,behavior=effective_view,45,0.0004425213885337791,0.7894736842105263,1.0906341386682301
city_level=五线城市 & tag=校园,behavior=effective_view,45,0.0004425213885337791,0.7894736842105263,1.0906341386682301
tag=熊孩子,behavior=effective_view,30,0.00029501425902251943,0.7894736842105263,1.0906341386682301
tag=健康饮食,behavior=effective_view,30,0.00029501425902251943,0.7894736842105263,1.0906341386682301
tag=夫妻那点事,behavior=effective_view,30,0.00029501425902251943,0.7894736842105263,1.0906341386682301
tag=姑嫂,behavior=effective_view,30,0.00029501425902251943,0.7894736842105263,1.0906341386682301
tag=可爱,behavior=effective_view,30,0.00029501425902251943,0.7894736842105263,1.0906341386682301
city_level=二线城市 & tag=我的观影报告,behavior=effective_view,30,0.00029501425902251943,0.7894736842105263,1.0906341386682301
tag=搞笑 & tag=配音,behavior=effective_view,30,0.00029501425902251943,0.7894736842105263,1.0906341386682301
tag=夏日暴击 & tag=快影达人,behavior=effective_view,30,0.00029501425902251943,0.7894736842105263,1.0906341386682301
tag=未解之谜 & theme=29,behavior=effective_view,30,0.00029501425902251943,0.7894736842105263,1.0906341386682301
city_level=二线城市 & tag=人间真实在快手,behavior=effective_view,30,0.00029501425902251943,0.7894736842105263,1.0906341386682301
city_level=三线城市 & tag=夫妻日常,behavior=effective_view,30,0.00029501425902251943,0.7894736842105263,1.0906341386682301
age_group=60+ & tag=故事,behavior=effective_view,30,0.00029501425902251943,0.7894736842105263,1.0906341386682301
tag=正能量 & theme=11,behavior=effective_view,30,0.00029501425902251943,0.7894736842105263,1.0906341386682301
tag=健康饮食 & theme=16,behavior=effective_view,30,0.00029501425902251943,0.7894736842105263,1.0906341386682301
gender=M & tag=山楂树下月满中秋,behavior=effective_view,30,0.00029501425902251943,0.7894736842105263,1.0906341386682301
city_level=四线城市 & tag=万万没想到,behavior=effective_view,30,0.00029501425902251943,0.7894736842105263,1.0906341386682301
tag=光合计划 & theme=9,behavior=effective_view,30,0.00029501425902251943,0.7894736842105263,1.0906341386682301
city_level=三线城市 & tag=农村搞笑段子,behavior=effective_view,30,0.00029501425902251943,0.7894736842105263,1.0906341386682301
age_group=26-35 & tag=红眼,behavior=effective_view,30,0.00029501425902251943,0.7894736842105263,1.0906341386682301
age_group=19-25 & tag=专治不开心,behavior=effective_view,30,0.00029501425902251943,0.7894736842105263,1.0906341386682301
age_group=36-45 & tag=娱你星动计划第一期,behavior=effective_view,30,0.00029501425902251943,0.7894736842105263,1.0906341386682301
city_level=五线城市 & tag=娱你星动计划第一期,behavior=effective_view,30,0.00029501425902251943,0.7894736842105263,1.0906341386682301
age_group=36-45 & theme=28,behavior=effective_view,442,0.004346543416265119,0.7892857142857143,1.090374463873309
age_group=60+ & tag=感谢快手官大大每次热门推送,behavior=effective_view,161,0.0015832431900875208,0.7892156862745098,1.0902777222830444
tag=搞笑 & theme=6,behavior=effective_view,101,0.000993214672042482,0.7890625,1.0900661000543403
tag=快手热点 & theme=9,behavior=effective_view,101,0.000993214672042482,0.7890625,1.0900661000543403
tag=快手有萌宠,behavior=effective_view,86,0.0008457075425312223,0.7889908256880734,1.089967084149167
tag=向我们伟大的边防战士致敬,behavior=effective_view,56,0.0005506932835087029,0.7887323943661971,1.089610069054457
tag=强军征途,behavior=effective_view,56,0.0005506932835087029,0.7887323943661971,1.089610069054457
city_level=四线城市 & tag=原创,behavior=effective_view,56,0.0005506932835087029,0.7887323943661971,1.089610069054457
tag=父母课堂 & theme=25,behavior=effective_view,56,0.0005506932835087029,0.7887323943661971,1.089610069054457
tag=向我们伟大的边防战士致敬 & tag=强军征途,behavior=effective_view,56,0.0005506932835087029,0.7887323943661971,1.089610069054457
tag=向我们伟大的边防战士致敬 & tag=视觉震撼,behavior=effective_view,56,0.0005506932835087029,0.7887323943661971,1.089610069054457
tag=向我们伟大的边防战士致敬 & theme=11,behavior=effective_view,56,0.0005506932835087029,0.7887323943661971,1.089610069054457
tag=强军征途 & tag=视觉震撼,behavior=effective_view,56,0.0005506932835087029,0.7887323943661971,1.089610069054457
tag=强军征途 & theme=11,behavior=effective_view,56,0.0005506932835087029,0.7887323943661971,1.089610069054457
city_level=二线城市 & theme=21,behavior=effective_view,97,0.0009538794375061461,0.7886178861788617,1.0894518794393213
gender=F & tag=学生党,behavior=effective_view,164,0.0016127446159897728,0.7884615384615384,1.0892358897725016
tag=户外美食,behavior=effective_view,41,0.0004031861539974432,0.7884615384615384,1.0892358897725016
age_group=60+ & tag=胖胖胖无名,behavior=effective_view,41,0.0004031861539974432,0.7884615384615384,1.0892358897725016
gender=F & tag=关爱老人,behavior=effective_view,41,0.0004031861539974432,0.7884615384615384,1.0892358897725016
gender=F & tag=电子厂,behavior=effective_view,41,0.0004031861539974432,0.7884615384615384,1.0892358897725016
tag=夏日暴击 & theme=9,behavior=effective_view,134,0.0013177303569672533,0.788235294117647,1.0889233400193388
tag=二次元,behavior=effective_view,249,0.002448618349886911,0.7879746835443038,1.088563314354303
gender=M & theme=35,behavior=effective_view,520,0.00511358048972367,0.7878787878787878,1.0884308373779912
tag=篮球新世代,behavior=effective_view,208,0.002045432195889468,0.7878787878787878,1.0884308373779912
gender=F & theme=24,behavior=effective_view,104,0.001022716097944734,0.7878787878787878,1.0884308373779912
tag=快手情侣日常 & theme=19,behavior=effective_view,78,0.0007670370734585505,0.7878787878787878,1.0884308373779912
age_group=19-25 & tag=暑期不断片,behavior=effective_view,78,0.0007670370734585505,0.7878787878787878,1.0884308373779912
gender=M & tag=作品推广,behavior=effective_view,52,0.000511358048972367,0.7878787878787878,1.0884308373779912
gender=M & tag=家庭共情,behavior=effective_view,52,0.000511358048972367,0.7878787878787878,1.0884308373779912
tag=这很科比,behavior=effective_view,26,0.0002556790244861835,0.7878787878787878,1.0884308373779912
tag=男人女人,behavior=effective_view,26,0.0002556790244861835,0.7878787878787878,1.0884308373779912
tag=好少年,behavior=effective_view,26,0.0002556790244861835,0.7878787878787878,1.0884308373779912
gender=M & tag=感谢快手同城热门,behavior=effective_view,26,0.0002556790244861835,0.7878787878787878,1.0884308373779912
age_group=26-35 & tag=程序员,behavior=effective_view,26,0.0002556790244861835,0.7878787878787878,1.0884308373779912
tag=90后带娃 & tag=萌娃,behavior=effective_view,26,0.0002556790244861835,0.7878787878787878,1.0884308373779912
tag=学生党 & tag=快手小游戏,behavior=effective_view,26,0.0002556790244861835,0.7878787878787878,1.0884308373779912
gender=F & tag=vlog,behavior=effective_view,26,0.0002556790244861835,0.7878787878787878,1.0884308373779912
tag=中国刑侦一号案 & tag=白宝山,behavior=effective_view,26,0.0002556790244861835,0.7878787878787878,1.0884308373779912
city_level=五线城市 & tag=手工DIY,behavior=effective_view,26,0.0002556790244861835,0.7878787878787878,1.0884308373779912
tag=2022财是机会 & tag=超级投资家2022,behavior=effective_view,26,0.0002556790244861835,0.7878787878787878,1.0884308373779912
tag=男人女人 & theme=19,behavior=effective_view,26,0.0002556790244861835,0.7878787878787878,1.0884308373779912
gender=M & tag=快看新车,behavior=effective_view,26,0.0002556790244861835,0.7878787878787878,1.0884308373779912
city_level=五线城市 & tag=记录真实生活,behavior=effective_view,26,0.0002556790244861835,0.7878787878787878,1.0884308373779912
gender=F & tag=故事,behavior=effective_view,26,0.0002556790244861835,0.7878787878787878,1.0884308373779912
city_level=三线城市 & tag=真人真事传递正能量,behavior=effective_view,26,0.0002556790244861835,0.7878787878787878,1.0884308373779912
gender=F & tag=孕妇,behavior=effective_view,26,0.0002556790244861835,0.7878787878787878,1.0884308373779912
tag=历史 & tag=在快手看世界,behavior=effective_view,26,0.0002556790244861835,0.7878787878787878,1.0884308373779912
tag=在快手看世界 & tag=科普,behavior=effective_view,26,0.0002556790244861835,0.7878787878787878,1.0884308373779912
tag=在快手看世界 & theme=21,behavior=effective_view,26,0.0002556790244861835,0.7878787878787878,1.0884308373779912
age_group=26-35 & tag=我的世界,behavior=effective_view,26,0.0002556790244861835,0.7878787878787878,1.0884308373779912
tag=快手放映室 & tag=经典影视,behavior=effective_view,26,0.0002556790244861835,0.7878787878787878,1.0884308373779912
city_level=二线城市 & tag=娱你星动计划第一期,behavior=effective_view,26,0.0002556790244861835,0.7878787878787878,1.0884308373779912
tag=好少年 & tag=感谢快手官大大每次热门推送,behavior=effective_view,26,0.0002556790244861835,0.7878787878787878,1.0884308373779912
age_group=19-25 & theme=25,behavior=effective_view,371,0.003648343003245157,0.7876857749469215,1.0881641958205739
tag=思维,behavior=effective_view,89,0.0008752089684334743,0.7876106194690266,1.088060370789367
age_group=46-60 & tag=游戏凡星计划,behavior=effective_view,63,0.0006195299439472907,0.7875,1.0879075533215594
tag=怀旧动画,behavior=effective_view,100,0.000983380863408398,0.7874015748031497,1.0877715818738254
gender=M & tag=财经,behavior=effective_view,74,0.0007277018389222146,0.7872340425531915,1.0875401411117245
tag=养猪,behavior=effective_view,37,0.0003638509194611073,0.7872340425531915,1.0875401411117245
tag=油切大肚茶,behavior=effective_view,37,0.0003638509194611073,0.7872340425531915,1.0875401411117245
tag=怀旧动画片,behavior=effective_view,37,0.0003638509194611073,0.7872340425531915,1.0875401411117245
tag=搞笑视频配音 & tag=搞笑配音,behavior=effective_view,37,0.0003638509194611073,0.7872340425531915,1.0875401411117245
age_group=46-60 & tag=记录农村美好生活,behavior=effective_view,37,0.0003638509194611073,0.7872340425531915,1.0875401411117245
city_level=三线城市 & tag=泪目,behavior=effective_view,37,0.0003638509194611073,0.7872340425531915,1.0875401411117245
age_group=60+ & tag=夫妻情感问题,behavior=effective_view,37,0.0003638509194611073,0.7872340425531915,1.0875401411117245
tag=人类幼崽成长计划 & tag=萌娃,behavior=effective_view,37,0.0003638509194611073,0.7872340425531915,1.0875401411117245
age_group=36-45 & tag=我妈给我一个大碧斗,behavior=effective_view,37,0.0003638509194611073,0.7872340425531915,1.0875401411117245
gender=F & tag=一定要看到最后,behavior=effective_view,37,0.0003638509194611073,0.7872340425531915,1.0875401411117245
city_level=二线城市 & theme=3,behavior=effective_view,573,0.005634772347330121,0.7870879120879121,1.0873382662711557
tag=实在人实在货实在价,behavior=effective_view,48,0.0004720228144360311,0.7868852459016393,1.0870582890332523
city_level=五线城市 & tag=宝妈,behavior=effective_view,48,0.0004720228144360311,0.7868852459016393,1.0870582890332523
age_group=26-35 & tag=测评,behavior=effective_view,48,0.0004720228144360311,0.7868852459016393,1.0870582890332523
tag=婆媳关系 & theme=39,behavior=effective_view,48,0.0004720228144360311,0.7868852459016393,1.0870582890332523
city_level=五线城市 & theme=29,behavior=effective_view,107,0.001052217523846986,0.7867647058823529,1.0868917666237803
gender=M & tag=快手小游戏,behavior=effective_view,166,0.0016324122332579407,0.7867298578199052,1.0868436250741225
tag=传播正能量,behavior=effective_view,59,0.0005801947094109549,0.7866666666666666,1.0867563283974098
age_group=60+ & tag=好运1号更静音的高端轮胎,behavior=effective_view,59,0.0005801947094109549,0.7866666666666666,1.0867563283974098
age_group=36-45 & theme=26,behavior=effective_view,59,0.0005801947094109549,0.7866666666666666,1.0867563283974098
tag=夏日暴击 & theme=20,behavior=effective_view,505,0.00496607336021241,0.7866043613707165,1.0866702555058845
theme=35,behavior=effective_view,560,0.005506932835087029,0.7865168539325843,1.086549366613293
age_group=46-60 & theme=14,behavior=effective_view,81,0.0007965384993608024,0.7864077669902912,1.0863986662850524
gender=M & tag=在快手看海外,behavior=effective_view,81,0.0007965384993608024,0.7864077669902912,1.0863986662850524
city_level=二线城市 & theme=9,behavior=effective_view,1365,0.013423148785524634,0.7862903225806451,1.0862364203671484
tag=快手小游戏,behavior=effective_view,261,0.002566624053495919,0.786144578313253,1.0860350790473399
age_group=19-25 & theme=20,behavior=effective_view,528,0.005192250958796342,0.7857142857142857,1.08544064276981
tag=迷你世界 & theme=3,behavior=effective_view,209,0.002055266004523552,0.7857142857142857,1.08544064276981
tag=快手粉条热点助我上热门,behavior=effective_view,99,0.000973547054774314,0.7857142857142857,1.08544064276981
tag=冷知识,behavior=effective_view,66,0.0006490313698495427,0.7857142857142857,1.08544064276981
tag=人类幼崽成长记 & theme=25,behavior=effective_view,66,0.0006490313698495427,0.7857142857142857,1.08544064276981
tag=配音,behavior=effective_view,55,0.000540859474874619,0.7857142857142857,1.08544064276981
gender=M & tag=国学智慧,behavior=effective_view,44,0.00043268757989969517,0.7857142857142857,1.08544064276981
gender=M & tag=冷知识,behavior=effective_view,44,0.00043268757989969517,0.7857142857142857,1.08544064276981
gender=M & tag=原创精彩短剧,behavior=effective_view,44,0.00043268757989969517,0.7857142857142857,1.08544064276981
city_level=三线城市 & tag=亲子,behavior=effective_view,44,0.00043268757989969517,0.7857142857142857,1.08544064276981
gender=M & tag=舞蹈,behavior=effective_view,44,0.00043268757989969517,0.7857142857142857,1.08544064276981
age_group=60+ & tag=专治各种不开心,behavior=effective_view,44,0.00043268757989969517,0.7857142857142857,1.08544064276981
tag=千朵玫瑰带来的黎明 & theme=3,behavior=effective_view,44,0.00043268757989969517,0.7857142857142857,1.08544064276981
tag=装修设计,behavior=effective_view,33,0.00032451568492477135,0.7857142857142857,1.08544064276981
tag=水果篮子,behavior=effective_view,33,0.00032451568492477135,0.7857142857142857,1.08544064276981
tag=传递正能量 & tag=追剧一夏,behavior=effective_view,33,0.00032451568492477135,0.7857142857142857,1.08544064276981
tag=2022光合创作者大会 & tag=快手小剧场,behavior=effective_view,33,0.00032451568492477135,0.7857142857142857,1.08544064276981
age_group=60+ & tag=游戏,behavior=effective_view,33,0.00032451568492477135,0.7857142857142857,1.08544064276981
gender=M & tag=可爱的学生,behavior=effective_view,33,0.00032451568492477135,0.7857142857142857,1.08544064276981
tag=遵守交通规则 & theme=28,behavior=effective_view,33,0.00032451568492477135,0.7857142857142857,1.08544064276981
city_level=五线城市 & tag=好运1号更静音的高端轮胎,behavior=effective_view,33,0.00032451568492477135,0.7857142857142857,1.08544064276981
age_group=46-60 & tag=快手创作者中心,behavior=effective_view,33,0.00032451568492477135,0.7857142857142857,1.08544064276981
age_group=46-60 & tag=游戏,behavior=effective_view,33,0.00032451568492477135,0.7857142857142857,1.08544064276981
tag=加油季 & tag=水果篮子,behavior=effective_view,33,0.00032451568492477135,0.7857142857142857,1.08544064276981
tag=手艺人 & tag=水果篮子,behavior=effective_view,33,0.00032451568492477135,0.7857142857142857,1.08544064276981
tag=水果篮子 & theme=15,behavior=effective_view,33,0.00032451568492477135,0.7857142857142857,1.08544064276981
age_group=19-25 & tag=爸爸带娃,behavior=effective_view,33,0.00032451568492477135,0.7857142857142857,1.08544064276981
tag=模仿,behavior=effective_view,22,0.00021634378994984759,0.7857142857142857,1.08544064276981
tag=宝妈日常,behavior=effective_view,22,0.00021634378994984759,0.7857142857142857,1.08544064276981
tag=奇葩,behavior=effective_view,22,0.00021634378994984759,0.7857142857142857,1.08544064276981
tag=脑梗,behavior=effective_view,22,0.00021634378994984759,0.7857142857142857,1.08544064276981
tag=工地,behavior=effective_view,22,0.00021634378994984759,0.7857142857142857,1.08544064276981
tag=猫,behavior=effective_view,22,0.00021634378994984759,0.7857142857142857,1.08544064276981
gender=M & tag=谍战,behavior=effective_view,22,0.00021634378994984759,0.7857142857142857,1.08544064276981
city_level=五线城市 & tag=主播说新闻,behavior=effective_view,22,0.00021634378994984759,0.7857142857142857,1.08544064276981
tag=情感 & theme=20,behavior=effective_view,22,0.00021634378994984759,0.7857142857142857,1.08544064276981
tag=人类幼崽成长计划 & theme=6,behavior=effective_view,22,0.00021634378994984759,0.7857142857142857,1.08544064276981
gender=M & tag=快招工,behavior=effective_view,22,0.00021634378994984759,0.7857142857142857,1.08544064276981
age_group=60+ & tag=热门用快影,behavior=effective_view,22,0.00021634378994984759,0.7857142857142857,1.08544064276981
age_group=46-60 & tag=实在人实在货实在价,behavior=effective_view,22,0.00021634378994984759,0.7857142857142857,1.08544064276981
gender=M & tag=赶海,behavior=effective_view,22,0.00021634378994984759,0.7857142857142857,1.08544064276981
tag=对口型 & tag=快手涨粉,behavior=effective_view,22,0.00021634378994984759,0.7857142857142857,1.08544064276981
tag=对口型 & tag=集合吧快手光合创作者,behavior=effective_view,22,0.00021634378994984759,0.7857142857142857,1.08544064276981
tag=对口型 & theme=11,behavior=effective_view,22,0.00021634378994984759,0.7857142857142857,1.08544064276981
tag=快手涨粉 & tag=集合吧快手光合创作者,behavior=effective_view,22,0.00021634378994984759,0.7857142857142857,1.08544064276981
tag=集合吧快手光合创作者 & theme=11,behavior=effective_view,22,0.00021634378994984759,0.7857142857142857,1.08544064276981
gender=F & tag=今日份的自拍,behavior=effective_view,22,0.00021634378994984759,0.7857142857142857,1.08544064276981
tag=新光合计划 & tag=爱音乐爱快手,behavior=effective_view,22,0.00021634378994984759,0.7857142857142857,1.08544064276981
gender=F & tag=科比,behavior=effective_view,22,0.00021634378994984759,0.7857142857142857,1.08544064276981
tag=快手创作者中心 & tag=快手热点,behavior=effective_view,22,0.00021634378994984759,0.7857142857142857,1.08544064276981
gender=M & tag=赵丽颖,behavior=effective_view,22,0.00021634378994984759,0.7857142857142857,1.08544064276981
tag=加油季 & theme=25,behavior=effective_view,22,0.00021634378994984759,0.7857142857142857,1.08544064276981
gender=M & tag=恐怖游戏,behavior=effective_view,22,0.00021634378994984759,0.7857142857142857,1.08544064276981
gender=M & tag=仓鼠,behavior=effective_view,22,0.00021634378994984759,0.7857142857142857,1.08544064276981
gender=M & tag=金丝熊,behavior=effective_view,22,0.00021634378994984759,0.7857142857142857,1.08544064276981
gender=M & tag=汽车知识分享,behavior=effective_view,22,0.00021634378994984759,0.7857142857142857,1.08544064276981
tag=脑梗 & theme=16,behavior=effective_view,22,0.00021634378994984759,0.7857142857142857,1.08544064276981
gender=M & tag=沉浸式护肤,behavior=effective_view,22,0.00021634378994984759,0.7857142857142857,1.08544064276981
tag=原神 & tag=游戏,behavior=effective_view,22,0.00021634378994984759,0.7857142857142857,1.08544064276981
gender=F & tag=冷知识,behavior=effective_view,22,0.00021634378994984759,0.7857142857142857,1.08544064276981
gender=M & tag=快手人间剧场,behavior=effective_view,22,0.00021634378994984759,0.7857142857142857,1.08544064276981
gender=F & tag=才艺,behavior=effective_view,22,0.00021634378994984759,0.7857142857142857,1.08544064276981
gender=F & tag=小思搞笑配音,behavior=effective_view,22,0.00021634378994984759,0.7857142857142857,1.08544064276981
theme=20,behavior=effective_view,2086,0.020513324810699184,0.7853915662650602,1.0849948155616624
tag=爸爸带娃,behavior=effective_view,256,0.002517455010325499,0.7852760736196319,1.0848352659472948
gender=F & tag=快手小游戏,behavior=effective_view,95,0.0009342118202379781,0.7851239669421488,1.084625135149397
tag=和平精英 & tag=游戏凡星计划,behavior=effective_view,73,0.0007178680302881306,0.7849462365591398,1.0843796059733586
tag=农村生活 & theme=13,behavior=effective_view,73,0.0007178680302881306,0.7849462365591398,1.0843796059733586
gender=F & theme=6,behavior=effective_view,1379,0.01356082210640181,0.7848605577689243,1.084261243302838
city_level=二线城市 & tag=涨知识,behavior=effective_view,62,0.0006096961353132068,0.7848101265822784,1.0841915741360126
city_level=五线城市 & tag=亲子,behavior=effective_view,51,0.0005015242403382831,0.7846153846153846,1.0839225439687332
tag=在快手看海外,behavior=effective_view,120,0.0011800570360900777,0.7843137254901961,1.0835058109645161
tag=街头美食,behavior=effective_view,40,0.00039335234536335925,0.7843137254901961,1.0835058109645161
tag=搞笑动物,behavior=effective_view,40,0.00039335234536335925,0.7843137254901961,1.0835058109645161
city_level=新一线城市 & tag=快影达人,behavior=effective_view,40,0.00039335234536335925,0.7843137254901961,1.0835058109645161
age_group=60+ & tag=无名健美健身,behavior=effective_view,40,0.00039335234536335925,0.7843137254901961,1.0835058109645161
gender=M & tag=王者荣耀热门,behavior=effective_view,40,0.00039335234536335925,0.7843137254901961,1.0835058109645161
tag=街头美食 & theme=12,behavior=effective_view,40,0.00039335234536335925,0.7843137254901961,1.0835058109645161
city_level=三线城市 & tag=好运1号更静音的高端轮胎,behavior=effective_view,40,0.00039335234536335925,0.7843137254901961,1.0835058109645161
tag=小说推荐,behavior=effective_view,109,0.001071885141115154,0.7841726618705036,1.0833109358186592
tag=挑战,behavior=effective_view,69,0.0006785327957517947,0.7840909090909091,1.083197996813674
tag=动物世界精彩集锦,behavior=effective_view,69,0.0006785327957517947,0.7840909090909091,1.083197996813674
city_level=三线城市 & tag=捕娱计划,behavior=effective_view,69,0.0006785327957517947,0.7840909090909091,1.083197996813674
age_group=60+ & theme=29,behavior=effective_view,98,0.0009637132461402301,0.784,1.0830724086401304
tag=学生时代,behavior=effective_view,87,0.0008555413511653063,0.7837837837837838,1.082773712443594
age_group=26-35 & tag=亲子,behavior=effective_view,58,0.0005703609007768709,0.7837837837837838,1.082773712443594
tag=思维 & theme=22,behavior=effective_view,58,0.0005703609007768709,0.7837837837837838,1.082773712443594
tag=导游带你游中国 & theme=10,behavior=effective_view,58,0.0005703609007768709,0.7837837837837838,1.082773712443594
city_level=四线城市 & tag=爸爸带娃,behavior=effective_view,58,0.0005703609007768709,0.7837837837837838,1.082773712443594
tag=人民五菱在西南,behavior=effective_view,29,0.0002851804503884354,0.7837837837837838,1.082773712443594
tag=地窝窝,behavior=effective_view,29,0.0002851804503884354,0.7837837837837838,1.082773712443594
tag=卡车司机,behavior=effective_view,29,0.0002851804503884354,0.7837837837837838,1.082773712443594
tag=新光合计划 & theme=6,behavior=effective_view,29,0.0002851804503884354,0.7837837837837838,1.082773712443594
gender=F & tag=夸克,behavior=effective_view,29,0.0002851804503884354,0.7837837837837838,1.082773712443594
age_group=46-60 & tag=夫妻日常,behavior=effective_view,29,0.0002851804503884354,0.7837837837837838,1.082773712443594
tag=追剧一夏 & theme=25,behavior=effective_view,29,0.0002851804503884354,0.7837837837837838,1.082773712443594
tag=教育 & theme=14,behavior=effective_view,29,0.0002851804503884354,0.7837837837837838,1.082773712443594
tag=农村搞笑 & theme=9,behavior=effective_view,29,0.0002851804503884354,0.7837837837837838,1.082773712443594
tag=笑点不打烊计划 & theme=39,behavior=effective_view,29,0.0002851804503884354,0.7837837837837838,1.082773712443594
tag=新农人计划2022 & theme=13,behavior=effective_view,29,0.0002851804503884354,0.7837837837837838,1.082773712443594
tag=地窝窝 & theme=13,behavior=effective_view,29,0.0002851804503884354,0.7837837837837838,1.082773712443594
tag=人性 & tag=人生感悟,behavior=effective_view,29,0.0002851804503884354,0.7837837837837838,1.082773712443594
tag=家庭 & theme=25,behavior=effective_view,29,0.0002851804503884354,0.7837837837837838,1.082773712443594
tag=恐怖游戏 & theme=3,behavior=effective_view,29,0.0002851804503884354,0.7837837837837838,1.082773712443594
gender=M & tag=卡车司机,behavior=effective_view,29,0.0002851804503884354,0.7837837837837838,1.082773712443594
age_group=36-45 & tag=爆笑夏令营,behavior=effective_view,29,0.0002851804503884354,0.7837837837837838,1.082773712443594
gender=M & tag=日常,behavior=effective_view,105,0.0010325499065788179,0.7835820895522388,1.0824950779319
gender=M & tag=我妈给我一个大碧斗,behavior=effective_view,105,0.0010325499065788179,0.7835820895522388,1.0824950779319
city_level=五线城市 & theme=20,behavior=effective_view,470,0.004621890058019471,0.7833333333333333,1.0821514287008105
age_group=26-35 & tag=快手情侣日常,behavior=effective_view,94,0.0009243780116038942,0.7833333333333333,1.0821514287008105
tag=日本,behavior=effective_view,47,0.0004621890058019471,0.7833333333333333,1.0821514287008105
city_level=四线城市 & tag=Vlog日常,behavior=effective_view,47,0.0004621890058019471,0.7833333333333333,1.0821514287008105
tag=主播说新闻 & theme=28,behavior=effective_view,47,0.0004621890058019471,0.7833333333333333,1.0821514287008105
city_level=四线城市 & tag=日常,behavior=effective_view,47,0.0004621890058019471,0.7833333333333333,1.0821514287008105
age_group=26-35 & tag=电子厂,behavior=effective_view,47,0.0004621890058019471,0.7833333333333333,1.0821514287008105
age_group=36-45 & theme=17,behavior=effective_view,336,0.0033041597010522177,0.7832167832167832,1.0819904182219084
tag=我妈给我一个大碧斗 & theme=9,behavior=effective_view,112,0.0011013865670174059,0.7832167832167832,1.0819904182219084
age_group=26-35 & tag=笑点不打烊计划,behavior=effective_view,83,0.0008162061166289704,0.7830188679245284,1.0817170042011315
city_level=四线城市 & tag=情侣日常,behavior=effective_view,101,0.000993214672042482,0.7829457364341085,1.0816159752477175
tag=天生我有戏 & theme=9,behavior=effective_view,357,0.0035106696823679812,0.7828947368421053,1.081545520845995
tag=恋爱,behavior=effective_view,137,0.0013472317828695053,0.7828571428571428,1.0814935858870105
tag=记录生活 & theme=25,behavior=effective_view,137,0.0013472317828695053,0.7828571428571428,1.0814935858870105
city_level=五线城市 & tag=人类幼崽成长计划,behavior=effective_view,54,0.0005310256662405349,0.782608695652174,1.081150363549376
tag=武侠 & theme=39,behavior=effective_view,54,0.0005310256662405349,0.782608695652174,1.081150363549376
gender=F & tag=乡村美食,behavior=effective_view,54,0.0005310256662405349,0.782608695652174,1.081150363549376
tag=90后带娃,behavior=effective_view,36,0.0003540171108270233,0.782608695652174,1.081150363549376
tag=零基础学舞蹈,behavior=effective_view,36,0.0003540171108270233,0.782608695652174,1.081150363549376
tag=发个弹幕快乐一夏,behavior=effective_view,36,0.0003540171108270233,0.782608695652174,1.081150363549376
tag=夏日暴击 & tag=快手漫动力,behavior=effective_view,36,0.0003540171108270233,0.782608695652174,1.081150363549376
tag=小故事 & theme=12,behavior=effective_view,36,0.0003540171108270233,0.782608695652174,1.081150363549376
tag=搞笑视频 & tag=记录生活,behavior=effective_view,36,0.0003540171108270233,0.782608695652174,1.081150363549376
tag=搞笑配音 & tag=记录生活,behavior=effective_view,36,0.0003540171108270233,0.782608695652174,1.081150363549376
city_level=二线城市 & tag=Vlog日常,behavior=effective_view,36,0.0003540171108270233,0.782608695652174,1.081150363549376
gender=F & tag=快手娱乐星熠计划,behavior=effective_view,36,0.0003540171108270233,0.782608695652174,1.081150363549376
gender=M & tag=老人,behavior=effective_view,36,0.0003540171108270233,0.782608695652174,1.081150363549376
age_group=60+ & tag=校园,behavior=effective_view,36,0.0003540171108270233,0.782608695652174,1.081150363549376
tag=零基础学舞蹈 & theme=1,behavior=effective_view,36,0.0003540171108270233,0.782608695652174,1.081150363549376
gender=M & tag=游戏解说,behavior=effective_view,36,0.0003540171108270233,0.782608695652174,1.081150363549376
city_level=四线城市 & theme=35,behavior=effective_view,140,0.0013767332087717573,0.7821229050279329,1.0804792584199225
gender=M & tag=思维,behavior=effective_view,61,0.0005998623266791228,0.782051282051282,1.0803803134328878
city_level=五线城市 & tag=萌娃,behavior=effective_view,61,0.0005998623266791228,0.782051282051282,1.0803803134328878
city_level=三线城市 & tag=新光合计划,behavior=effective_view,165,0.0016225784246238569,0.7819905213270142,1.080296374320664
gender=M & tag=捕娱计划,behavior=effective_view,104,0.001022716097944734,0.7819548872180451,1.0802471468713897
gender=F & tag=搞笑,behavior=effective_view,1022,0.010050152424033829,0.7819433817903596,1.0802312524692523
tag=迷你世界,behavior=effective_view,215,0.0021142688563280557,0.7818181818181819,1.0800582924750837
city_level=三线城市 & tag=影视剪辑,behavior=effective_view,129,0.0012685613137968334,0.7818181818181819,1.0800582924750837
tag=小故事,behavior=effective_view,86,0.0008457075425312223,0.7818181818181819,1.0800582924750837
age_group=46-60 & tag=人类幼崽成长计划,behavior=effective_view,43,0.00042285377126561116,0.7818181818181819,1.0800582924750837
city_level=二线城市 & tag=笑点不打烊计划,behavior=effective_view,43,0.00042285377126561116,0.7818181818181819,1.0800582924750837
gender=M & tag=在快手看世界,behavior=effective_view,111,0.0010915527583833218,0.7816901408450704,1.0798814077236136
tag=怀旧动画 & tag=搞笑配音,behavior=effective_view,68,0.0006686989871177107,0.7816091954022989,1.0797695840301558
gender=M & tag=结局很解气,behavior=effective_view,68,0.0006686989871177107,0.7816091954022989,1.0797695840301558
city_level=三线城市 & tag=和平精英,behavior=effective_view,93,0.0009145442029698102,0.7815126050420168,1.0796361473539287
city_level=三线城市 & tag=游戏凡星计划,behavior=effective_view,118,0.0011603894188219098,0.7814569536423841,1.0795592666199434
tag=在快手看海外 & theme=11,behavior=effective_view,118,0.0011603894188219098,0.7814569536423841,1.0795592666199434
tag=测评,behavior=effective_view,150,0.001475071295112597,0.78125,1.079273366390436
city_level=一线城市 & tag=搞笑,behavior=effective_view,100,0.000983380863408398,0.78125,1.079273366390436
tag=小猪佩奇,behavior=effective_view,50,0.000491690431704199,0.78125,1.079273366390436
tag=原创精彩短剧,behavior=effective_view,50,0.000491690431704199,0.78125,1.079273366390436
gender=F & tag=夫妻日常,behavior=effective_view,50,0.000491690431704199,0.78125,1.079273366390436
tag=小故事 & tag=超爆小故事,behavior=effective_view,50,0.000491690431704199,0.78125,1.079273366390436
gender=M & tag=人间奇趣记录仪,behavior=effective_view,50,0.000491690431704199,0.78125,1.079273366390436
age_group=26-35 & tag=人类幼崽成长计划,behavior=effective_view,50,0.000491690431704199,0.78125,1.079273366390436
age_group=60+ & tag=快手放映厅,behavior=effective_view,50,0.000491690431704199,0.78125,1.079273366390436
tag=变瘦变美变好看,behavior=effective_view,25,0.0002458452158520995,0.78125,1.079273366390436
tag=野外生存,behavior=effective_view,25,0.0002458452158520995,0.78125,1.079273366390436
tag=精彩片段剪辑,behavior=effective_view,25,0.0002458452158520995,0.78125,1.079273366390436
tag=糖尿病,behavior=effective_view,25,0.0002458452158520995,0.78125,1.079273366390436
tag=越南,behavior=effective_view,25,0.0002458452158520995,0.78125,1.079273366390436
tag=2020光合创作者大会,behavior=effective_view,25,0.0002458452158520995,0.78125,1.079273366390436
tag=我是光合创作人,behavior=effective_view,25,0.0002458452158520995,0.78125,1.079273366390436
tag=口播,behavior=effective_view,25,0.0002458452158520995,0.78125,1.079273366390436
tag=立体画,behavior=effective_view,25,0.0002458452158520995,0.78125,1.079273366390436
tag=光遇,behavior=effective_view,25,0.0002458452158520995,0.78125,1.079273366390436
tag=儿童玩具 & theme=25,behavior=effective_view,25,0.0002458452158520995,0.78125,1.079273366390436
tag=原创剪辑 & tag=因为一个片段看了整部剧,behavior=effective_view,25,0.0002458452158520995,0.78125,1.079273366390436
tag=原创剪辑 & tag=精彩片段剪辑,behavior=effective_view,25,0.0002458452158520995,0.78125,1.079273366390436
tag=因为一个片段看了整部剧 & tag=精彩片段剪辑,behavior=effective_view,25,0.0002458452158520995,0.78125,1.079273366390436
tag=精彩片段剪辑 & theme=39,behavior=effective_view,25,0.0002458452158520995,0.78125,1.079273366390436
city_level=新一线城市 & tag=俄罗斯,behavior=effective_view,25,0.0002458452158520995,0.78125,1.079273366390436
gender=M & tag=中俄边境,behavior=effective_view,25,0.0002458452158520995,0.78125,1.079273366390436
city_level=四线城市 & tag=感谢官方快手绿色平台的支持,behavior=effective_view,25,0.0002458452158520995,0.78125,1.079273366390436
tag=立体画 & theme=15,behavior=effective_view,25,0.0002458452158520995,0.78125,1.079273366390436
age_group=19-25 & tag=每日推文,behavior=effective_view,25,0.0002458452158520995,0.78125,1.079273366390436
city_level=三线城市 & tag=孩子教育,behavior=effective_view,25,0.0002458452158520995,0.78125,1.079273366390436
gender=M & tag=爆笑夏令营,behavior=effective_view,82,0.0008063723079948864,0.780952380952381,1.0788622146318112
tag=快手有萌宠 & theme=17,behavior=effective_view,82,0.0008063723079948864,0.780952380952381,1.0788622146318112
tag=2022新光合计划,behavior=effective_view,57,0.0005605270921427869,0.7808219178082192,1.0786819837239208
tag=地铁逃生,behavior=effective_view,57,0.0005605270921427869,0.7808219178082192,1.0786819837239208
tag=测评 & theme=12,behavior=effective_view,57,0.0005605270921427869,0.7808219178082192,1.0786819837239208
city_level=五线城市 & tag=篮球新世代,behavior=effective_view,57,0.0005605270921427869,0.7808219178082192,1.0786819837239208
tag=情侣 & theme=9,behavior=effective_view,57,0.0005605270921427869,0.7808219178082192,1.0786819837239208
tag=地铁逃生 & theme=3,behavior=effective_view,57,0.0005605270921427869,0.7808219178082192,1.0786819837239208
gender=M & tag=娱你星动计划第一期,behavior=effective_view,57,0.0005605270921427869,0.7808219178082192,1.0786819837239208
tag=fyp & tag=内容过于真实,behavior=effective_view,89,0.0008752089684334743,0.7807017543859649,1.0785159815719163
city_level=三线城市 & tag=快影达人,behavior=effective_view,89,0.0008752089684334743,0.7807017543859649,1.0785159815719163
tag=影视解说 & tag=快手放映室,behavior=effective_view,64,0.0006293637525813748,0.7804878048780488,1.0782204167646894
tag=火焰蓝守护平安,behavior=effective_view,32,0.0003146818762906874,0.7804878048780488,1.0782204167646894
tag=快手热点 & tag=搞笑视频,behavior=effective_view,32,0.0003146818762906874,0.7804878048780488,1.0782204167646894
tag=2022财是机会 & tag=快手新知播,behavior=effective_view,32,0.0003146818762906874,0.7804878048780488,1.0782204167646894
tag=2022财是机会 & tag=财经,behavior=effective_view,32,0.0003146818762906874,0.7804878048780488,1.0782204167646894
tag=快手新知播 & tag=财经,behavior=effective_view,32,0.0003146818762906874,0.7804878048780488,1.0782204167646894
tag=传递正能量 & tag=遵守交通规则,behavior=effective_view,32,0.0003146818762906874,0.7804878048780488,1.0782204167646894
tag=火焰蓝守护平安 & theme=28,behavior=effective_view,32,0.0003146818762906874,0.7804878048780488,1.0782204167646894
age_group=46-60 & tag=防身术,behavior=effective_view,32,0.0003146818762906874,0.7804878048780488,1.0782204167646894
gender=M & tag=感谢聆听,behavior=effective_view,32,0.0003146818762906874,0.7804878048780488,1.0782204167646894
city_level=二线城市 & tag=育儿,behavior=effective_view,32,0.0003146818762906874,0.7804878048780488,1.0782204167646894
age_group=46-60 & tag=导游带你游中国,behavior=effective_view,32,0.0003146818762906874,0.7804878048780488,1.0782204167646894
tag=情感 & tag=记录生活,behavior=effective_view,32,0.0003146818762906874,0.7804878048780488,1.0782204167646894
gender=M & tag=恶作剧,behavior=effective_view,32,0.0003146818762906874,0.7804878048780488,1.0782204167646894
age_group=26-35 & tag=萌宠,behavior=effective_view,32,0.0003146818762906874,0.7804878048780488,1.0782204167646894
tag=快手娱乐星熠计划第七期 & theme=6,behavior=effective_view,32,0.0003146818762906874,0.7804878048780488,1.0782204167646894
tag=亲子 & tag=爸爸带娃,behavior=effective_view,32,0.0003146818762906874,0.7804878048780488,1.0782204167646894
age_group=19-25 & theme=6,behavior=effective_view,661,0.0065001475071295115,0.7804014167650531,1.0781010741860924
gender=F & tag=搞笑配音,behavior=effective_view,348,0.003422165404661225,0.7802690582959642,1.0779182249438473
tag=快影达人,behavior=effective_view,355,0.003491002065099813,0.7802197802197802,1.0778501487644268
tag=内容过于真实 & theme=9,behavior=effective_view,284,0.0027928016520798503,0.7802197802197802,1.0778501487644268
city_level=新一线城市 & theme=35,behavior=effective_view,71,0.0006982004130199626,0.7802197802197802,1.0778501487644268
gender=M & tag=大实话,behavior=effective_view,71,0.0006982004130199626,0.7802197802197802,1.0778501487644268
age_group=46-60 & tag=涨知识,behavior=effective_view,110,0.001081718949749238,0.7801418439716312,1.0777424821827901
tag=关爱女性健康 & theme=16,behavior=effective_view,78,0.0007670370734585505,0.78,1.0775465290042114
age_group=46-60 & theme=34,behavior=effective_view,78,0.0007670370734585505,0.78,1.0775465290042114
tag=今日三农爆款,behavior=effective_view,39,0.00038351853672927524,0.78,1.0775465290042114
tag=记录我的海外生活,behavior=effective_view,39,0.00038351853672927524,0.78,1.0775465290042114
tag=搞笑女,behavior=effective_view,39,0.00038351853672927524,0.78,1.0775465290042114
tag=集结吧光合作创作者 & theme=39,behavior=effective_view,39,0.00038351853672927524,0.78,1.0775465290042114
gender=M & tag=每天一个汽车用车知识,behavior=effective_view,39,0.00038351853672927524,0.78,1.0775465290042114
city_level=新一线城市 & tag=放映厅免费看大片,behavior=effective_view,39,0.00038351853672927524,0.78,1.0775465290042114
age_group=46-60 & tag=好剧推荐,behavior=effective_view,39,0.00038351853672927524,0.78,1.0775465290042114
tag=记录我的海外生活 & theme=11,behavior=effective_view,39,0.00038351853672927524,0.78,1.0775465290042114
gender=F & tag=在快手看海外,behavior=effective_view,39,0.00038351853672927524,0.78,1.0775465290042114
gender=M & theme=21,behavior=effective_view,503,0.004946405742944243,0.7798449612403101,1.0773323476229741
tag=游戏解说,behavior=effective_view,85,0.0008358737338971384,0.7798165137614679,1.0772930482869674
tag=怀旧动画 & theme=9,behavior=effective_view,85,0.0008358737338971384,0.7798165137614679,1.0772930482869674
tag=搞笑,behavior=effective_view,2753,0.0270724751696332,0.7796658170489946,1.0770848653133034
tag=教官,behavior=effective_view,46,0.00045235519716786313,0.7796610169491526,1.0770782341198115
gender=F & tag=樱花校园模拟器,behavior=effective_view,46,0.00045235519716786313,0.7796610169491526,1.0770782341198115
age_group=36-45 & tag=Vlog日常,behavior=effective_view,46,0.00045235519716786313,0.7796610169491526,1.0770782341198115
city_level=三线城市 & tag=涨知识,behavior=effective_view,99,0.000973547054774314,0.7795275590551181,1.0768938660550869
tag=军训 & theme=11,behavior=effective_view,53,0.000521191857606451,0.7794117647058824,1.0767338996459879
age_group=60+ & tag=人性,behavior=effective_view,53,0.000521191857606451,0.7794117647058824,1.0767338996459879
city_level=三线城市 & tag=Vlog日常,behavior=effective_view,53,0.000521191857606451,0.7794117647058824,1.0767338996459879
tag=电子厂 & theme=11,behavior=effective_view,120,0.0011800570360900777,0.7792207792207793,1.076470058945266
tag=爆笑,behavior=effective_view,67,0.0006588651784836267,0.7790697674418605,1.0762614407167883
age_group=60+ & tag=新农人计划2022,behavior=effective_view,67,0.0006588651784836267,0.7790697674418605,1.0762614407167883
city_level=二线城市 & tag=加油季,behavior=effective_view,67,0.0006588651784836267,0.7790697674418605,1.0762614407167883
city_level=三线城市 & tag=家庭婚姻情感,behavior=effective_view,81,0.0007965384993608024,0.7788461538461539,1.0759525252630808
gender=F & tag=亲子,behavior=effective_view,95,0.0009342118202379781,0.7786885245901639,1.0757347651891558
gender=F & tag=二次元,behavior=effective_view,123,0.0012095584619923297,0.7784810126582279,1.075448093699432
gender=M & tag=搞笑,behavior=effective_view,1731,0.01702232274559937,0.7783273381294964,1.0752357969622128
tag=亲子,behavior=effective_view,165,0.0016225784246238569,0.7783018867924528,1.075200636705944
age_group=26-35 & tag=搞笑,behavior=effective_view,701,0.0068934998524928705,0.7780244173140954,1.0748173209709329
gender=M & tag=快手小剧场,behavior=effective_view,147,0.0014455698692103453,0.7777777777777778,1.0744765958731453
tag=传递正能量 & theme=39,behavior=effective_view,112,0.0011013865670174059,0.7777777777777778,1.0744765958731453
gender=M & tag=社会百态,behavior=effective_view,98,0.0009637132461402301,0.7777777777777778,1.0744765958731453
tag=集结吧光合创作者 & theme=25,behavior=effective_view,91,0.0008948765857016422,0.7777777777777778,1.0744765958731453
gender=M & tag=亲子,behavior=effective_view,70,0.0006883666043858786,0.7777777777777778,1.0744765958731453
tag=天生我有戏 & tag=集结吧光合创作者,behavior=effective_view,70,0.0006883666043858786,0.7777777777777778,1.0744765958731453
tag=二次元 & tag=夏日暴击,behavior=effective_view,70,0.0006883666043858786,0.7777777777777778,1.0744765958731453
gender=M & tag=手工,behavior=effective_view,70,0.0006883666043858786,0.7777777777777778,1.0744765958731453
tag=结婚,behavior=effective_view,63,0.0006195299439472907,0.7777777777777778,1.0744765958731453
city_level=四线城市 & tag=快手小游戏,behavior=effective_view,63,0.0006195299439472907,0.7777777777777778,1.0744765958731453
tag=王者荣耀热门,behavior=effective_view,56,0.0005506932835087029,0.7777777777777778,1.0744765958731453
tag=外国人在中国,behavior=effective_view,56,0.0005506932835087029,0.7777777777777778,1.0744765958731453
gender=M & tag=全球军事记,behavior=effective_view,56,0.0005506932835087029,0.7777777777777778,1.0744765958731453
tag=乡村美食 & theme=12,behavior=effective_view,49,0.00048185662307011505,0.7777777777777778,1.0744765958731453
gender=F & tag=游戏解说,behavior=effective_view,49,0.00048185662307011505,0.7777777777777778,1.0744765958731453
tag=老人,behavior=effective_view,42,0.0004130199626315272,0.7777777777777778,1.0744765958731453
tag=上热门,behavior=effective_view,42,0.0004130199626315272,0.7777777777777778,1.0744765958731453
tag=小舞,behavior=effective_view,42,0.0004130199626315272,0.7777777777777778,1.0744765958731453
age_group=26-35 & tag=怀旧动画,behavior=effective_view,42,0.0004130199626315272,0.7777777777777778,1.0744765958731453
gender=M & tag=精选,behavior=effective_view,42,0.0004130199626315272,0.7777777777777778,1.0744765958731453
city_level=三线城市 & tag=爆笑夏令营,behavior=effective_view,42,0.0004130199626315272,0.7777777777777778,1.0744765958731453
tag=医者仁心,behavior=effective_view,35,0.0003441833021929393,0.7777777777777778,1.0744765958731453
gender=M & tag=情感短剧,behavior=effective_view,35,0.0003441833021929393,0.7777777777777778,1.0744765958731453
gender=F & tag=我的观影报告,behavior=effective_view,35,0.0003441833021929393,0.7777777777777778,1.0744765958731453
city_level=五线城市 & tag=奥特曼,behavior=effective_view,35,0.0003441833021929393,0.7777777777777778,1.0744765958731453
age_group=46-60 & tag=历史故事,behavior=effective_view,35,0.0003441833021929393,0.7777777777777778,1.0744765958731453
gender=M & tag=暑假不断片,behavior=effective_view,35,0.0003441833021929393,0.7777777777777778,1.0744765958731453
gender=M & tag=家有萌娃,behavior=effective_view,35,0.0003441833021929393,0.7777777777777778,1.0744765958731453
age_group=26-35 & tag=娱你星动计划第一期,behavior=effective_view,35,0.0003441833021929393,0.7777777777777778,1.0744765958731453
tag=2022高考季 & theme=9,behavior=effective_view,35,0.0003441833021929393,0.7777777777777778,1.0744765958731453
tag=记录农村现实生活,behavior=effective_view,28,0.00027534664175435147,0.7777777777777778,1.0744765958731453
tag=狂野小农民,behavior=effective_view,28,0.00027534664175435147,0.7777777777777778,1.0744765958731453
tag=感谢家人们的一路支持陪伴,behavior=effective_view,28,0.00027534664175435147,0.7777777777777778,1.0744765958731453
tag=带话题上热门 & tag=快手鉴片官,behavior=effective_view,28,0.00027534664175435147,0.7777777777777778,1.0744765958731453
age_group=60+ & tag=熊出没,behavior=effective_view,28,0.00027534664175435147,0.7777777777777778,1.0744765958731453
tag=人民五菱在西南 & theme=18,behavior=effective_view,28,0.00027534664175435147,0.7777777777777778,1.0744765958731453
city_level=三线城市 & tag=导游带你游中国,behavior=effective_view,28,0.00027534664175435147,0.7777777777777778,1.0744765958731453
gender=F & tag=父母课堂,behavior=effective_view,28,0.00027534664175435147,0.7777777777777778,1.0744765958731453
city_level=三线城市 & tag=社会百态,behavior=effective_view,28,0.00027534664175435147,0.7777777777777778,1.0744765958731453
age_group=46-60 & tag=快手粉条热点助我上热门,behavior=effective_view,28,0.00027534664175435147,0.7777777777777778,1.0744765958731453
tag=快手娱乐星熠计划 & tag=快手放映室,behavior=effective_view,28,0.00027534664175435147,0.7777777777777778,1.0744765958731453
gender=M & tag=逗比家庭搞笑原创作品,behavior=effective_view,28,0.00027534664175435147,0.7777777777777778,1.0744765958731453
gender=M & tag=励志正能量,behavior=effective_view,28,0.00027534664175435147,0.7777777777777778,1.0744765958731453
city_level=三线城市 & tag=医学科普,behavior=effective_view,28,0.00027534664175435147,0.7777777777777778,1.0744765958731453
city_level=三线城市 & tag=汽车,behavior=effective_view,28,0.00027534664175435147,0.7777777777777778,1.0744765958731453
tag=狂野小农民 & theme=39,behavior=effective_view,28,0.00027534664175435147,0.7777777777777778,1.0744765958731453
tag=气质美女 & theme=9,behavior=effective_view,28,0.00027534664175435147,0.7777777777777778,1.0744765958731453
city_level=一线城市 & tag=正能量,behavior=effective_view,28,0.00027534664175435147,0.7777777777777778,1.0744765958731453
gender=F & tag=路边摊,behavior=effective_view,28,0.00027534664175435147,0.7777777777777778,1.0744765958731453
city_level=四线城市 & tag=明星,behavior=effective_view,28,0.00027534664175435147,0.7777777777777778,1.0744765958731453
age_group=60+ & tag=人类幼崽成长记,behavior=effective_view,28,0.00027534664175435147,0.7777777777777778,1.0744765958731453
gender=M & tag=老百姓,behavior=effective_view,28,0.00027534664175435147,0.7777777777777778,1.0744765958731453
age_group=26-35 & tag=恋爱,behavior=effective_view,28,0.00027534664175435147,0.7777777777777778,1.0744765958731453
tag=发光生物,behavior=effective_view,21,0.0002065099813157636,0.7777777777777778,1.0744765958731453
tag=甲藻,behavior=effective_view,21,0.0002065099813157636,0.7777777777777778,1.0744765958731453
tag=荧光海滩,behavior=effective_view,21,0.0002065099813157636,0.7777777777777778,1.0744765958731453
tag=传统手艺,behavior=effective_view,21,0.0002065099813157636,0.7777777777777778,1.0744765958731453
tag=三农快成长,behavior=effective_view,21,0.0002065099813157636,0.7777777777777778,1.0744765958731453
tag=涵,behavior=effective_view,21,0.0002065099813157636,0.7777777777777778,1.0744765958731453
tag=唐砖,behavior=effective_view,21,0.0002065099813157636,0.7777777777777778,1.0744765958731453
tag=发光生物 & tag=甲藻,behavior=effective_view,21,0.0002065099813157636,0.7777777777777778,1.0744765958731453
tag=发光生物 & tag=荧光海滩,behavior=effective_view,21,0.0002065099813157636,0.7777777777777778,1.0744765958731453
tag=发光生物 & theme=29,behavior=effective_view,21,0.0002065099813157636,0.7777777777777778,1.0744765958731453
tag=甲藻 & tag=荧光海滩,behavior=effective_view,21,0.0002065099813157636,0.7777777777777778,1.0744765958731453
tag=甲藻 & theme=29,behavior=effective_view,21,0.0002065099813157636,0.7777777777777778,1.0744765958731453
tag=荧光海滩 & theme=29,behavior=effective_view,21,0.0002065099813157636,0.7777777777777778,1.0744765958731453
tag=追剧一夏 & tag=集合吧光合创作者,behavior=effective_view,21,0.0002065099813157636,0.7777777777777778,1.0744765958731453
gender=M & tag=医者先行公益科普活动,behavior=effective_view,21,0.0002065099813157636,0.7777777777777778,1.0744765958731453
tag=中医养生知识 & tag=健康科普在快手,behavior=effective_view,21,0.0002065099813157636,0.7777777777777778,1.0744765958731453
tag=中医养生知识 & tag=医者先行公益科普活动,behavior=effective_view,21,0.0002065099813157636,0.7777777777777778,1.0744765958731453
tag=健康科普在快手 & tag=医者先行公益科普活动,behavior=effective_view,21,0.0002065099813157636,0.7777777777777778,1.0744765958731453
gender=M & tag=野外生存,behavior=effective_view,21,0.0002065099813157636,0.7777777777777778,1.0744765958731453
tag=打假 & tag=测评,behavior=effective_view,21,0.0002065099813157636,0.7777777777777778,1.0744765958731453
gender=M & tag=中国基建,behavior=effective_view,21,0.0002065099813157636,0.7777777777777778,1.0744765958731453
age_group=60+ & tag=快手快招工,behavior=effective_view,21,0.0002065099813157636,0.7777777777777778,1.0744765958731453
gender=M & tag=禁毒,behavior=effective_view,21,0.0002065099813157636,0.7777777777777778,1.0744765958731453
gender=M & tag=辣条,behavior=effective_view,21,0.0002065099813157636,0.7777777777777778,1.0744765958731453
age_group=46-60 & tag=切割机,behavior=effective_view,21,0.0002065099813157636,0.7777777777777778,1.0744765958731453
tag=糖尿病 & theme=16,behavior=effective_view,21,0.0002065099813157636,0.7777777777777778,1.0744765958731453
gender=M & tag=危险瞬间,behavior=effective_view,21,0.0002065099813157636,0.7777777777777778,1.0744765958731453
city_level=五线城市 & tag=舞蹈,behavior=effective_view,21,0.0002065099813157636,0.7777777777777778,1.0744765958731453
age_group=46-60 & tag=男人,behavior=effective_view,21,0.0002065099813157636,0.7777777777777778,1.0744765958731453
city_level=三线城市 & tag=暖心正能量,behavior=effective_view,21,0.0002065099813157636,0.7777777777777778,1.0744765958731453
tag=快手粉条 & theme=9,behavior=effective_view,21,0.0002065099813157636,0.7777777777777778,1.0744765958731453
tag=三农快成长 & theme=13,behavior=effective_view,21,0.0002065099813157636,0.7777777777777778,1.0744765958731453
city_level=二线城市 & tag=夫妻,behavior=effective_view,21,0.0002065099813157636,0.7777777777777778,1.0744765958731453
tag=2022光合创作者大会 & tag=池兜多,behavior=effective_view,21,0.0002065099813157636,0.7777777777777778,1.0744765958731453
tag=情侣日常 & tag=池兜多,behavior=effective_view,21,0.0002065099813157636,0.7777777777777778,1.0744765958731453
tag=池兜多 & theme=11,behavior=effective_view,21,0.0002065099813157636,0.7777777777777778,1.0744765958731453
gender=M & tag=2020光合创作者大会,behavior=effective_view,21,0.0002065099813157636,0.7777777777777778,1.0744765958731453
gender=F & tag=一分耕耘一分收获,behavior=effective_view,21,0.0002065099813157636,0.7777777777777778,1.0744765958731453
age_group=60+ & tag=今日份的自拍,behavior=effective_view,21,0.0002065099813157636,0.7777777777777778,1.0744765958731453
tag=经典音乐分享 & theme=2,behavior=effective_view,21,0.0002065099813157636,0.7777777777777778,1.0744765958731453
city_level=二线城市 & tag=篮球新世代,behavior=effective_view,21,0.0002065099813157636,0.7777777777777778,1.0744765958731453
age_group=26-35 & tag=魔术教学,behavior=effective_view,21,0.0002065099813157636,0.7777777777777778,1.0744765958731453
age_group=26-35 & tag=一定要看到最后哦,behavior=effective_view,21,0.0002065099813157636,0.7777777777777778,1.0744765958731453
age_group=26-35 & tag=快手娱乐星熠计划,behavior=effective_view,21,0.0002065099813157636,0.7777777777777778,1.0744765958731453
age_group=26-35 & tag=触漫,behavior=effective_view,21,0.0002065099813157636,0.7777777777777778,1.0744765958731453
gender=M & tag=开箱,behavior=effective_view,21,0.0002065099813157636,0.7777777777777778,1.0744765958731453
city_level=三线城市 & tag=看一遍笑一遍,behavior=effective_view,21,0.0002065099813157636,0.7777777777777778,1.0744765958731453
tag=二次元 & tag=触漫,behavior=effective_view,21,0.0002065099813157636,0.7777777777777778,1.0744765958731453
gender=M & tag=精神氮泵,behavior=effective_view,21,0.0002065099813157636,0.7777777777777778,1.0744765958731453
tag=唐砖 & theme=39,behavior=effective_view,21,0.0002065099813157636,0.7777777777777778,1.0744765958731453
gender=M & tag=搞笑女,behavior=effective_view,21,0.0002065099813157636,0.7777777777777778,1.0744765958731453
gender=F & tag=逃不过相忘江湖之间,behavior=effective_view,21,0.0002065099813157636,0.7777777777777778,1.0744765958731453
tag=诸葛亮 & theme=21,behavior=effective_view,21,0.0002065099813157636,0.7777777777777778,1.0744765958731453
gender=M & tag=暑期不断片,behavior=effective_view,213,0.002094601239059888,0.7773722627737226,1.0739163890974033
tag=宝妈,behavior=effective_view,171,0.0016815812764283608,0.7772727272727272,1.0737788837979028
tag=快手情侣日常,behavior=effective_view,331,0.003254990657881798,0.7769953051643192,1.0733956335030514
tag=感谢官方快手绿色平台的支持,behavior=effective_view,87,0.0008555413511653063,0.7767857142857143,1.073106090011062
tag=快手鉴片官,behavior=effective_view,80,0.0007867046907267185,0.7766990291262136,1.0729863370716568
city_level=三线城市 & tag=光合计划,behavior=effective_view,73,0.0007178680302881306,0.776595744680851,1.0728436527183227
gender=M & tag=怀旧动画,behavior=effective_view,73,0.0007178680302881306,0.776595744680851,1.0728436527183227
age_group=60+ & theme=20,behavior=effective_view,271,0.002664962139836759,0.7765042979942693,1.0727173218725343
gender=F & theme=20,behavior=effective_view,1000,0.009833808634083981,0.7763975155279503,1.072569805108508
tag=科普 & tag=集结吧光合创作者,behavior=effective_view,59,0.0005801947094109549,0.7763157894736842,1.0724569030237596
city_level=三线城市 & theme=9,behavior=effective_view,2171,0.021349198544596323,0.7761887736860923,1.072281434535236
gender=M & tag=乡村爱情喜剧,behavior=effective_view,52,0.000511358048972367,0.7761194029850746,1.0721856009992152
tag=手艺人 & theme=11,behavior=effective_view,52,0.000511358048972367,0.7761194029850746,1.0721856009992152
gender=F & tag=美妆,behavior=effective_view,52,0.000511358048972367,0.7761194029850746,1.0721856009992152
gender=M & tag=地铁逃生,behavior=effective_view,52,0.000511358048972367,0.7761194029850746,1.0721856009992152
age_group=19-25 & theme=34,behavior=effective_view,97,0.0009538794375061461,0.776,1.0720206493682922
age_group=19-25 & tag=搞笑,behavior=effective_view,561,0.005516766643721113,0.7759336099585062,1.0719289335237128
tag=教官 & theme=11,behavior=effective_view,45,0.0004425213885337791,0.7758620689655172,1.07183010179464
age_group=46-60 & tag=人间温暖,behavior=effective_view,45,0.0004425213885337791,0.7758620689655172,1.07183010179464
age_group=36-45 & tag=跑酷,behavior=effective_view,45,0.0004425213885337791,0.7758620689655172,1.07183010179464
gender=F & tag=跑酷拉面,behavior=effective_view,45,0.0004425213885337791,0.7758620689655172,1.07183010179464
city_level=二线城市 & tag=游戏,behavior=effective_view,45,0.0004425213885337791,0.7758620689655172,1.07183010179464
city_level=五线城市 & tag=快手创作者服务中心,behavior=effective_view,128,0.0012587275051627496,0.7757575757575758,1.071685747572176
city_level=二线城市 & tag=家庭婚姻情感,behavior=effective_view,38,0.0003736847280951913,0.7755102040816326,1.0713440110455266
city_level=四线城市 & tag=寻找1000位科普达人,behavior=effective_view,38,0.0003736847280951913,0.7755102040816326,1.0713440110455266
age_group=60+ & tag=财富密码在人间,behavior=effective_view,38,0.0003736847280951913,0.7755102040816326,1.0713440110455266
tag=感谢快手官大大每次热门推送 & theme=13,behavior=effective_view,38,0.0003736847280951913,0.7755102040816326,1.0713440110455266
gender=F & tag=同城,behavior=effective_view,38,0.0003736847280951913,0.7755102040816326,1.0713440110455266
tag=搞笑女 & theme=25,behavior=effective_view,38,0.0003736847280951913,0.7755102040816326,1.0713440110455266
tag=狗狗,behavior=effective_view,69,0.0006785327957517947,0.7752808988764045,1.0710272328045316
city_level=二线城市 & tag=情侣日常,behavior=effective_view,69,0.0006785327957517947,0.7752808988764045,1.0710272328045316
gender=M & tag=原神,behavior=effective_view,69,0.0006785327957517947,0.7752808988764045,1.0710272328045316
city_level=五线城市 & tag=放映厅免费看大片,behavior=effective_view,93,0.0009145442029698102,0.775,1.0706391794593126
tag=全球军事记,behavior=effective_view,62,0.0006096961353132068,0.775,1.0706391794593126
tag=游戏夏日游园季,behavior=effective_view,62,0.0006096961353132068,0.775,1.0706391794593126
tag=记录生活 & theme=9,behavior=effective_view,62,0.0006096961353132068,0.775,1.0706391794593126
tag=游戏夏日游园季 & theme=3,behavior=effective_view,62,0.0006096961353132068,0.775,1.0706391794593126
gender=M & tag=猕猴桃好剧必看,behavior=effective_view,62,0.0006096961353132068,0.775,1.0706391794593126
tag=百忆剧好看计划,behavior=effective_view,31,0.0003048480676566034,0.775,1.0706391794593126
tag=兄妹,behavior=effective_view,31,0.0003048480676566034,0.775,1.0706391794593126
gender=F & tag=快手有萌宠,behavior=effective_view,31,0.0003048480676566034,0.775,1.0706391794593126
city_level=三线城市 & tag=电视剧解说,behavior=effective_view,31,0.0003048480676566034,0.775,1.0706391794593126
age_group=19-25 & tag=小趴菜,behavior=effective_view,31,0.0003048480676566034,0.775,1.0706391794593126
gender=M & tag=红眼特效,behavior=effective_view,31,0.0003048480676566034,0.775,1.0706391794593126
age_group=46-60 & tag=电子厂,behavior=effective_view,31,0.0003048480676566034,0.775,1.0706391794593126
age_group=19-25 & tag=涨知识,behavior=effective_view,31,0.0003048480676566034,0.775,1.0706391794593126
tag=搞笑 & theme=9,behavior=effective_view,2151,0.02115252237191464,0.7748559077809798,1.070440120394618
gender=M & tag=和平精英,behavior=effective_view,282,0.0027731340348116826,0.7747252747252747,1.0702596547590435
city_level=四线城市 & theme=21,behavior=effective_view,141,0.0013865670174058413,0.7747252747252747,1.0702596547590435
city_level=四线城市 & tag=快手创作者服务中心,behavior=effective_view,141,0.0013865670174058413,0.7747252747252747,1.0702596547590435
tag=同路人宝哥团队,behavior=effective_view,55,0.000540859474874619,0.7746478873239436,1.0701527463927702
city_level=新一线城市 & tag=快手弹幕,behavior=effective_view,55,0.000540859474874619,0.7746478873239436,1.0701527463927702
gender=M & tag=程序员,behavior=effective_view,55,0.000540859474874619,0.7746478873239436,1.0701527463927702
tag=王者荣耀热门 & theme=3,behavior=effective_view,55,0.000540859474874619,0.7746478873239436,1.0701527463927702
tag=影视 & theme=39,behavior=effective_view,55,0.000540859474874619,0.7746478873239436,1.0701527463927702
theme=21,behavior=effective_view,566,0.005565935686891533,0.774281805745554,1.0696470157079934
tag=和平精英,behavior=effective_view,360,0.003540171108270233,0.7741935483870968,1.0695250908230385
age_group=46-60 & tag=搞笑配音,behavior=effective_view,168,0.0016520798505261088,0.7741935483870968,1.0695250908230385
gender=F & tag=育儿,behavior=effective_view,96,0.0009440456288720622,0.7741935483870968,1.0695250908230385
age_group=19-25 & tag=快影达人,behavior=effective_view,72,0.0007080342216540466,0.7741935483870968,1.0695250908230385
age_group=36-45 & tag=王者荣耀,behavior=effective_view,72,0.0007080342216540466,0.7741935483870968,1.0695250908230385
city_level=四线城市 & tag=俄罗斯,behavior=effective_view,48,0.0004720228144360311,0.7741935483870968,1.0695250908230385
gender=M & tag=明星,behavior=effective_view,48,0.0004720228144360311,0.7741935483870968,1.0695250908230385
tag=发型设计,behavior=effective_view,24,0.00023601140721801555,0.7741935483870968,1.0695250908230385
tag=翡翠手镯,behavior=effective_view,24,0.00023601140721801555,0.7741935483870968,1.0695250908230385
tag=医者先行公益科普活动,behavior=effective_view,24,0.00023601140721801555,0.7741935483870968,1.0695250908230385
tag=在快手看财经,behavior=effective_view,24,0.00023601140721801555,0.7741935483870968,1.0695250908230385
tag=中医养生在快手,behavior=effective_view,24,0.00023601140721801555,0.7741935483870968,1.0695250908230385
tag=快影MV独家记忆,behavior=effective_view,24,0.00023601140721801555,0.7741935483870968,1.0695250908230385
tag=我们终将战胜疫情,behavior=effective_view,24,0.00023601140721801555,0.7741935483870968,1.0695250908230385
tag=爱国,behavior=effective_view,24,0.00023601140721801555,0.7741935483870968,1.0695250908230385
tag=婚礼搞笑瞬间,behavior=effective_view,24,0.00023601140721801555,0.7741935483870968,1.0695250908230385
gender=M & tag=海外生活,behavior=effective_view,24,0.00023601140721801555,0.7741935483870968,1.0695250908230385
tag=发型设计 & theme=4,behavior=effective_view,24,0.00023601140721801555,0.7741935483870968,1.0695250908230385
age_group=46-60 & tag=新光和计划,behavior=effective_view,24,0.00023601140721801555,0.7741935483870968,1.0695250908230385
gender=M & tag=寻找快手最宠粉博主,behavior=effective_view,24,0.00023601140721801555,0.7741935483870968,1.0695250908230385
tag=翡翠手镯 & theme=11,behavior=effective_view,24,0.00023601140721801555,0.7741935483870968,1.0695250908230385
tag=医者先行公益科普活动 & theme=16,behavior=effective_view,24,0.00023601140721801555,0.7741935483870968,1.0695250908230385
tag=人类幼崽成长计划 & tag=带娃日常,behavior=effective_view,24,0.00023601140721801555,0.7741935483870968,1.0695250908230385
gender=M & tag=人民五菱在西南,behavior=effective_view,24,0.00023601140721801555,0.7741935483870968,1.0695250908230385
gender=M & tag=48H倒计时,behavior=effective_view,24,0.00023601140721801555,0.7741935483870968,1.0695250908230385
gender=M & tag=讲故事,behavior=effective_view,24,0.00023601140721801555,0.7741935483870968,1.0695250908230385
tag=宝妈 & tag=带娃日常,behavior=effective_view,24,0.00023601140721801555,0.7741935483870968,1.0695250908230385
age_group=60+ & tag=宝妈创业,behavior=effective_view,24,0.00023601140721801555,0.7741935483870968,1.0695250908230385
tag=中医养生在快手 & theme=16,behavior=effective_view,24,0.00023601140721801555,0.7741935483870968,1.0695250908230385
tag=奇闻趣事 & theme=37,behavior=effective_view,24,0.00023601140721801555,0.7741935483870968,1.0695250908230385
tag=正能量 & tag=集结吧光合创作者,behavior=effective_view,24,0.00023601140721801555,0.7741935483870968,1.0695250908230385
city_level=四线城市 & tag=找工作,behavior=effective_view,24,0.00023601140721801555,0.7741935483870968,1.0695250908230385
city_level=二线城市 & tag=萌宠,behavior=effective_view,24,0.00023601140721801555,0.7741935483870968,1.0695250908230385
tag=学生时代 & theme=39,behavior=effective_view,24,0.00023601140721801555,0.7741935483870968,1.0695250908230385
age_group=19-25 & tag=猕猴桃好剧必看,behavior=effective_view,24,0.00023601140721801555,0.7741935483870968,1.0695250908230385
tag=成龙 & theme=6,behavior=effective_view,24,0.00023601140721801555,0.7741935483870968,1.0695250908230385
age_group=19-25 & tag=快手娱乐星熠计划第七期,behavior=effective_view,24,0.00023601140721801555,0.7741935483870968,1.0695250908230385
tag=原创短剧 & theme=9,behavior=effective_view,24,0.00023601140721801555,0.7741935483870968,1.0695250908230385
city_level=二线城市 & theme=7,behavior=effective_view,370,0.0036385091946110728,0.7740585774058577,1.0693386324738714
age_group=19-25 & theme=7,behavior=effective_view,387,0.0038056839413905005,0.774,1.0692577095503328
gender=M & tag=主播说新闻,behavior=effective_view,89,0.0008752089684334743,0.7739130434782608,1.0691375817321607
age_group=60+ & tag=搞笑配音,behavior=effective_view,219,0.002153604090864392,0.773851590106007,1.0690526857475866
tag=孩子教育 & theme=25,behavior=effective_view,65,0.0006391975612154587,0.7738095238095238,1.0689945724248129
age_group=26-35 & tag=科普,behavior=effective_view,82,0.0008063723079948864,0.7735849056603774,1.0686842692107563
tag=2022年光合创作者大会,behavior=effective_view,41,0.0004031861539974432,0.7735849056603774,1.0686842692107563
age_group=46-60 & tag=财富密码在人间,behavior=effective_view,41,0.0004031861539974432,0.7735849056603774,1.0686842692107563
gender=M & tag=夏日星光大赏,behavior=effective_view,41,0.0004031861539974432,0.7735849056603774,1.0686842692107563
tag=军训 & tag=教官,behavior=effective_view,41,0.0004031861539974432,0.7735849056603774,1.0686842692107563
city_level=三线城市 & tag=专治各种不开心,behavior=effective_view,41,0.0004031861539974432,0.7735849056603774,1.0686842692107563
age_group=26-35 & tag=搞笑视频,behavior=effective_view,526,0.0051725833415281735,0.7735294117647059,1.0686076060637542
tag=沙雕,behavior=effective_view,140,0.0013767332087717573,0.7734806629834254,1.0685402610893158
city_level=四线城市 & tag=学生党,behavior=effective_view,99,0.000973547054774314,0.7734375,1.0684806327265317
tag=动物世界,behavior=effective_view,58,0.0005703609007768709,0.7733333333333333,1.068336729611013
age_group=60+ & tag=快手情侣日常,behavior=effective_view,58,0.0005703609007768709,0.7733333333333333,1.068336729611013
city_level=二线城市 & tag=我是爆款王,behavior=effective_view,58,0.0005703609007768709,0.7733333333333333,1.068336729611013
city_level=四线城市 & tag=精彩片段,behavior=effective_view,58,0.0005703609007768709,0.7733333333333333,1.068336729611013
city_level=四线城市 & theme=20,behavior=effective_view,539,0.0053004228537712654,0.7733142037302726,1.0683103026400138
age_group=26-35 & tag=快手影视新热计划,behavior=effective_view,194,0.0019077588750122923,0.7729083665338645,1.0677496507652313
tag=小说推荐 & theme=38,behavior=effective_view,102,0.0010030484806765661,0.7727272727272727,1.067499475120722
age_group=26-35 & tag=和平精英,behavior=effective_view,85,0.0008358737338971384,0.7727272727272727,1.067499475120722
age_group=19-25 & theme=38,behavior=effective_view,85,0.0008358737338971384,0.7727272727272727,1.067499475120722
age_group=60+ & tag=萌娃,behavior=effective_view,68,0.0006686989871177107,0.7727272727272727,1.067499475120722
tag=fyp & tag=校园,behavior=effective_view,51,0.0005015242403382831,0.7727272727272727,1.067499475120722
age_group=26-35 & tag=人间真实在快手,behavior=effective_view,51,0.0005015242403382831,0.7727272727272727,1.067499475120722
age_group=60+ & tag=极限星计划,behavior=effective_view,51,0.0005015242403382831,0.7727272727272727,1.067499475120722
city_level=四线城市 & tag=快手放映厅,behavior=effective_view,51,0.0005015242403382831,0.7727272727272727,1.067499475120722
tag=舌尖上的美食,behavior=effective_view,34,0.00033434949355885536,0.7727272727272727,1.067499475120722
tag=爱国教育,behavior=effective_view,34,0.00033434949355885536,0.7727272727272727,1.067499475120722
tag=杨幂,behavior=effective_view,34,0.00033434949355885536,0.7727272727272727,1.067499475120722
tag=星熠萌新计划,behavior=effective_view,34,0.00033434949355885536,0.7727272727272727,1.067499475120722
city_level=五线城市 & tag=测评,behavior=effective_view,34,0.00033434949355885536,0.7727272727272727,1.067499475120722
tag=原创精彩短剧 & theme=39,behavior=effective_view,34,0.00033434949355885536,0.7727272727272727,1.067499475120722
tag=舌尖上的美食 & theme=12,behavior=effective_view,34,0.00033434949355885536,0.7727272727272727,1.067499475120722
tag=影视剪辑 & tag=搞笑视频,behavior=effective_view,34,0.00033434949355885536,0.7727272727272727,1.067499475120722
tag=医者仁心 & theme=16,behavior=effective_view,34,0.00033434949355885536,0.7727272727272727,1.067499475120722
gender=M & tag=挑战,behavior=effective_view,34,0.00033434949355885536,0.7727272727272727,1.067499475120722
tag=才艺 & theme=15,behavior=effective_view,34,0.00033434949355885536,0.7727272727272727,1.067499475120722
gender=M & tag=爱国教育,behavior=effective_view,34,0.00033434949355885536,0.7727272727272727,1.067499475120722
tag=实在人实在货实在价 & theme=13,behavior=effective_view,34,0.00033434949355885536,0.7727272727272727,1.067499475120722
gender=F & tag=孩子教育,behavior=effective_view,34,0.00033434949355885536,0.7727272727272727,1.067499475120722
tag=涨知识,behavior=effective_view,377,0.0037073458550496608,0.7725409836065574,1.0672421223060837
age_group=46-60 & tag=非凡十年,behavior=effective_view,78,0.0007670370734585505,0.7722772277227723,1.0668777514893182
gender=F & tag=和平精英,behavior=effective_view,78,0.0007670370734585505,0.7722772277227723,1.0668777514893182
city_level=二线城市 & theme=34,behavior=effective_view,78,0.0007670370734585505,0.7722772277227723,1.0668777514893182
gender=F & tag=内容过于真实,behavior=effective_view,261,0.002566624053495919,0.772189349112426,1.0667563498334818
tag=樱花校园模拟器,behavior=effective_view,61,0.0005998623266791228,0.7721518987341772,1.0667046132628513
gender=M & tag=好运1号更静音的高端轮胎,behavior=effective_view,105,0.0010325499065788179,0.7720588235294118,1.0665760326681957
city_level=五线城市 & tag=夏日暴击,behavior=effective_view,220,0.002163437899498476,0.7719298245614035,1.0663978244756027
tag=胖胖胖无名,behavior=effective_view,88,0.0008653751597993903,0.7719298245614035,1.0663978244756027
tag=三胎,behavior=effective_view,44,0.00043268757989969517,0.7719298245614035,1.0663978244756027
tag=电影推荐,behavior=effective_view,44,0.00043268757989969517,0.7719298245614035,1.0663978244756027
gender=M & tag=格斗,behavior=effective_view,44,0.00043268757989969517,0.7719298245614035,1.0663978244756027
gender=M & tag=喜欢,behavior=effective_view,44,0.00043268757989969517,0.7719298245614035,1.0663978244756027
tag=电影推荐 & theme=39,behavior=effective_view,44,0.00043268757989969517,0.7719298245614035,1.0663978244756027
tag=美妆 & theme=4,behavior=effective_view,44,0.00043268757989969517,0.7719298245614035,1.0663978244756027
tag=夫妻,behavior=effective_view,169,0.0016619136591601927,0.771689497716895,1.0660658201715942
city_level=五线城市 & theme=21,behavior=effective_view,98,0.0009637132461402301,0.7716535433070866,1.0660161502363488
gender=M & tag=我在快手涨知识,behavior=effective_view,135,0.0013275641656013374,0.7714285714285715,1.0657053583558134
gender=M & tag=非凡十年,behavior=effective_view,135,0.0013275641656013374,0.7714285714285715,1.0657053583558134
gender=F & tag=人间真实在快手,behavior=effective_view,81,0.0007965384993608024,0.7714285714285715,1.0657053583558134
city_level=四线城市 & tag=出发吧老妈,behavior=effective_view,54,0.0005310256662405349,0.7714285714285715,1.0657053583558134
tag=生活处处有古诗,behavior=effective_view,27,0.00026551283312026746,0.7714285714285715,1.0657053583558134
tag=白宝山,behavior=effective_view,27,0.00026551283312026746,0.7714285714285715,1.0657053583558134
tag=谢娜,behavior=effective_view,27,0.00026551283312026746,0.7714285714285715,1.0657053583558134
tag=花样面食,behavior=effective_view,27,0.00026551283312026746,0.7714285714285715,1.0657053583558134
tag=赶海,behavior=effective_view,27,0.00026551283312026746,0.7714285714285715,1.0657053583558134
tag=快看新车,behavior=effective_view,27,0.00026551283312026746,0.7714285714285715,1.0657053583558134
tag=姐弟,behavior=effective_view,27,0.00026551283312026746,0.7714285714285715,1.0657053583558134
tag=夏令营,behavior=effective_view,27,0.00026551283312026746,0.7714285714285715,1.0657053583558134
tag=电视剧解说 & tag=精彩片段,behavior=effective_view,27,0.00026551283312026746,0.7714285714285715,1.0657053583558134
city_level=五线城市 & tag=快手短剧MCN影响力大赛,behavior=effective_view,27,0.00026551283312026746,0.7714285714285715,1.0657053583558134
tag=感谢官方大大让我上一次热门 & theme=12,behavior=effective_view,27,0.00026551283312026746,0.7714285714285715,1.0657053583558134
tag=白宝山 & theme=39,behavior=effective_view,27,0.00026551283312026746,0.7714285714285715,1.0657053583558134
gender=M & tag=电动车,behavior=effective_view,27,0.00026551283312026746,0.7714285714285715,1.0657053583558134
gender=M & tag=原创短剧,behavior=effective_view,27,0.00026551283312026746,0.7714285714285715,1.0657053583558134
tag=健康饮食 & tag=全民健康计划,behavior=effective_view,27,0.00026551283312026746,0.7714285714285715,1.0657053583558134
tag=健康饮食 & tag=科普,behavior=effective_view,27,0.00026551283312026746,0.7714285714285715,1.0657053583558134
tag=全民健康计划 & tag=科普,behavior=effective_view,27,0.00026551283312026746,0.7714285714285715,1.0657053583558134
gender=M & tag=全网挑战最实在,behavior=effective_view,27,0.00026551283312026746,0.7714285714285715,1.0657053583558134
gender=M & tag=快手616实在购物节,behavior=effective_view,27,0.00026551283312026746,0.7714285714285715,1.0657053583558134
age_group=26-35 & tag=非凡十年,behavior=effective_view,27,0.00026551283312026746,0.7714285714285715,1.0657053583558134
tag=花样面食 & theme=12,behavior=effective_view,27,0.00026551283312026746,0.7714285714285715,1.0657053583558134
tag=快看新车 & theme=18,behavior=effective_view,27,0.00026551283312026746,0.7714285714285715,1.0657053583558134
gender=M & tag=你附近100米的人,behavior=effective_view,27,0.00026551283312026746,0.7714285714285715,1.0657053583558134
city_level=三线城市 & tag=跟着快手学做菜,behavior=effective_view,27,0.00026551283312026746,0.7714285714285715,1.0657053583558134
tag=2022高考季 & tag=快手音乐人,behavior=effective_view,27,0.00026551283312026746,0.7714285714285715,1.0657053583558134
tag=我在快手追好剧 & theme=9,behavior=effective_view,27,0.00026551283312026746,0.7714285714285715,1.0657053583558134
tag=学生时代 & tag=看一遍笑一遍,behavior=effective_view,27,0.00026551283312026746,0.7714285714285715,1.0657053583558134
city_level=二线城市 & tag=动物,behavior=effective_view,27,0.00026551283312026746,0.7714285714285715,1.0657053583558134
tag=家庭婚姻情感 & theme=19,behavior=effective_view,155,0.001524240338283017,0.7711442786069652,1.0653126163774256
tag=原创,behavior=effective_view,192,0.0018880912577441244,0.7710843373493976,1.0652298093337895
tag=在快手看世界,behavior=effective_view,128,0.0012587275051627496,0.7710843373493976,1.0652298093337895
tag=热门 & theme=25,behavior=effective_view,64,0.0006293637525813748,0.7710843373493976,1.0652298093337895
city_level=新一线城市 & theme=20,behavior=effective_view,148,0.001455403677844429,0.7708333333333334,1.0648830548385635
tag=2022财是机会,behavior=effective_view,74,0.0007277018389222146,0.7708333333333334,1.0648830548385635
gender=F & tag=fyp,behavior=effective_view,74,0.0007277018389222146,0.7708333333333334,1.0648830548385635
tag=原创短剧,behavior=effective_view,37,0.0003638509194611073,0.7708333333333334,1.0648830548385635
tag=所有养猪人,behavior=effective_view,37,0.0003638509194611073,0.7708333333333334,1.0648830548385635
tag=老百姓,behavior=effective_view,37,0.0003638509194611073,0.7708333333333334,1.0648830548385635
tag=所有养猪人 & theme=13,behavior=effective_view,37,0.0003638509194611073,0.7708333333333334,1.0648830548385635
city_level=三线城市 & tag=快手有戏精,behavior=effective_view,37,0.0003638509194611073,0.7708333333333334,1.0648830548385635
city_level=四线城市 & tag=爱情,behavior=effective_view,37,0.0003638509194611073,0.7708333333333334,1.0648830548385635
tag=农村段子 & theme=9,behavior=effective_view,37,0.0003638509194611073,0.7708333333333334,1.0648830548385635
tag=结局很解气,behavior=effective_view,84,0.0008260399252630544,0.7706422018348624,1.0646190124247679
tag=传递正能量 & tag=原创作品,behavior=effective_view,84,0.0008260399252630544,0.7706422018348624,1.0646190124247679
tag=传递正能量 & tag=结局很解气,behavior=effective_view,84,0.0008260399252630544,0.7706422018348624,1.0646190124247679
tag=原创作品 & tag=结局很解气,behavior=effective_view,84,0.0008260399252630544,0.7706422018348624,1.0646190124247679
city_level=三线城市 & tag=快手放映室,behavior=effective_view,235,0.0023109450290097356,0.7704918032786885,1.0644112413450595
tag=历史故事,behavior=effective_view,94,0.0009243780116038942,0.7704918032786885,1.0644112413450595
gender=M & tag=儿童,behavior=effective_view,47,0.0004621890058019471,0.7704918032786885,1.0644112413450595
tag=快手热点 & theme=6,behavior=effective_view,47,0.0004621890058019471,0.7704918032786885,1.0644112413450595
tag=专治不开心 & tag=搞笑视频,behavior=effective_view,47,0.0004621890058019471,0.7704918032786885,1.0644112413450595
city_level=三线城市 & tag=我在快手涨知识,behavior=effective_view,47,0.0004621890058019471,0.7704918032786885,1.0644112413450595
tag=快手娱乐星熠计划第七期 & theme=39,behavior=effective_view,47,0.0004621890058019471,0.7704918032786885,1.0644112413450595
city_level=三线城市 & tag=美食,behavior=effective_view,161,0.0015832431900875208,0.7703349282296651,1.064194523185364
tag=记录我的农村生活 & theme=9,behavior=effective_view,57,0.0005605270921427869,0.7702702702702703,1.064105200160084
gender=M & tag=快手创作者服务中心,behavior=effective_view,382,0.0037565148982200806,0.7701612903225806,1.0639546476416686
city_level=四线城市 & tag=搞笑,behavior=effective_view,633,0.0062248008653751595,0.7700729927007299,1.0638326671340472
age_group=46-60 & theme=30,behavior=effective_view,154,0.001514406529648933,0.77,1.0637318299144138
age_group=36-45 & tag=游戏凡星计划,behavior=effective_view,77,0.0007572032648244665,0.77,1.0637318299144138
age_group=19-25 & theme=14,behavior=effective_view,77,0.0007572032648244665,0.77,1.0637318299144138
tag=家庭 & tag=情感,behavior=effective_view,87,0.0008555413511653063,0.7699115044247787,1.0636095759401678
city_level=五线城市 & tag=搞笑,behavior=effective_view,649,0.006382141803520504,0.7698695136417556,1.0635515669369668
age_group=26-35 & theme=28,behavior=effective_view,465,0.004572721014849051,0.7698675496688742,1.063548853767529
tag=原神,behavior=effective_view,97,0.0009538794375061461,0.7698412698412699,1.0635125489764805
tag=原神 & theme=3,behavior=effective_view,97,0.0009538794375061461,0.7698412698412699,1.0635125489764805
tag=我妈给我一个大碧斗,behavior=effective_view,177,0.0017405841282328645,0.7695652173913043,1.063131190823553
tag=出发吧老妈 & tag=我妈给我一个大碧斗,behavior=effective_view,177,0.0017405841282328645,0.7695652173913043,1.063131190823553
city_level=三线城市 & theme=29,behavior=effective_view,110,0.001081718949749238,0.7692307692307693,1.0626691607536602
tag=家庭共情 & theme=39,behavior=effective_view,100,0.000983380863408398,0.7692307692307693,1.0626691607536602
tag=爆笑 & theme=9,behavior=effective_view,60,0.0005900285180450389,0.7692307692307693,1.0626691607536602
gender=F & tag=小说推荐,behavior=effective_view,60,0.0005900285180450389,0.7692307692307693,1.0626691607536602
tag=暑假不断片,behavior=effective_view,50,0.000491690431704199,0.7692307692307693,1.0626691607536602
gender=M & tag=快手好书单,behavior=effective_view,50,0.000491690431704199,0.7692307692307693,1.0626691607536602
tag=暑假不断片 & theme=39,behavior=effective_view,50,0.000491690431704199,0.7692307692307693,1.0626691607536602
tag=三农 & tag=老人,behavior=effective_view,40,0.00039335234536335925,0.7692307692307693,1.0626691607536602
tag=农村 & tag=老人,behavior=effective_view,40,0.00039335234536335925,0.7692307692307693,1.0626691607536602
gender=F & theme=35,behavior=effective_view,40,0.00039335234536335925,0.7692307692307693,1.0626691607536602
tag=同城 & theme=11,behavior=effective_view,40,0.00039335234536335925,0.7692307692307693,1.0626691607536602
tag=儿童安全,behavior=effective_view,30,0.00029501425902251943,0.7692307692307693,1.0626691607536602
tag=原创影视解说,behavior=effective_view,30,0.00029501425902251943,0.7692307692307693,1.0626691607536602
tag=大千世界无奇不有,behavior=effective_view,30,0.00029501425902251943,0.7692307692307693,1.0626691607536602
tag=恐怖游戏,behavior=effective_view,30,0.00029501425902251943,0.7692307692307693,1.0626691607536602
tag=你附近100米的人,behavior=effective_view,30,0.00029501425902251943,0.7692307692307693,1.0626691607536602
tag=带话题上热门 & theme=39,behavior=effective_view,30,0.00029501425902251943,0.7692307692307693,1.0626691607536602
city_level=四线城市 & tag=爆笑夏令营,behavior=effective_view,30,0.00029501425902251943,0.7692307692307693,1.0626691607536602
tag=历史 & tag=历史故事,behavior=effective_view,30,0.00029501425902251943,0.7692307692307693,1.0626691607536602
tag=原创影视解说 & theme=39,behavior=effective_view,30,0.00029501425902251943,0.7692307692307693,1.0626691607536602
gender=M & tag=爱国正能量,behavior=effective_view,30,0.00029501425902251943,0.7692307692307693,1.0626691607536602
gender=M & tag=我要拍爆款,behavior=effective_view,30,0.00029501425902251943,0.7692307692307693,1.0626691607536602
gender=F & tag=经典影视,behavior=effective_view,30,0.00029501425902251943,0.7692307692307693,1.0626691607536602
city_level=新一线城市 & tag=打开弹幕看好剧,behavior=effective_view,30,0.00029501425902251943,0.7692307692307693,1.0626691607536602
tag=装修设计 & theme=36,behavior=effective_view,30,0.00029501425902251943,0.7692307692307693,1.0626691607536602
tag=涨知识 & theme=27,behavior=effective_view,30,0.00029501425902251943,0.7692307692307693,1.0626691607536602
tag=青春励志,behavior=effective_view,20,0.00019667617268167962,0.7692307692307693,1.0626691607536602
tag=姐弟日常,behavior=effective_view,20,0.00019667617268167962,0.7692307692307693,1.0626691607536602
tag=村里最靓的仔,behavior=effective_view,20,0.00019667617268167962,0.7692307692307693,1.0626691607536602
tag=扫黑除恶,behavior=effective_view,20,0.00019667617268167962,0.7692307692307693,1.0626691607536602
tag=母婴好物,behavior=effective_view,20,0.00019667617268167962,0.7692307692307693,1.0626691607536602
tag=好物推荐·居家必备,behavior=effective_view,20,0.00019667617268167962,0.7692307692307693,1.0626691607536602
tag=整蛊搞笑,behavior=effective_view,20,0.00019667617268167962,0.7692307692307693,1.0626691607536602
tag=养鸡小妙招,behavior=effective_view,20,0.00019667617268167962,0.7692307692307693,1.0626691607536602
tag=奥尼尔,behavior=effective_view,20,0.00019667617268167962,0.7692307692307693,1.0626691607536602
tag=功夫 & theme=39,behavior=effective_view,20,0.00019667617268167962,0.7692307692307693,1.0626691607536602
tag=我在快手追好剧 & tag=武侠,behavior=effective_view,20,0.00019667617268167962,0.7692307692307693,1.0626691607536602
city_level=新一线城市 & tag=快手创作者中心,behavior=effective_view,20,0.00019667617268167962,0.7692307692307693,1.0626691607536602
age_group=36-45 & tag=电视剧解说,behavior=effective_view,20,0.00019667617268167962,0.7692307692307693,1.0626691607536602
tag=追剧一夏 & tag=青春励志,behavior=effective_view,20,0.00019667617268167962,0.7692307692307693,1.0626691607536602
city_level=四线城市 & tag=逃跑吧少年,behavior=effective_view,20,0.00019667617268167962,0.7692307692307693,1.0626691607536602
tag=2022光合创作者大会 & tag=电影解说,behavior=effective_view,20,0.00019667617268167962,0.7692307692307693,1.0626691607536602
city_level=三线城市 & tag=感动瞬间,behavior=effective_view,20,0.00019667617268167962,0.7692307692307693,1.0626691607536602
tag=快手小游戏 & tag=游戏,behavior=effective_view,20,0.00019667617268167962,0.7692307692307693,1.0626691607536602
city_level=三线城市 & tag=快影启航星计划,behavior=effective_view,20,0.00019667617268167962,0.7692307692307693,1.0626691607536602
gender=F & tag=爸爸的小棉袄,behavior=effective_view,20,0.00019667617268167962,0.7692307692307693,1.0626691607536602
city_level=五线城市 & tag=快手娱乐星熠计划,behavior=effective_view,20,0.00019667617268167962,0.7692307692307693,1.0626691607536602
city_level=五线城市 & tag=关爱女性健康,behavior=effective_view,20,0.00019667617268167962,0.7692307692307693,1.0626691607536602
gender=F & tag=感动,behavior=effective_view,20,0.00019667617268167962,0.7692307692307693,1.0626691607536602
city_level=三线城市 & tag=故事,behavior=effective_view,20,0.00019667617268167962,0.7692307692307693,1.0626691607536602
city_level=新一线城市 & tag=健康,behavior=effective_view,20,0.00019667617268167962,0.7692307692307693,1.0626691607536602
tag=反转 & tag=天生我有戏,behavior=effective_view,20,0.00019667617268167962,0.7692307692307693,1.0626691607536602
gender=F & tag=农村搞笑视频,behavior=effective_view,20,0.00019667617268167962,0.7692307692307693,1.0626691607536602
tag=我的快手影集 & theme=39,behavior=effective_view,20,0.00019667617268167962,0.7692307692307693,1.0626691607536602
tag=母婴好物 & theme=25,behavior=effective_view,20,0.00019667617268167962,0.7692307692307693,1.0626691607536602
city_level=三线城市 & tag=影视,behavior=effective_view,20,0.00019667617268167962,0.7692307692307693,1.0626691607536602
city_level=三线城市 & tag=农村搞笑视频,behavior=effective_view,20,0.00019667617268167962,0.7692307692307693,1.0626691607536602
gender=M & tag=三农快成长,behavior=effective_view,20,0.00019667617268167962,0.7692307692307693,1.0626691607536602
city_level=三线城市 & tag=小猪佩奇,behavior=effective_view,20,0.00019667617268167962,0.7692307692307693,1.0626691607536602
age_group=60+ & tag=奥特曼,behavior=effective_view,20,0.00019667617268167962,0.7692307692307693,1.0626691607536602
age_group=26-35 & tag=奇闻趣事,behavior=effective_view,20,0.00019667617268167962,0.7692307692307693,1.0626691607536602
city_level=四线城市 & tag=游戏解说,behavior=effective_view,20,0.00019667617268167962,0.7692307692307693,1.0626691607536602
age_group=60+ & tag=2022新光合计划,behavior=effective_view,20,0.00019667617268167962,0.7692307692307693,1.0626691607536602
tag=养鸡小妙招 & theme=13,behavior=effective_view,20,0.00019667617268167962,0.7692307692307693,1.0626691607536602
gender=M & tag=养老金,behavior=effective_view,20,0.00019667617268167962,0.7692307692307693,1.0626691607536602
tag=奥尼尔 & theme=7,behavior=effective_view,20,0.00019667617268167962,0.7692307692307693,1.0626691607536602
gender=M & tag=驾考驾考,behavior=effective_view,20,0.00019667617268167962,0.7692307692307693,1.0626691607536602
city_level=四线城市 & tag=我的世界,behavior=effective_view,20,0.00019667617268167962,0.7692307692307693,1.0626691607536602
gender=M & tag=涵,behavior=effective_view,20,0.00019667617268167962,0.7692307692307693,1.0626691607536602
age_group=60+ & city_level=unknown,behavior=effective_view,20,0.00019667617268167962,0.7692307692307693,1.0626691607536602
tag=光遇 & theme=3,behavior=effective_view,20,0.00019667617268167962,0.7692307692307693,1.0626691607536602
gender=M & tag=beatbox,behavior=effective_view,20,0.00019667617268167962,0.7692307692307693,1.0626691607536602
age_group=19-25 & theme=9,behavior=effective_view,1437,0.01413118300717868,0.7688603531300161,1.062157442056668
city_level=二线城市 & tag=传递正能量,behavior=effective_view,103,0.00101288228931065,0.7686567164179104,1.0618761240665304
tag=猕猴桃好剧必看,behavior=effective_view,93,0.0009145442029698102,0.768595041322314,1.0617909217778305
tag=猕猴桃好剧必看 & theme=39,behavior=effective_view,93,0.0009145442029698102,0.768595041322314,1.0617909217778305
tag=动画 & theme=20,behavior=effective_view,83,0.0008162061166289704,0.7685185185185185,1.0616852078270362
tag=fyp & theme=9,behavior=effective_view,83,0.0008162061166289704,0.7685185185185185,1.0616852078270362
city_level=四线城市 & tag=搞笑视频,behavior=effective_view,461,0.0045333857803127155,0.7683333333333333,1.061429380066114
gender=M & tag=放映厅免费看大片,behavior=effective_view,262,0.002576457862130003,0.7683284457478006,1.061422628013773
age_group=60+ & theme=9,behavior=effective_view,2056,0.020218310551676666,0.7683109118086696,1.0613984054044778
age_group=60+ & tag=正能量,behavior=effective_view,275,0.0027042973743730946,0.7681564245810056,1.0611849859481384
tag=Vlog日常,behavior=effective_view,212,0.002084767430425804,0.7681159420289855,1.0611290605206838
city_level=二线城市 & tag=夏日暴击,behavior=effective_view,106,0.001042383715212902,0.7681159420289855,1.0611290605206838
tag=手势舞 & theme=1,behavior=effective_view,53,0.000521191857606451,0.7681159420289855,1.0611290605206838
age_group=60+ & tag=大实话,behavior=effective_view,53,0.000521191857606451,0.7681159420289855,1.0611290605206838
tag=导游带你游中国,behavior=effective_view,96,0.0009440456288720622,0.768,1.0609688900964542
tag=无名健美健身,behavior=effective_view,86,0.0008457075425312223,0.7678571428571429,1.0607715372523143
gender=M & tag=历史故事,behavior=effective_view,86,0.0008457075425312223,0.7678571428571429,1.0607715372523143
tag=健美比赛 & tag=无名健美健身,behavior=effective_view,86,0.0008457075425312223,0.7678571428571429,1.0607715372523143
tag=健美比赛 & tag=胖胖胖无名,behavior=effective_view,86,0.0008457075425312223,0.7678571428571429,1.0607715372523143
tag=无名健美健身 & tag=胖胖胖无名,behavior=effective_view,86,0.0008457075425312223,0.7678571428571429,1.0607715372523143
tag=无名健美健身 & theme=7,behavior=effective_view,86,0.0008457075425312223,0.7678571428571429,1.0607715372523143
tag=胖胖胖无名 & theme=7,behavior=effective_view,86,0.0008457075425312223,0.7678571428571429,1.0607715372523143
tag=学生党 & theme=12,behavior=effective_view,43,0.00042285377126561116,0.7678571428571429,1.0607715372523143
tag=娱你星动计划第一期 & tag=捕娱计划,behavior=effective_view,43,0.00042285377126561116,0.7678571428571429,1.0607715372523143
tag=舞蹈,behavior=effective_view,76,0.0007473694561903826,0.7676767676767676,1.0605223543682991
tag=爱情,behavior=effective_view,185,0.0018192545973055364,0.7676348547717843,1.0604644529512666
city_level=五线城市 & tag=记录生活,behavior=effective_view,109,0.001071885141115154,0.7676056338028169,1.0604240850619269
city_level=二线城市 & theme=19,behavior=effective_view,393,0.0038646867931950045,0.767578125,1.0603860824786033
tag=夫妻日常,behavior=effective_view,132,0.0012980627396990854,0.7674418604651163,1.0601978371240004
tag=二胎,behavior=effective_view,66,0.0006490313698495427,0.7674418604651163,1.0601978371240004
gender=M & tag=快手粉条热点助我上热门,behavior=effective_view,66,0.0006490313698495427,0.7674418604651163,1.0601978371240004
tag=危险无处不在,behavior=effective_view,33,0.00032451568492477135,0.7674418604651163,1.0601978371240004
tag=推荐一本好书,behavior=effective_view,33,0.00032451568492477135,0.7674418604651163,1.0601978371240004
tag=搞笑配音 & tag=爆笑,behavior=effective_view,33,0.00032451568492477135,0.7674418604651163,1.0601978371240004
gender=M & tag=养猪,behavior=effective_view,33,0.00032451568492477135,0.7674418604651163,1.0601978371240004
age_group=60+ & tag=民间故事,behavior=effective_view,33,0.00032451568492477135,0.7674418604651163,1.0601978371240004
city_level=三线城市 & tag=大实话,behavior=effective_view,33,0.00032451568492477135,0.7674418604651163,1.0601978371240004
gender=M & tag=快手汽车,behavior=effective_view,33,0.00032451568492477135,0.7674418604651163,1.0601978371240004
age_group=60+ & tag=汽车,behavior=effective_view,33,0.00032451568492477135,0.7674418604651163,1.0601978371240004
gender=M & tag=所有养猪人,behavior=effective_view,33,0.00032451568492477135,0.7674418604651163,1.0601978371240004
gender=M & tag=推荐一本好书,behavior=effective_view,33,0.00032451568492477135,0.7674418604651163,1.0601978371240004
tag=推荐一本好书 & tag=教员,behavior=effective_view,33,0.00032451568492477135,0.7674418604651163,1.0601978371240004
tag=推荐一本好书 & tag=爱国教育,behavior=effective_view,33,0.00032451568492477135,0.7674418604651163,1.0601978371240004
tag=推荐一本好书 & theme=38,behavior=effective_view,33,0.00032451568492477135,0.7674418604651163,1.0601978371240004
tag=教员 & tag=爱国教育,behavior=effective_view,33,0.00032451568492477135,0.7674418604651163,1.0601978371240004
tag=爱国教育 & theme=38,behavior=effective_view,33,0.00032451568492477135,0.7674418604651163,1.0601978371240004
age_group=36-45 & tag=寻找1000位科普达人,behavior=effective_view,33,0.00032451568492477135,0.7674418604651163,1.0601978371240004
city_level=五线城市 & tag=历史,behavior=effective_view,33,0.00032451568492477135,0.7674418604651163,1.0601978371240004
tag=人间温暖 & tag=真人真事爱心传递,behavior=effective_view,33,0.00032451568492477135,0.7674418604651163,1.0601978371240004
tag=关爱女性健康,behavior=effective_view,89,0.0008752089684334743,0.7672413793103449,1.0599208784413663
tag=交通安全,behavior=effective_view,89,0.0008752089684334743,0.7672413793103449,1.0599208784413663
city_level=五线城市 & tag=和平精英,behavior=effective_view,89,0.0008752089684334743,0.7672413793103449,1.0599208784413663
tag=内容过于真实,behavior=effective_view,560,0.005506932835087029,0.7671232876712328,1.0597577383954309
tag=手势舞,behavior=effective_view,56,0.0005506932835087029,0.7671232876712328,1.0597577383954309
gender=M & tag=家庭婚姻情感,behavior=effective_view,214,0.002104435047693972,0.7670250896057348,1.0596220807228252
gender=M & tag=测评,behavior=effective_view,79,0.0007768708820926344,0.7669902912621359,1.0595740078582612
age_group=60+ & tag=致敬英雄,behavior=effective_view,79,0.0007768708820926344,0.7669902912621359,1.0595740078582612
age_group=26-35 & theme=37,behavior=effective_view,79,0.0007768708820926344,0.7669902912621359,1.0595740078582612
age_group=26-35 & tag=我是爆款王,behavior=effective_view,79,0.0007768708820926344,0.7669902912621359,1.0595740078582612
age_group=46-60 & theme=6,behavior=effective_view,464,0.004562887206214967,0.7669421487603306,1.059507500440674
tag=爸爸带娃 & theme=25,behavior=effective_view,207,0.002035598387255384,0.7666666666666667,1.0591269302178146
tag=人类幼崽到底有多可爱 & theme=25,behavior=effective_view,92,0.0009047103943357263,0.7666666666666667,1.0591269302178146
tag=房产,behavior=effective_view,46,0.00045235519716786313,0.7666666666666667,1.0591269302178146
gender=F & tag=家庭日常,behavior=effective_view,46,0.00045235519716786313,0.7666666666666667,1.0591269302178146
city_level=四线城市 & tag=小说,behavior=effective_view,46,0.00045235519716786313,0.7666666666666667,1.0591269302178146
gender=M & tag=同城热门,behavior=effective_view,46,0.00045235519716786313,0.7666666666666667,1.0591269302178146
gender=F & tag=万万没想到,behavior=effective_view,46,0.00045235519716786313,0.7666666666666667,1.0591269302178146
tag=快味厨房,behavior=effective_view,23,0.00022617759858393157,0.7666666666666667,1.0591269302178146
tag=记录大山里的生活,behavior=effective_view,23,0.00022617759858393157,0.7666666666666667,1.0591269302178146
tag=在快手过中秋,behavior=effective_view,23,0.00022617759858393157,0.7666666666666667,1.0591269302178146
tag=刘浩存,behavior=effective_view,23,0.00022617759858393157,0.7666666666666667,1.0591269302178146
tag=古装剧,behavior=effective_view,23,0.00022617759858393157,0.7666666666666667,1.0591269302178146
tag=游可爱创作者计划,behavior=effective_view,23,0.00022617759858393157,0.7666666666666667,1.0591269302178146
city_level=三线城市 & tag=快手三农,behavior=effective_view,23,0.00022617759858393157,0.7666666666666667,1.0591269302178146
city_level=五线城市 & tag=父女日常,behavior=effective_view,23,0.00022617759858393157,0.7666666666666667,1.0591269302178146
age_group=26-35 & tag=手工,behavior=effective_view,23,0.00022617759858393157,0.7666666666666667,1.0591269302178146
tag=铭记历史 & theme=21,behavior=effective_view,23,0.00022617759858393157,0.7666666666666667,1.0591269302178146
age_group=26-35 & tag=晨曦动漫计划,behavior=effective_view,23,0.00022617759858393157,0.7666666666666667,1.0591269302178146
age_group=36-45 & tag=奥特曼,behavior=effective_view,23,0.00022617759858393157,0.7666666666666667,1.0591269302178146
gender=M & tag=教官,behavior=effective_view,23,0.00022617759858393157,0.7666666666666667,1.0591269302178146
tag=保护野生动物 & tag=新光合计划,behavior=effective_view,23,0.00022617759858393157,0.7666666666666667,1.0591269302178146
tag=保护野生动物 & tag=艾特你想艾特的人,behavior=effective_view,23,0.00022617759858393157,0.7666666666666667,1.0591269302178146
tag=保护野生动物 & theme=39,behavior=effective_view,23,0.00022617759858393157,0.7666666666666667,1.0591269302178146
city_level=五线城市 & tag=在快手看海外,behavior=effective_view,23,0.00022617759858393157,0.7666666666666667,1.0591269302178146
city_level=二线城市 & tag=秋天的第一首歌,behavior=effective_view,23,0.00022617759858393157,0.7666666666666667,1.0591269302178146
city_level=三线城市 & tag=真人真事爱心传递,behavior=effective_view,23,0.00022617759858393157,0.7666666666666667,1.0591269302178146
tag=人间温暖 & theme=28,behavior=effective_view,23,0.00022617759858393157,0.7666666666666667,1.0591269302178146
tag=高手在民间 & theme=15,behavior=effective_view,23,0.00022617759858393157,0.7666666666666667,1.0591269302178146
tag=在快手看财经 & theme=22,behavior=effective_view,23,0.00022617759858393157,0.7666666666666667,1.0591269302178146
city_level=四线城市 & tag=纪录片,behavior=effective_view,23,0.00022617759858393157,0.7666666666666667,1.0591269302178146
age_group=60+ & tag=农村大席,behavior=effective_view,23,0.00022617759858393157,0.7666666666666667,1.0591269302178146
age_group=46-60 & tag=同城,behavior=effective_view,23,0.00022617759858393157,0.7666666666666667,1.0591269302178146
tag=情侣 & theme=6,behavior=effective_view,23,0.00022617759858393157,0.7666666666666667,1.0591269302178146
tag=传递正能量 & tag=隔辈亲,behavior=effective_view,23,0.00022617759858393157,0.7666666666666667,1.0591269302178146
age_group=36-45 & tag=热爱快手支持正能量,behavior=effective_view,23,0.00022617759858393157,0.7666666666666667,1.0591269302178146
tag=结婚 & theme=9,behavior=effective_view,23,0.00022617759858393157,0.7666666666666667,1.0591269302178146
tag=王者荣耀 & tag=王者荣耀热门,behavior=effective_view,23,0.00022617759858393157,0.7666666666666667,1.0591269302178146
city_level=五线城市 & tag=农村美食,behavior=effective_view,23,0.00022617759858393157,0.7666666666666667,1.0591269302178146
tag=古装剧 & theme=39,behavior=effective_view,23,0.00022617759858393157,0.7666666666666667,1.0591269302178146
city_level=三线城市 & tag=怀旧经典影视,behavior=effective_view,23,0.00022617759858393157,0.7666666666666667,1.0591269302178146
age_group=46-60 & tag=人类幼崽到底有多可爱,behavior=effective_view,23,0.00022617759858393157,0.7666666666666667,1.0591269302178146
city_level=三线城市 & tag=人类幼崽成长记,behavior=effective_view,23,0.00022617759858393157,0.7666666666666667,1.0591269302178146
city_level=四线城市 & tag=电视剧解说,behavior=effective_view,23,0.00022617759858393157,0.7666666666666667,1.0591269302178146
age_group=36-45 & tag=小说推荐,behavior=effective_view,23,0.00022617759858393157,0.7666666666666667,1.0591269302178146
gender=F & tag=隔辈亲,behavior=effective_view,23,0.00022617759858393157,0.7666666666666667,1.0591269302178146
city_level=一线城市 & theme=9,behavior=effective_view,279,0.0027436326089094304,0.7664835164835165,1.0588739137509686
gender=M & theme=14,behavior=effective_view,256,0.002517455010325499,0.7664670658682635,1.0588511877210123
theme=6,behavior=effective_view,2785,0.027387157045923885,0.7663731425426528,1.0587214354729297
tag=历史故事 & theme=21,behavior=effective_view,82,0.0008063723079948864,0.7663551401869159,1.0586965657601883
age_group=26-35 & theme=17,behavior=effective_view,354,0.003481168256465729,0.7662337662337663,1.0585288912961783
city_level=四线城市 & tag=夏日暴击,behavior=effective_view,236,0.0023207788376438197,0.7662337662337663,1.0585288912961783
age_group=46-60 & tag=情侣日常,behavior=effective_view,59,0.0005801947094109549,0.7662337662337663,1.0585288912961783
age_group=60+ & theme=22,behavior=effective_view,252,0.002478119775789163,0.7659574468085106,1.0581471643249212
gender=M & tag=专治不开心,behavior=effective_view,108,0.0010620513324810699,0.7659574468085106,1.0581471643249212
gender=M & tag=交通安全,behavior=effective_view,72,0.0007080342216540466,0.7659574468085106,1.0581471643249212
tag=全民烧脑新版,behavior=effective_view,36,0.0003540171108270233,0.7659574468085106,1.0581471643249212
age_group=46-60 & tag=快手农技人,behavior=effective_view,36,0.0003540171108270233,0.7659574468085106,1.0581471643249212
age_group=26-35 & tag=原创,behavior=effective_view,36,0.0003540171108270233,0.7659574468085106,1.0581471643249212
gender=M & tag=小故事,behavior=effective_view,36,0.0003540171108270233,0.7659574468085106,1.0581471643249212
tag=全民烧脑新版 & tag=快手小游戏,behavior=effective_view,36,0.0003540171108270233,0.7659574468085106,1.0581471643249212
tag=动物 & tag=野生动物,behavior=effective_view,36,0.0003540171108270233,0.7659574468085106,1.0581471643249212
gender=M & tag=每天学点法律知识,behavior=effective_view,36,0.0003540171108270233,0.7659574468085106,1.0581471643249212
city_level=四线城市 & tag=农村,behavior=effective_view,36,0.0003540171108270233,0.7659574468085106,1.0581471643249212
tag=感谢快手官大大每次热门推送 & theme=12,behavior=effective_view,36,0.0003540171108270233,0.7659574468085106,1.0581471643249212
tag=人间温暖 & tag=真人真事传递正能量,behavior=effective_view,36,0.0003540171108270233,0.7659574468085106,1.0581471643249212
gender=F & tag=结婚,behavior=effective_view,36,0.0003540171108270233,0.7659574468085106,1.0581471643249212
city_level=三线城市 & tag=娱你星动计划第一期,behavior=effective_view,36,0.0003540171108270233,0.7659574468085106,1.0581471643249212
gender=M & tag=涨知识,behavior=effective_view,301,0.002959976398859278,0.7659033078880407,1.0580723730353874
age_group=36-45 & theme=9,behavior=effective_view,1663,0.01635362375848166,0.7656537753222836,1.0577276513044833
tag=主播说新闻,behavior=effective_view,98,0.0009637132461402301,0.765625,1.0576878990626273
tag=翡翠,behavior=effective_view,49,0.00048185662307011505,0.765625,1.0576878990626273
tag=翡翠 & theme=11,behavior=effective_view,49,0.00048185662307011505,0.765625,1.0576878990626273
gender=M & tag=游戏夏日游园季,behavior=effective_view,49,0.00048185662307011505,0.765625,1.0576878990626273
age_group=46-60 & tag=新光合计划,behavior=effective_view,160,0.001573409381453437,0.7655502392344498,1.0575846193146474
tag=关爱老人传递正能量,behavior=effective_view,62,0.0006096961353132068,0.7654320987654321,1.0574214118116667
age_group=46-60 & tag=正能量专递,behavior=effective_view,62,0.0006096961353132068,0.7654320987654321,1.0574214118116667
city_level=三线城市 & theme=16,behavior=effective_view,287,0.0028223030779821025,0.7653333333333333,1.057284970339175
gender=M & tag=夏日暴击,behavior=effective_view,528,0.005192250958796342,0.7652173913043478,1.0571247999149453
tag=搞笑 & tag=沙雕,behavior=effective_view,101,0.000993214672042482,0.7651515151515151,1.0570337939920875
gender=M & tag=记录生活,behavior=effective_view,228,0.0022421083685711476,0.7651006711409396,1.0569635545214258
gender=F & tag=爸爸带娃,behavior=effective_view,127,0.0012488936965286655,0.7650602409638554,1.0569077014483692
gender=F & tag=快手影视新热计划,behavior=effective_view,218,0.002143770282230308,0.7649122807017544,1.0567032987985518
city_level=三线城市 & theme=7,behavior=effective_view,579,0.0056937751991346245,0.7648612945838837,1.0566328630109378
gender=M & tag=搞笑视频,behavior=effective_view,1265,0.012439767922116235,0.7648125755743652,1.0565655591652927
tag=快影启航星计划,behavior=effective_view,65,0.0006391975612154587,0.7647058823529411,1.0564181656904033
tag=手工DIY,behavior=effective_view,65,0.0006391975612154587,0.7647058823529411,1.0564181656904033
tag=快手影视高热计划 & tag=打开弹幕看好剧,behavior=effective_view,65,0.0006391975612154587,0.7647058823529411,1.0564181656904033
age_group=36-45 & tag=电影解说,behavior=effective_view,65,0.0006391975612154587,0.7647058823529411,1.0564181656904033
gender=F & tag=农村生活,behavior=effective_view,52,0.000511358048972367,0.7647058823529411,1.0564181656904033
age_group=60+ & tag=王者荣耀,behavior=effective_view,52,0.000511358048972367,0.7647058823529411,1.0564181656904033
tag=快手有戏精 & theme=9,behavior=effective_view,52,0.000511358048972367,0.7647058823529411,1.0564181656904033
tag=全民健康计划,behavior=effective_view,39,0.00038351853672927524,0.7647058823529411,1.0564181656904033
tag=隔辈亲,behavior=effective_view,39,0.00038351853672927524,0.7647058823529411,1.0564181656904033
age_group=19-25 & tag=感谢官方大大让我上一次热门,behavior=effective_view,39,0.00038351853672927524,0.7647058823529411,1.0564181656904033
age_group=36-45 & tag=快手放映厅,behavior=effective_view,39,0.00038351853672927524,0.7647058823529411,1.0564181656904033
tag=全民健康计划 & theme=16,behavior=effective_view,39,0.00038351853672927524,0.7647058823529411,1.0564181656904033
tag=玩泥巴,behavior=effective_view,26,0.0002556790244861835,0.7647058823529411,1.0564181656904033
tag=鸡蛋口袋饼,behavior=effective_view,26,0.0002556790244861835,0.7647058823529411,1.0564181656904033
tag=快手人间剧场,behavior=effective_view,26,0.0002556790244861835,0.7647058823529411,1.0564181656904033
tag=夏季治安打击整治百日行动,behavior=effective_view,26,0.0002556790244861835,0.7647058823529411,1.0564181656904033
tag=恐怖故事,behavior=effective_view,26,0.0002556790244861835,0.7647058823529411,1.0564181656904033
tag=牛蹄,behavior=effective_view,26,0.0002556790244861835,0.7647058823529411,1.0564181656904033
tag=漫画解说,behavior=effective_view,26,0.0002556790244861835,0.7647058823529411,1.0564181656904033
tag=文玩,behavior=effective_view,26,0.0002556790244861835,0.7647058823529411,1.0564181656904033
tag=唱歌,behavior=effective_view,26,0.0002556790244861835,0.7647058823529411,1.0564181656904033
city_level=三线城市 & tag=财经,behavior=effective_view,26,0.0002556790244861835,0.7647058823529411,1.0564181656904033
gender=F & tag=太真实了,behavior=effective_view,26,0.0002556790244861835,0.7647058823529411,1.0564181656904033
age_group=46-60 & tag=国学智慧,behavior=effective_view,26,0.0002556790244861835,0.7647058823529411,1.0564181656904033
age_group=46-60 & tag=短剧MCN影响力大赛,behavior=effective_view,26,0.0002556790244861835,0.7647058823529411,1.0564181656904033
tag=天生我有戏 & tag=搞笑段子,behavior=effective_view,26,0.0002556790244861835,0.7647058823529411,1.0564181656904033
city_level=二线城市 & tag=正能量专递,behavior=effective_view,26,0.0002556790244861835,0.7647058823529411,1.0564181656904033
tag=在家做美食 & tag=跟着快手学做菜,behavior=effective_view,26,0.0002556790244861835,0.7647058823529411,1.0564181656904033
tag=在家做美食 & tag=鸡蛋口袋饼,behavior=effective_view,26,0.0002556790244861835,0.7647058823529411,1.0564181656904033
tag=跟着快手学做菜 & tag=鸡蛋口袋饼,behavior=effective_view,26,0.0002556790244861835,0.7647058823529411,1.0564181656904033
tag=鸡蛋口袋饼 & theme=12,behavior=effective_view,26,0.0002556790244861835,0.7647058823529411,1.0564181656904033
tag=人间真实在快手 & tag=快手人间剧场,behavior=effective_view,26,0.0002556790244861835,0.7647058823529411,1.0564181656904033
tag=生活处处有古诗 & tag=追剧一夏,behavior=effective_view,26,0.0002556790244861835,0.7647058823529411,1.0564181656904033
tag=生活处处有古诗 & theme=12,behavior=effective_view,26,0.0002556790244861835,0.7647058823529411,1.0564181656904033
city_level=三线城市 & tag=一定要看到最后,behavior=effective_view,26,0.0002556790244861835,0.7647058823529411,1.0564181656904033
tag=健康 & tag=涨知识,behavior=effective_view,26,0.0002556790244861835,0.7647058823529411,1.0564181656904033
age_group=46-60 & tag=专治不开心,behavior=effective_view,26,0.0002556790244861835,0.7647058823529411,1.0564181656904033
age_group=36-45 & tag=玩具,behavior=effective_view,26,0.0002556790244861835,0.7647058823529411,1.0564181656904033
gender=M & tag=今日三农爆款,behavior=effective_view,26,0.0002556790244861835,0.7647058823529411,1.0564181656904033
tag=新农人计划2022 & tag=牛蹄,behavior=effective_view,26,0.0002556790244861835,0.7647058823529411,1.0564181656904033
tag=新农人计划2022 & tag=草原美食,behavior=effective_view,26,0.0002556790244861835,0.7647058823529411,1.0564181656904033
tag=牛蹄 & tag=草原美食,behavior=effective_view,26,0.0002556790244861835,0.7647058823529411,1.0564181656904033
tag=牛蹄 & theme=12,behavior=effective_view,26,0.0002556790244861835,0.7647058823529411,1.0564181656904033
age_group=46-60 & tag=专治各种不开心,behavior=effective_view,26,0.0002556790244861835,0.7647058823529411,1.0564181656904033
gender=F & tag=关爱留守儿童,behavior=effective_view,26,0.0002556790244861835,0.7647058823529411,1.0564181656904033
tag=搞笑配音 & theme=20,behavior=effective_view,26,0.0002556790244861835,0.7647058823529411,1.0564181656904033
age_group=60+ & tag=国学智慧,behavior=effective_view,26,0.0002556790244861835,0.7647058823529411,1.0564181656904033
gender=M & tag=快手粉条快手热点,behavior=effective_view,26,0.0002556790244861835,0.7647058823529411,1.0564181656904033
tag=文玩 & theme=11,behavior=effective_view,26,0.0002556790244861835,0.7647058823529411,1.0564181656904033
tag=2022光合创作者大会 & tag=情侣日常,behavior=effective_view,26,0.0002556790244861835,0.7647058823529411,1.0564181656904033
city_level=新一线城市 & tag=电影解说,behavior=effective_view,26,0.0002556790244861835,0.7647058823529411,1.0564181656904033
age_group=36-45 & tag=专治不开心,behavior=effective_view,26,0.0002556790244861835,0.7647058823529411,1.0564181656904033
city_level=二线城市 & tag=快手创作者中心,behavior=effective_view,26,0.0002556790244861835,0.7647058823529411,1.0564181656904033
gender=F & tag=90后带娃,behavior=effective_view,26,0.0002556790244861835,0.7647058823529411,1.0564181656904033
city_level=三线城市 & tag=快手娱乐星熠计划第七期,behavior=effective_view,26,0.0002556790244861835,0.7647058823529411,1.0564181656904033
gender=M & tag=健身,behavior=effective_view,26,0.0002556790244861835,0.7647058823529411,1.0564181656904033
gender=F & tag=推文,behavior=effective_view,26,0.0002556790244861835,0.7647058823529411,1.0564181656904033
city_level=二线城市 & tag=爱音乐爱快手,behavior=effective_view,26,0.0002556790244861835,0.7647058823529411,1.0564181656904033
age_group=19-25 & tag=人间真实在快手,behavior=effective_view,26,0.0002556790244861835,0.7647058823529411,1.0564181656904033
city_level=四线城市 & tag=快手影视高热计划,behavior=effective_view,263,0.0025862916707640867,0.7645348837209303,1.0561819362258036
gender=M & theme=37,behavior=effective_view,308,0.003028813059297866,0.7642679900744417,1.0558132306842816
city_level=新一线城市 & tag=快手放映室,behavior=effective_view,94,0.0009243780116038942,0.7642276422764228,1.055757491415425
tag=影视,behavior=effective_view,68,0.0006686989871177107,0.7640449438202247,1.0555050989957702
tag=小说 & tag=小说推荐,behavior=effective_view,68,0.0006686989871177107,0.7640449438202247,1.0555050989957702
tag=爆笑夏令营,behavior=effective_view,123,0.0012095584619923297,0.7639751552795031,1.0554086882267717
age_group=19-25 & tag=快手放映室,behavior=effective_view,178,0.0017504179368669486,0.7639484978540773,1.055371861795695
tag=传递正能量 & theme=9,behavior=effective_view,165,0.0016225784246238569,0.7638888888888888,1.0552895138039817
tag=亲子 & theme=25,behavior=effective_view,110,0.001081718949749238,0.7638888888888888,1.0552895138039817
city_level=五线城市 & tag=快手小游戏,behavior=effective_view,55,0.000540859474874619,0.7638888888888888,1.0552895138039817
tag=2022光合创作者大会 & tag=快手影视新热计划,behavior=effective_view,55,0.000540859474874619,0.7638888888888888,1.0552895138039817
tag=加油季 & theme=11,behavior=effective_view,55,0.000540859474874619,0.7638888888888888,1.0552895138039817
age_group=36-45 & tag=艾特你想艾特的人,behavior=effective_view,55,0.000540859474874619,0.7638888888888888,1.0552895138039817
city_level=三线城市 & tag=天生我有戏,behavior=effective_view,378,0.003717179663683745,0.7636363636363637,1.0549406577663607
age_group=19-25 & tag=情侣日常,behavior=effective_view,126,0.0012390598878945815,0.7636363636363637,1.0549406577663607
tag=军训,behavior=effective_view,84,0.0008260399252630544,0.7636363636363637,1.0549406577663607
tag=女骑士,behavior=effective_view,42,0.0004130199626315272,0.7636363636363637,1.0549406577663607
tag=女骑士 & tag=机车,behavior=effective_view,42,0.0004130199626315272,0.7636363636363637,1.0549406577663607
tag=女骑士 & theme=18,behavior=effective_view,42,0.0004130199626315272,0.7636363636363637,1.0549406577663607
tag=专治各种不开心 & tag=搞笑,behavior=effective_view,42,0.0004130199626315272,0.7636363636363637,1.0549406577663607
gender=M & tag=农村段子,behavior=effective_view,42,0.0004130199626315272,0.7636363636363637,1.0549406577663607
city_level=四线城市 & tag=人生感悟,behavior=effective_view,42,0.0004130199626315272,0.7636363636363637,1.0549406577663607
gender=M & tag=情侣日常,behavior=effective_view,226,0.0022224407513029795,0.7635135135135135,1.0547709440183288
gender=F & tag=快手创作者中心,behavior=effective_view,71,0.0006982004130199626,0.7634408602150538,1.0546705756727186
age_group=60+ & tag=泪目,behavior=effective_view,71,0.0006982004130199626,0.7634408602150538,1.0546705756727186
age_group=36-45 & tag=搞笑视频,behavior=effective_view,400,0.003933523453633592,0.7633587786259542,1.0545571824272963
tag=动画,behavior=effective_view,100,0.000983380863408398,0.7633587786259542,1.0545571824272963
tag=健美比赛,behavior=effective_view,145,0.0014259022519421771,0.7631578947368421,1.0542796673792891
tag=健美比赛 & theme=7,behavior=effective_view,145,0.0014259022519421771,0.7631578947368421,1.0542796673792891
city_level=四线城市 & tag=放映厅免费看大片,behavior=effective_view,87,0.0008555413511653063,0.7631578947368421,1.0542796673792891
tag=沉浸式护肤,behavior=effective_view,58,0.0005703609007768709,0.7631578947368421,1.0542796673792891
tag=情感 & tag=追剧一夏,behavior=effective_view,58,0.0005703609007768709,0.7631578947368421,1.0542796673792891
tag=大实话 & tag=情感,behavior=effective_view,58,0.0005703609007768709,0.7631578947368421,1.0542796673792891
tag=沉浸式护肤 & theme=4,behavior=effective_view,58,0.0005703609007768709,0.7631578947368421,1.0542796673792891
tag=爱情婚姻家庭情感,behavior=effective_view,29,0.0002851804503884354,0.7631578947368421,1.0542796673792891
tag=丸美真新日,behavior=effective_view,29,0.0002851804503884354,0.7631578947368421,1.0542796673792891
tag=户外钓鱼 & tag=钓鱼人的快乐,behavior=effective_view,29,0.0002851804503884354,0.7631578947368421,1.0542796673792891
tag=钓鱼人的快乐 & tag=钓鱼技巧,behavior=effective_view,29,0.0002851804503884354,0.7631578947368421,1.0542796673792891
tag=天生我有戏 & tag=爱情婚姻家庭情感,behavior=effective_view,29,0.0002851804503884354,0.7631578947368421,1.0542796673792891
tag=情感短剧 & tag=爱情婚姻家庭情感,behavior=effective_view,29,0.0002851804503884354,0.7631578947368421,1.0542796673792891
tag=爱情婚姻家庭情感 & theme=39,behavior=effective_view,29,0.0002851804503884354,0.7631578947368421,1.0542796673792891
gender=M & tag=资讯,behavior=effective_view,29,0.0002851804503884354,0.7631578947368421,1.0542796673792891
tag=我的乡村生活 & tag=新农人计划2022,behavior=effective_view,29,0.0002851804503884354,0.7631578947368421,1.0542796673792891
tag=搞笑 & tag=爆笑夏令营,behavior=effective_view,29,0.0002851804503884354,0.7631578947368421,1.0542796673792891
age_group=26-35 & tag=家庭,behavior=effective_view,29,0.0002851804503884354,0.7631578947368421,1.0542796673792891
gender=F & tag=杨幂,behavior=effective_view,29,0.0002851804503884354,0.7631578947368421,1.0542796673792891
age_group=60+ & tag=热心市民,behavior=effective_view,29,0.0002851804503884354,0.7631578947368421,1.0542796673792891
gender=M & tag=减肥,behavior=effective_view,29,0.0002851804503884354,0.7631578947368421,1.0542796673792891
tag=影视解说 & tag=精彩片段,behavior=effective_view,29,0.0002851804503884354,0.7631578947368421,1.0542796673792891
city_level=三线城市 & tag=在快手看海外,behavior=effective_view,29,0.0002851804503884354,0.7631578947368421,1.0542796673792891
age_group=19-25 & tag=快手创作者中心,behavior=effective_view,29,0.0002851804503884354,0.7631578947368421,1.0542796673792891
age_group=60+ & tag=关爱老人传递正能量,behavior=effective_view,29,0.0002851804503884354,0.7631578947368421,1.0542796673792891
tag=动物,behavior=effective_view,132,0.0012980627396990854,0.7630057803468208,1.0540695259267518
city_level=三线城市 & theme=6,behavior=effective_view,631,0.006205133248106992,0.7629987908101572,1.0540598700921733
city_level=四线城市 & tag=剧情,behavior=effective_view,103,0.00101288228931065,0.762962962962963,1.054010374999371
tag=快手鉴片官 & theme=39,behavior=effective_view,74,0.0007277018389222146,0.7628865979381443,1.0539048790154855
city_level=三线城市 & tag=感谢快手官大大每次热门推送,behavior=effective_view,119,0.0011702232274559937,0.7628205128205128,1.0538135844140462
gender=M & tag=内容过于真实,behavior=effective_view,299,0.0029403087815911104,0.7627551020408163,1.0537232213901726
tag=俄罗斯乡村爱情故事,behavior=effective_view,45,0.0004425213885337791,0.7627118644067796,1.0536634898998154
tag=你怎么看,behavior=effective_view,45,0.0004425213885337791,0.7627118644067796,1.0536634898998154
age_group=60+ & tag=关爱老人,behavior=effective_view,45,0.0004425213885337791,0.7627118644067796,1.0536634898998154
tag=Vlog日常 & tag=俄罗斯乡村爱情故事,behavior=effective_view,45,0.0004425213885337791,0.7627118644067796,1.0536634898998154
tag=俄罗斯乡村爱情故事 & theme=11,behavior=effective_view,45,0.0004425213885337791,0.7627118644067796,1.0536634898998154
tag=房产 & theme=36,behavior=effective_view,45,0.0004425213885337791,0.7627118644067796,1.0536634898998154
age_group=60+ & tag=情感,behavior=effective_view,421,0.004140033434949356,0.7626811594202898,1.0536210718849242
age_group=19-25 & tag=美食,behavior=effective_view,106,0.001042383715212902,0.762589928057554,1.0534950385025494
city_level=三线城市 & tag=游戏,behavior=effective_view,61,0.0005998623266791228,0.7625,1.0533708055970654
age_group=60+ & tag=家庭,behavior=effective_view,93,0.0009145442029698102,0.7622950819672131,1.0530877175009632
tag=和平精英 & theme=3,behavior=effective_view,295,0.002900973547054774,0.7622739018087855,1.053058457749428
tag=动物 & theme=17,behavior=effective_view,109,0.001071885141115154,0.7622377622377622,1.053008532019536
city_level=三线城市 & tag=夏日暴击,behavior=effective_view,253,0.002487953584423247,0.7620481927710844,1.052746647505659
city_level=三线城市 & theme=38,behavior=effective_view,192,0.0018880912577441244,0.7619047619047619,1.0525485020798155
city_level=四线城市 & tag=新光合计划,behavior=effective_view,160,0.001573409381453437,0.7619047619047619,1.0525485020798155
tag=我在快手追好剧 & tag=集结吧光合创作者,behavior=effective_view,64,0.0006293637525813748,0.7619047619047619,1.0525485020798155
gender=F & tag=人生感悟,behavior=effective_view,48,0.0004720228144360311,0.7619047619047619,1.0525485020798155
gender=F & tag=二胎,behavior=effective_view,48,0.0004720228144360311,0.7619047619047619,1.0525485020798155
age_group=46-60 & tag=人间真实在快手,behavior=effective_view,48,0.0004720228144360311,0.7619047619047619,1.0525485020798155
age_group=60+ & tag=手艺人,behavior=effective_view,48,0.0004720228144360311,0.7619047619047619,1.0525485020798155
age_group=19-25 & tag=笑点不打烊计划,behavior=effective_view,48,0.0004720228144360311,0.7619047619047619,1.0525485020798155
tag=交通安全知识点,behavior=effective_view,32,0.0003146818762906874,0.7619047619047619,1.0525485020798155
tag=姐弟情深,behavior=effective_view,32,0.0003146818762906874,0.7619047619047619,1.0525485020798155
tag=抗日神剧,behavior=effective_view,32,0.0003146818762906874,0.7619047619047619,1.0525485020798155
tag=印度,behavior=effective_view,32,0.0003146818762906874,0.7619047619047619,1.0525485020798155
age_group=36-45 & tag=爱情,behavior=effective_view,32,0.0003146818762906874,0.7619047619047619,1.0525485020798155
age_group=46-60 & tag=在快手看世界,behavior=effective_view,32,0.0003146818762906874,0.7619047619047619,1.0525485020798155
tag=搞笑视频 & tag=搞笑配音视频,behavior=effective_view,32,0.0003146818762906874,0.7619047619047619,1.0525485020798155
tag=抗日神剧 & theme=39,behavior=effective_view,32,0.0003146818762906874,0.7619047619047619,1.0525485020798155
age_group=26-35 & tag=装修,behavior=effective_view,32,0.0003146818762906874,0.7619047619047619,1.0525485020798155
tag=俄罗斯 & theme=10,behavior=effective_view,32,0.0003146818762906874,0.7619047619047619,1.0525485020798155
tag=我在快手涨知识 & tag=科普,behavior=effective_view,32,0.0003146818762906874,0.7619047619047619,1.0525485020798155
gender=M & tag=快影达人,behavior=effective_view,243,0.0023896154980824072,0.7617554858934169,1.05234228176201
gender=M & theme=29,behavior=effective_view,358,0.0035205034910020653,0.7617021276595745,1.0522685689675604
theme=29,behavior=effective_view,485,0.00476939718753073,0.7613814756671899,1.051825597888827
gender=M & tag=2022财是机会,behavior=effective_view,67,0.0006588651784836267,0.7613636363636364,1.0518009534277704
city_level=四线城市 & tag=影视解说,behavior=effective_view,185,0.0018192545973055364,0.7613168724279835,1.0517363504578405
gender=M & theme=9,behavior=effective_view,5656,0.05562002163437899,0.7612382234185734,1.0516276992179694
city_level=四线城市 & theme=9,behavior=effective_view,2117,0.020818172878355787,0.7612369651204602,1.0516259609169896
city_level=五线城市 & theme=30,behavior=effective_view,102,0.0010030484806765661,0.7611940298507462,1.0515666471338456
gender=M & tag=动物世界,behavior=effective_view,51,0.0005015242403382831,0.7611940298507462,1.0515666471338456
city_level=三线城市 & tag=农村生活,behavior=effective_view,51,0.0005015242403382831,0.7611940298507462,1.0515666471338456
city_level=三线城市 & theme=28,behavior=effective_view,529,0.005202084767430426,0.7611510791366907,1.0515073120148086
gender=M & tag=人类幼崽有多可爱,behavior=effective_view,137,0.0013472317828695053,0.7611111111111111,1.051452097390149
city_level=五线城市 & theme=25,behavior=effective_view,850,0.008358737338971384,0.7609668755595345,1.051252840315841
gender=F & tag=感谢快手官大大每次热门推送,behavior=effective_view,140,0.0013767332087717573,0.7608695652173914,1.0511184090063377
tag=变美,behavior=effective_view,35,0.0003441833021929393,0.7608695652173914,1.0511184090063377
city_level=一线城市 & theme=29,behavior=effective_view,35,0.0003441833021929393,0.7608695652173914,1.0511184090063377
tag=日常 & tag=记录生活,behavior=effective_view,35,0.0003441833021929393,0.7608695652173914,1.0511184090063377
tag=专治各种不开心 & tag=搞笑视频,behavior=effective_view,35,0.0003441833021929393,0.7608695652173914,1.0511184090063377
tag=三胎 & tag=孕妇,behavior=effective_view,35,0.0003441833021929393,0.7608695652173914,1.0511184090063377
tag=恶作剧 & theme=9,behavior=effective_view,35,0.0003441833021929393,0.7608695652173914,1.0511184090063377
city_level=四线城市 & tag=集结吧光合创作者,behavior=effective_view,544,0.005349591896941686,0.7608391608391608,1.051076406272711
theme=9,behavior=effective_view,8842,0.08695053594257056,0.7607330293383808,1.0509297887979887
gender=M & tag=历史,behavior=effective_view,143,0.0014062346346740092,0.7606382978723404,1.0507989201282202
age_group=19-25 & tag=2022光合创作者大会,behavior=effective_view,216,0.0021241026649621397,0.7605633802816901,1.0506954237310837
gender=F & theme=29,behavior=effective_view,127,0.0012488936965286655,0.7604790419161677,1.0505789128169418
tag=夏日暴击,behavior=effective_view,892,0.00877175730160291,0.7604433077578857,1.0505295471525526
city_level=四线城市 & theme=30,behavior=effective_view,111,0.0010915527583833218,0.7602739726027398,1.050295615731186
age_group=60+ & tag=游戏凡星计划,behavior=effective_view,76,0.0007473694561903826,0.76,1.0499171308246162
tag=游戏解说 & theme=3,behavior=effective_view,76,0.0007473694561903826,0.76,1.0499171308246162
tag=草原美食,behavior=effective_view,38,0.0003736847280951913,0.76,1.0499171308246162
tag=草原美食 & theme=12,behavior=effective_view,38,0.0003736847280951913,0.76,1.0499171308246162
age_group=26-35 & tag=fyp,behavior=effective_view,38,0.0003736847280951913,0.76,1.0499171308246162
age_group=36-45 & tag=人类幼崽成长计划,behavior=effective_view,38,0.0003736847280951913,0.76,1.0499171308246162
tag=孩子教育 & tag=父母课堂,behavior=effective_view,38,0.0003736847280951913,0.76,1.0499171308246162
age_group=36-45 & tag=我在快手涨知识,behavior=effective_view,38,0.0003736847280951913,0.76,1.0499171308246162
city_level=二线城市 & tag=精选,behavior=effective_view,38,0.0003736847280951913,0.76,1.0499171308246162
age_group=19-25 & theme=18,behavior=effective_view,231,0.0022716097944733993,0.7598684210526315,1.0497353584681715
gender=F & theme=9,behavior=effective_view,3186,0.03133051430819156,0.7598378249463391,1.0496930908679964
tag=快手创作者中心,behavior=effective_view,158,0.0015537417641852689,0.7596153846153846,1.0493857962442392
age_group=26-35 & theme=7,behavior=effective_view,534,0.005251253810600846,0.7596017069701281,1.0493669009888917
tag=专治不开心 & theme=9,behavior=effective_view,139,0.0013668994001376734,0.7595628415300546,1.049313209552931
tag=快手创作者服务中心,behavior=effective_view,559,0.005497099026452945,0.7595108695652174,1.0492414118473978
tag=搞笑视频 & theme=9,behavior=effective_view,1759,0.017297669387353724,0.7594991364421416,1.0492252028909304
tag=可爱的学生,behavior=effective_view,60,0.0005900285180450389,0.759493670886076,1.0492176523896897
city_level=三线城市 & tag=爸爸带娃,behavior=effective_view,60,0.0005900285180450389,0.759493670886076,1.0492176523896897
age_group=60+ & tag=快手放映室,behavior=effective_view,221,0.0021732717081325596,0.7594501718213058,1.049157559740641
age_group=26-35 & tag=加油季,behavior=effective_view,101,0.000993214672042482,0.7593984962406015,1.049086171480869
tag=2022光合创作者大会 & theme=9,behavior=effective_view,224,0.0022027731340348118,0.7593220338983051,1.0489805410558164
age_group=46-60 & tag=搞笑,behavior=effective_view,410,0.004031861539974432,0.7592592592592593,1.0488938197809274
gender=M & tag=夫妻日常,behavior=effective_view,82,0.0008063723079948864,0.7592592592592593,1.0488938197809274
tag=励志正能量,behavior=effective_view,41,0.0004031861539974432,0.7592592592592593,1.0488938197809274
tag=美食 & tag=记录我的农村生活,behavior=effective_view,41,0.0004031861539974432,0.7592592592592593,1.0488938197809274
gender=F & tag=小趴菜,behavior=effective_view,41,0.0004031861539974432,0.7592592592592593,1.0488938197809274
age_group=36-45 & tag=出发吧老妈,behavior=effective_view,41,0.0004031861539974432,0.7592592592592593,1.0488938197809274
tag=三胎 & theme=25,behavior=effective_view,41,0.0004031861539974432,0.7592592592592593,1.0488938197809274
tag=快手影视高热计划 & tag=放映厅免费看大片,behavior=effective_view,104,0.001022716097944734,0.7591240875912408,1.0487070841890134
city_level=二线城市 & theme=29,behavior=effective_view,63,0.0006195299439472907,0.7590361445783133,1.048585593562949
age_group=26-35 & tag=艾特你想艾特的人,behavior=effective_view,63,0.0006195299439472907,0.7590361445783133,1.048585593562949
tag=快手热点 & tag=我在快手追好剧,behavior=effective_view,63,0.0006195299439472907,0.7590361445783133,1.048585593562949
age_group=60+ & tag=搞笑,behavior=effective_view,469,0.004612056249385387,0.7588996763754046,1.048397066847098
tag=放映厅免费看大片 & theme=39,behavior=effective_view,343,0.0033729963614908052,0.7588495575221239,1.0483278291594182
age_group=60+ & tag=传递正能量,behavior=effective_view,280,0.0027534664175435145,0.7588075880758808,1.0482698496323368
city_level=三线城市 & tag=熊出没,behavior=effective_view,66,0.0006490313698495427,0.7586206896551724,1.0480116550880922
tag=未解之谜,behavior=effective_view,44,0.00043268757989969517,0.7586206896551724,1.0480116550880922
tag=每天一个汽车用车知识,behavior=effective_view,44,0.00043268757989969517,0.7586206896551724,1.0480116550880922
city_level=四线城市 & tag=集合吧光合计划创作者,behavior=effective_view,44,0.00043268757989969517,0.7586206896551724,1.0480116550880922
gender=F & tag=篮球新世代,behavior=effective_view,44,0.00043268757989969517,0.7586206896551724,1.0480116550880922
tag=每天一个汽车用车知识 & theme=18,behavior=effective_view,44,0.00043268757989969517,0.7586206896551724,1.0480116550880922
city_level=四线城市 & tag=娱你星动计划第一期,behavior=effective_view,44,0.00043268757989969517,0.7586206896551724,1.0480116550880922
tag=狗是人类最忠诚的朋友,behavior=effective_view,22,0.00021634378994984759,0.7586206896551724,1.0480116550880922
tag=中医养生知识,behavior=effective_view,22,0.00021634378994984759,0.7586206896551724,1.0480116550880922
tag=暖心帮助,behavior=effective_view,22,0.00021634378994984759,0.7586206896551724,1.0480116550880922
tag=幽默搞笑段子,behavior=effective_view,22,0.00021634378994984759,0.7586206896551724,1.0480116550880922
tag=迷你厨房,behavior=effective_view,22,0.00021634378994984759,0.7586206896551724,1.0480116550880922
tag=快手涨粉,behavior=effective_view,22,0.00021634378994984759,0.7586206896551724,1.0480116550880922
tag=黑河口岸,behavior=effective_view,22,0.00021634378994984759,0.7586206896551724,1.0480116550880922
tag=姐弟俩的日常生活,behavior=effective_view,22,0.00021634378994984759,0.7586206896551724,1.0480116550880922
tag=家庭日常 & tag=爸爸带娃,behavior=effective_view,22,0.00021634378994984759,0.7586206896551724,1.0480116550880922
gender=M & tag=美国生活,behavior=effective_view,22,0.00021634378994984759,0.7586206896551724,1.0480116550880922
age_group=60+ & tag=家庭搞笑,behavior=effective_view,22,0.00021634378994984759,0.7586206896551724,1.0480116550880922
city_level=三线城市 & tag=新光和计划,behavior=effective_view,22,0.00021634378994984759,0.7586206896551724,1.0480116550880922
tag=中医养生知识 & theme=16,behavior=effective_view,22,0.00021634378994984759,0.7586206896551724,1.0480116550880922
gender=M & tag=长沙,behavior=effective_view,22,0.00021634378994984759,0.7586206896551724,1.0480116550880922
tag=内容过于真实 & theme=12,behavior=effective_view,22,0.00021634378994984759,0.7586206896551724,1.0480116550880922
gender=M & tag=翻新,behavior=effective_view,22,0.00021634378994984759,0.7586206896551724,1.0480116550880922
tag=暖心帮助 & tag=正能量,behavior=effective_view,22,0.00021634378994984759,0.7586206896551724,1.0480116550880922
tag=暖心帮助 & tag=祝好人一生平安,behavior=effective_view,22,0.00021634378994984759,0.7586206896551724,1.0480116550880922
tag=暖心帮助 & theme=39,behavior=effective_view,22,0.00021634378994984759,0.7586206896551724,1.0480116550880922
tag=正能量 & tag=祝好人一生平安,behavior=effective_view,22,0.00021634378994984759,0.7586206896551724,1.0480116550880922
tag=祝好人一生平安 & theme=39,behavior=effective_view,22,0.00021634378994984759,0.7586206896551724,1.0480116550880922
tag=变美 & theme=4,behavior=effective_view,22,0.00021634378994984759,0.7586206896551724,1.0480116550880922
city_level=三线城市 & tag=健康科普,behavior=effective_view,22,0.00021634378994984759,0.7586206896551724,1.0480116550880922
age_group=26-35 & tag=每日推文,behavior=effective_view,22,0.00021634378994984759,0.7586206896551724,1.0480116550880922
tag=00后 & tag=学生党,behavior=effective_view,22,0.00021634378994984759,0.7586206896551724,1.0480116550880922
gender=M & tag=台风,behavior=effective_view,22,0.00021634378994984759,0.7586206896551724,1.0480116550880922
gender=M & tag=全民烧脑新版,behavior=effective_view,22,0.00021634378994984759,0.7586206896551724,1.0480116550880922
city_level=五线城市 & tag=婆媳关系,behavior=effective_view,22,0.00021634378994984759,0.7586206896551724,1.0480116550880922
gender=M & tag=大千世界无奇不有,behavior=effective_view,22,0.00021634378994984759,0.7586206896551724,1.0480116550880922
gender=M & tag=我的快手影集,behavior=effective_view,22,0.00021634378994984759,0.7586206896551724,1.0480116550880922
gender=M & tag=记录农村现实生活,behavior=effective_view,22,0.00021634378994984759,0.7586206896551724,1.0480116550880922
city_level=三线城市 & tag=法律,behavior=effective_view,22,0.00021634378994984759,0.7586206896551724,1.0480116550880922
tag=快手涨粉 & theme=11,behavior=effective_view,22,0.00021634378994984759,0.7586206896551724,1.0480116550880922
tag=发个弹幕快乐一夏 & tag=快手弹幕,behavior=effective_view,22,0.00021634378994984759,0.7586206896551724,1.0480116550880922
gender=M & tag=快乐音乐人,behavior=effective_view,22,0.00021634378994984759,0.7586206896551724,1.0480116550880922
tag=中俄边境 & tag=俄罗斯,behavior=effective_view,22,0.00021634378994984759,0.7586206896551724,1.0480116550880922
tag=中俄边境 & tag=黑河口岸,behavior=effective_view,22,0.00021634378994984759,0.7586206896551724,1.0480116550880922
tag=俄罗斯 & tag=黑河口岸,behavior=effective_view,22,0.00021634378994984759,0.7586206896551724,1.0480116550880922
tag=黑河口岸 & theme=10,behavior=effective_view,22,0.00021634378994984759,0.7586206896551724,1.0480116550880922
age_group=26-35 & tag=快影,behavior=effective_view,22,0.00021634378994984759,0.7586206896551724,1.0480116550880922
city_level=三线城市 & tag=快手新知播,behavior=effective_view,22,0.00021634378994984759,0.7586206896551724,1.0480116550880922
gender=M & tag=王者荣耀二次元激励计划,behavior=effective_view,22,0.00021634378994984759,0.7586206896551724,1.0480116550880922
city_level=三线城市 & tag=户外,behavior=effective_view,22,0.00021634378994984759,0.7586206896551724,1.0480116550880922
tag=真人真事传递正能量 & theme=39,behavior=effective_view,22,0.00021634378994984759,0.7586206896551724,1.0480116550880922
tag=撞脸明星 & theme=6,behavior=effective_view,22,0.00021634378994984759,0.7586206896551724,1.0480116550880922
city_level=四线城市 & tag=原神,behavior=effective_view,22,0.00021634378994984759,0.7586206896551724,1.0480116550880922
tag=Vlog日常 & tag=外卖小哥,behavior=effective_view,22,0.00021634378994984759,0.7586206896551724,1.0480116550880922
city_level=二线城市 & theme=25,behavior=effective_view,502,0.004936571934310159,0.7583081570996979,1.0475799007671278
age_group=46-60 & tag=影视剪辑,behavior=effective_view,116,0.0011407218015537417,0.7581699346405228,1.0473889505990324
city_level=五线城市 & tag=搞笑配音,behavior=effective_view,235,0.0023109450290097356,0.7580645161290323,1.0472433180975587
tag=手艺人 & theme=15,behavior=effective_view,94,0.0009243780116038942,0.7580645161290323,1.0472433180975587
tag=用小红花一块做好事,behavior=effective_view,47,0.0004621890058019471,0.7580645161290323,1.0472433180975587
gender=M & tag=传统文化,behavior=effective_view,47,0.0004621890058019471,0.7580645161290323,1.0472433180975587
tag=农村生活 & theme=12,behavior=effective_view,47,0.0004621890058019471,0.7580645161290323,1.0472433180975587
tag=可爱的学生 & theme=9,behavior=effective_view,47,0.0004621890058019471,0.7580645161290323,1.0472433180975587
tag=搞笑 & tag=搞笑视频,behavior=effective_view,711,0.00699183793883371,0.7579957356076759,1.0471482998769808
tag=纪录片,behavior=effective_view,72,0.0007080342216540466,0.7578947368421053,1.047008773121501
gender=F & tag=热爱快手支持正能量,behavior=effective_view,72,0.0007080342216540466,0.7578947368421053,1.047008773121501
city_level=三线城市 & tag=暑期不断片,behavior=effective_view,72,0.0007080342216540466,0.7578947368421053,1.047008773121501
age_group=46-60 & tag=快手放映室,behavior=effective_view,169,0.0016619136591601927,0.757847533632287,1.0469435633075297
tag=乡村美食,behavior=effective_view,97,0.0009538794375061461,0.7578125,1.0468951653987228
age_group=60+ & tag=快手创作者服务中心,behavior=effective_view,147,0.0014455698692103453,0.7577319587628866,1.0467839001032186
gender=M & theme=7,behavior=effective_view,1644,0.016166781394434063,0.7576036866359447,1.0466066960196876
tag=打开弹幕看好剧 & tag=放映厅免费看大片,behavior=effective_view,200,0.001966761726816796,0.7575757575757576,1.0465681128634532
city_level=四线城市 & tag=快手影视新热计划,behavior=effective_view,150,0.001475071295112597,0.7575757575757576,1.0465681128634532
city_level=五线城市 & tag=科普,behavior=effective_view,100,0.000983380863408398,0.7575757575757576,1.0465681128634532
city_level=三线城市 & tag=原创,behavior=effective_view,50,0.000491690431704199,0.7575757575757576,1.0465681128634532
tag=动物世界 & theme=17,behavior=effective_view,50,0.000491690431704199,0.7575757575757576,1.0465681128634532
gender=F & tag=婆媳关系,behavior=effective_view,50,0.000491690431704199,0.7575757575757576,1.0465681128634532
age_group=46-60 & tag=王者荣耀,behavior=effective_view,50,0.000491690431704199,0.7575757575757576,1.0465681128634532
tag=老虎,behavior=effective_view,25,0.0002458452158520995,0.7575757575757576,1.0465681128634532
tag=秋日暴击,behavior=effective_view,25,0.0002458452158520995,0.7575757575757576,1.0465681128634532
tag=感恩父母,behavior=effective_view,25,0.0002458452158520995,0.7575757575757576,1.0465681128634532
tag=家庭地位,behavior=effective_view,25,0.0002458452158520995,0.7575757575757576,1.0465681128634532
tag=玩泥巴 & theme=15,behavior=effective_view,25,0.0002458452158520995,0.7575757575757576,1.0465681128634532
tag=老虎 & theme=17,behavior=effective_view,25,0.0002458452158520995,0.7575757575757576,1.0465681128634532
city_level=五线城市 & tag=作品推广,behavior=effective_view,25,0.0002458452158520995,0.7575757575757576,1.0465681128634532
age_group=46-60 & tag=奇闻趣事,behavior=effective_view,25,0.0002458452158520995,0.7575757575757576,1.0465681128634532
age_group=46-60 & tag=快手娱乐星耀计划,behavior=effective_view,25,0.0002458452158520995,0.7575757575757576,1.0465681128634532
tag=电动车 & theme=18,behavior=effective_view,25,0.0002458452158520995,0.7575757575757576,1.0465681128634532
tag=找工作 & tag=电子厂,behavior=effective_view,25,0.0002458452158520995,0.7575757575757576,1.0465681128634532
city_level=三线城市 & tag=新光合创作者计划,behavior=effective_view,25,0.0002458452158520995,0.7575757575757576,1.0465681128634532
age_group=26-35 & tag=记录真实生活,behavior=effective_view,25,0.0002458452158520995,0.7575757575757576,1.0465681128634532
tag=今日份的自拍 & theme=11,behavior=effective_view,25,0.0002458452158520995,0.7575757575757576,1.0465681128634532
gender=F & tag=新热征稿活动,behavior=effective_view,25,0.0002458452158520995,0.7575757575757576,1.0465681128634532
age_group=36-45 & tag=爱音乐爱快手,behavior=effective_view,25,0.0002458452158520995,0.7575757575757576,1.0465681128634532
age_group=36-45 & tag=fyp,behavior=effective_view,25,0.0002458452158520995,0.7575757575757576,1.0465681128634532
tag=一定要看到最后哦 & tag=内容过于真实,behavior=effective_view,25,0.0002458452158520995,0.7575757575757576,1.0465681128634532
tag=2022在快手看见交警 & theme=28,behavior=effective_view,25,0.0002458452158520995,0.7575757575757576,1.0465681128634532
tag=搞笑视频,behavior=effective_view,1906,0.018743239256564067,0.7575516693163752,1.0465348356579567
tag=农村生活,behavior=effective_view,203,0.001996263152719048,0.7574626865671642,1.0464119086675034
gender=M & theme=28,behavior=effective_view,1702,0.016737142295210936,0.757454383622608,1.046400438399443
city_level=四线城市 & theme=28,behavior=effective_view,540,0.0053102566624053495,0.7573632538569425,1.0462745453703637
tag=新光合计划 & theme=39,behavior=effective_view,103,0.00101288228931065,0.7573529411764706,1.0462602987126108
age_group=46-60 & theme=29,behavior=effective_view,78,0.0007670370734585505,0.7572815533980582,1.0461616786448653
tag=快手放映室 & tag=暑期不断片,behavior=effective_view,78,0.0007670370734585505,0.7572815533980582,1.0461616786448653
tag=打开弹幕看好剧 & theme=39,behavior=effective_view,209,0.002055266004523552,0.7572463768115942,1.0461130832491647
city_level=五线城市 & tag=剧情,behavior=effective_view,131,0.0012882289310650016,0.7572254335260116,1.0460841507303371
city_level=新一线城市 & tag=搞笑,behavior=effective_view,268,0.0026354607139345066,0.7570621468926554,1.0458585751598168
city_level=三线城市 & tag=感谢官方大大让我上一次热门,behavior=effective_view,81,0.0007965384993608024,0.7570093457943925,1.0457856320314056
age_group=26-35 & tag=情侣日常,behavior=effective_view,109,0.001071885141115154,0.7569444444444444,1.0456959727694002
gender=M & tag=出发吧老妈,behavior=effective_view,137,0.0013472317828695053,0.7569060773480663,1.045642969780259
age_group=26-35 & theme=1,behavior=effective_view,221,0.0021732717081325596,0.7568493150684932,1.0455645543990635
tag=爆笑夏令营 & tag=笑点不打烊计划,behavior=effective_view,112,0.0011013865670174059,0.7567567567567568,1.0454366878765737
tag=美妆,behavior=effective_view,56,0.0005506932835087029,0.7567567567567568,1.0454366878765737
tag=好物分享 & theme=12,behavior=effective_view,56,0.0005506932835087029,0.7567567567567568,1.0454366878765737
tag=我的快手影集,behavior=effective_view,28,0.00027534664175435147,0.7567567567567568,1.0454366878765737
gender=F & tag=生活小技巧,behavior=effective_view,28,0.00027534664175435147,0.7567567567567568,1.0454366878765737
city_level=二线城市 & tag=健康,behavior=effective_view,28,0.00027534664175435147,0.7567567567567568,1.0454366878765737
age_group=60+ & tag=野生动物,behavior=effective_view,28,0.00027534664175435147,0.7567567567567568,1.0454366878765737
city_level=四线城市 & tag=原创作品,behavior=effective_view,28,0.00027534664175435147,0.7567567567567568,1.0454366878765737
age_group=60+ & tag=快手新知播,behavior=effective_view,28,0.00027534664175435147,0.7567567567567568,1.0454366878765737
city_level=四线城市 & tag=沙雕,behavior=effective_view,28,0.00027534664175435147,0.7567567567567568,1.0454366878765737
tag=短剧MCN影响力大赛 & tag=追剧一夏,behavior=effective_view,28,0.00027534664175435147,0.7567567567567568,1.0454366878765737
gender=F & tag=看一遍笑一遍,behavior=effective_view,28,0.00027534664175435147,0.7567567567567568,1.0454366878765737
age_group=60+ & tag=对口型,behavior=effective_view,28,0.00027534664175435147,0.7567567567567568,1.0454366878765737
gender=F & tag=原神,behavior=effective_view,28,0.00027534664175435147,0.7567567567567568,1.0454366878765737
gender=M & tag=明星故事,behavior=effective_view,28,0.00027534664175435147,0.7567567567567568,1.0454366878765737
tag=杨幂 & theme=6,behavior=effective_view,28,0.00027534664175435147,0.7567567567567568,1.0454366878765737
city_level=三线城市 & tag=红眼,behavior=effective_view,28,0.00027534664175435147,0.7567567567567568,1.0454366878765737
age_group=26-35 & tag=精选,behavior=effective_view,28,0.00027534664175435147,0.7567567567567568,1.0454366878765737
gender=F & tag=记录我的农村生活,behavior=effective_view,199,0.001956927918182712,0.7566539923954373,1.0452947220036954
gender=M & tag=笑点不打烊计划,behavior=effective_view,171,0.0016815812764283608,0.7566371681415929,1.0452714798032683
tag=作品推广,behavior=effective_view,87,0.0008555413511653063,0.7565217391304347,1.04511201809773
gender=M & tag=快手创作者中心,behavior=effective_view,87,0.0008555413511653063,0.7565217391304347,1.04511201809773
age_group=46-60 & tag=快影达人,behavior=effective_view,59,0.0005801947094109549,0.7564102564102564,1.0449580080744323
gender=M & tag=人性,behavior=effective_view,90,0.0008850427770675582,0.7563025210084033,1.0448091748586406
city_level=四线城市 & theme=17,behavior=effective_view,422,0.00414986724358344,0.7562724014336918,1.0447675655725053
city_level=三线城市 & theme=34,behavior=effective_view,121,0.0011898908447241616,0.75625,1.0447366186659421
tag=快手娱乐星熠计划,behavior=effective_view,93,0.0009145442029698102,0.7560975609756098,1.0445260287407927
age_group=60+ & tag=和平精英,behavior=effective_view,62,0.0006096961353132068,0.7560975609756098,1.0445260287407927
city_level=五线城市 & tag=笑点不打烊计划,behavior=effective_view,62,0.0006096961353132068,0.7560975609756098,1.0445260287407927
tag=保护野生动物,behavior=effective_view,31,0.0003048480676566034,0.7560975609756098,1.0445260287407927
tag=户外钓鱼 & tag=钓鱼技巧,behavior=effective_view,31,0.0003048480676566034,0.7560975609756098,1.0445260287407927
tag=怀旧动画 & tag=爆笑,behavior=effective_view,31,0.0003048480676566034,0.7560975609756098,1.0445260287407927
gender=F & tag=猕猴桃好剧必看,behavior=effective_view,31,0.0003048480676566034,0.7560975609756098,1.0445260287407927
gender=F & tag=简笔画,behavior=effective_view,31,0.0003048480676566034,0.7560975609756098,1.0445260287407927
tag=亲子 & theme=9,behavior=effective_view,31,0.0003048480676566034,0.7560975609756098,1.0445260287407927
age_group=36-45 & tag=正能量专递,behavior=effective_view,31,0.0003048480676566034,0.7560975609756098,1.0445260287407927
gender=F & tag=原创搞笑,behavior=effective_view,31,0.0003048480676566034,0.7560975609756098,1.0445260287407927
city_level=三线城市 & tag=原神,behavior=effective_view,31,0.0003048480676566034,0.7560975609756098,1.0445260287407927
tag=怀旧动画片 & tag=搞笑动画,behavior=effective_view,31,0.0003048480676566034,0.7560975609756098,1.0445260287407927
age_group=19-25 & tag=原创,behavior=effective_view,31,0.0003048480676566034,0.7560975609756098,1.0445260287407927
city_level=四线城市 & tag=触漫,behavior=effective_view,31,0.0003048480676566034,0.7560975609756098,1.0445260287407927
city_level=三线城市 & tag=热门,behavior=effective_view,130,0.0012783951224309175,0.7558139534883721,1.0441342335312125
age_group=46-60 & tag=搞笑视频,behavior=effective_view,294,0.0028911397384206905,0.7557840616966581,1.044092938920434
city_level=二线城市 & theme=6,behavior=effective_view,408,0.0040121939227062645,0.7555555555555555,1.0437772645624839
age_group=26-35 & tag=传递正能量,behavior=effective_view,102,0.0010030484806765661,0.7555555555555555,1.0437772645624839
tag=萌娃搞笑瞬间 & theme=25,behavior=effective_view,68,0.0006686989871177107,0.7555555555555555,1.0437772645624839
tag=巴基斯坦,behavior=effective_view,34,0.00033434949355885536,0.7555555555555555,1.0437772645624839
tag=教员,behavior=effective_view,34,0.00033434949355885536,0.7555555555555555,1.0437772645624839
tag=关爱陪伴乡村孤寡老人,behavior=effective_view,34,0.00033434949355885536,0.7555555555555555,1.0437772645624839
tag=发现,behavior=effective_view,34,0.00033434949355885536,0.7555555555555555,1.0437772645624839
city_level=三线城市 & tag=健美比赛,behavior=effective_view,34,0.00033434949355885536,0.7555555555555555,1.0437772645624839
city_level=五线城市 & tag=育儿,behavior=effective_view,34,0.00033434949355885536,0.7555555555555555,1.0437772645624839
city_level=四线城市 & tag=小说推荐,behavior=effective_view,34,0.00033434949355885536,0.7555555555555555,1.0437772645624839
city_level=四线城市 & tag=宝妈,behavior=effective_view,34,0.00033434949355885536,0.7555555555555555,1.0437772645624839
gender=M & tag=教员,behavior=effective_view,34,0.00033434949355885536,0.7555555555555555,1.0437772645624839
tag=教员 & theme=38,behavior=effective_view,34,0.00033434949355885536,0.7555555555555555,1.0437772645624839
tag=道路千万条安全第一条 & theme=18,behavior=effective_view,34,0.00033434949355885536,0.7555555555555555,1.0437772645624839
gender=M & tag=荣耀萤火计划,behavior=effective_view,34,0.00033434949355885536,0.7555555555555555,1.0437772645624839
age_group=36-45 & theme=3,behavior=effective_view,658,0.006470646081227259,0.7554535017221584,1.0436362802625496
tag=搞笑夫妻,behavior=effective_view,71,0.0006982004130199626,0.7553191489361702,1.0434506759315194
age_group=60+ & tag=放映厅免费看大片,behavior=effective_view,71,0.0006982004130199626,0.7553191489361702,1.0434506759315194
age_group=60+ & tag=农村,behavior=effective_view,71,0.0006982004130199626,0.7553191489361702,1.0434506759315194
theme=28,behavior=effective_view,2364,0.02324712361097453,0.7552715654952077,1.043384940839664
tag=大实话,behavior=effective_view,111,0.0010915527583833218,0.7551020408163265,1.0431507475969601
tag=搞笑动画,behavior=effective_view,74,0.0007277018389222146,0.7551020408163265,1.0431507475969601
tag=原创作品 & theme=15,behavior=effective_view,74,0.0007277018389222146,0.7551020408163265,1.0431507475969601
tag=结局很解气 & theme=15,behavior=effective_view,74,0.0007277018389222146,0.7551020408163265,1.0431507475969601
tag=每天学点法律知识,behavior=effective_view,37,0.0003638509194611073,0.7551020408163265,1.0431507475969601
tag=快手粉条快手热点,behavior=effective_view,37,0.0003638509194611073,0.7551020408163265,1.0431507475969601
city_level=三线城市 & tag=农村,behavior=effective_view,37,0.0003638509194611073,0.7551020408163265,1.0431507475969601
tag=快手短剧MCN影响力大赛 & tag=追剧一夏,behavior=effective_view,37,0.0003638509194611073,0.7551020408163265,1.0431507475969601
tag=每天学点法律知识 & theme=30,behavior=effective_view,37,0.0003638509194611073,0.7551020408163265,1.0431507475969601
tag=新光合创作者计划 & theme=39,behavior=effective_view,37,0.0003638509194611073,0.7551020408163265,1.0431507475969601
city_level=二线城市 & tag=健康科普在快手,behavior=effective_view,37,0.0003638509194611073,0.7551020408163265,1.0431507475969601
city_level=五线城市 & tag=日常,behavior=effective_view,37,0.0003638509194611073,0.7551020408163265,1.0431507475969601
tag=感谢快手官大大每次热门推送 & theme=19,behavior=effective_view,37,0.0003638509194611073,0.7551020408163265,1.0431507475969601
tag=加油季 & tag=手艺人,behavior=effective_view,37,0.0003638509194611073,0.7551020408163265,1.0431507475969601
age_group=26-35 & tag=日常,behavior=effective_view,37,0.0003638509194611073,0.7551020408163265,1.0431507475969601
city_level=四线城市 & tag=传递正能量,behavior=effective_view,188,0.0018487560232077883,0.7550200803212851,1.0430375216393353
gender=M & tag=农村生活,behavior=effective_view,151,0.001484905103746681,0.755,1.0430097812797174
city_level=二线城市 & tag=搞笑视频,behavior=effective_view,265,0.002605959288032255,0.7549857549857549,1.042990102221185
age_group=46-60 & theme=21,behavior=effective_view,154,0.001514406529648933,0.7549019607843137,1.0428743430533467
city_level=三线城市 & tag=快手情侣日常,behavior=effective_view,77,0.0007572032648244665,0.7549019607843137,1.0428743430533467
tag=日常,behavior=effective_view,160,0.001573409381453437,0.7547169811320755,1.0426187992300062
tag=一定要看到最后,behavior=effective_view,80,0.0007867046907267185,0.7547169811320755,1.0426187992300062
tag=和爸爸的亲子时光,behavior=effective_view,40,0.00039335234536335925,0.7547169811320755,1.0426187992300062
tag=才艺,behavior=effective_view,40,0.00039335234536335925,0.7547169811320755,1.0426187992300062
gender=M & tag=萌娃搞笑瞬间,behavior=effective_view,40,0.00039335234536335925,0.7547169811320755,1.0426187992300062
age_group=60+ & tag=我的乡村生活,behavior=effective_view,40,0.00039335234536335925,0.7547169811320755,1.0426187992300062
age_group=26-35 & tag=集合吧光合计划创作者,behavior=effective_view,40,0.00039335234536335925,0.7547169811320755,1.0426187992300062
city_level=三线城市 & tag=恋爱,behavior=effective_view,40,0.00039335234536335925,0.7547169811320755,1.0426187992300062
gender=F & tag=手艺人,behavior=effective_view,40,0.00039335234536335925,0.7547169811320755,1.0426187992300062
age_group=46-60 & city_level=一线城市,behavior=effective_view,369,0.0036286753859769887,0.754601226993865,1.0424588883712285
tag=集结吧光合创作者 & theme=39,behavior=effective_view,375,0.0036876782377814926,0.7545271629778671,1.0423565711617893
tag=人生感悟,behavior=effective_view,169,0.0016619136591601927,0.7544642857142857,1.0422697081141925
age_group=19-25 & tag=搞笑配音,behavior=effective_view,169,0.0016619136591601927,0.7544642857142857,1.0422697081141925
age_group=19-25 & tag=追剧一夏,behavior=effective_view,169,0.0016619136591601927,0.7544642857142857,1.0422697081141925
age_group=46-60 & tag=人性,behavior=effective_view,43,0.00042285377126561116,0.7543859649122807,1.0421615102829755
gender=M & tag=俄罗斯乡村爱情故事,behavior=effective_view,43,0.00042285377126561116,0.7543859649122807,1.0421615102829755
age_group=26-35 & tag=笑疯了老铁,behavior=effective_view,43,0.00042285377126561116,0.7543859649122807,1.0421615102829755
gender=M & tag=泪目,behavior=effective_view,89,0.0008752089684334743,0.7542372881355932,1.0419561177898176
age_group=60+ & tag=非凡十年,behavior=effective_view,92,0.0009047103943357263,0.7540983606557377,1.0417641936568667
tag=快手快招工,behavior=effective_view,46,0.00045235519716786313,0.7540983606557377,1.0417641936568667
tag=长沙,behavior=effective_view,46,0.00045235519716786313,0.7540983606557377,1.0417641936568667
age_group=26-35 & tag=我妈给我一个大碧斗,behavior=effective_view,46,0.00045235519716786313,0.7540983606557377,1.0417641936568667
tag=新光合计划 & theme=15,behavior=effective_view,46,0.00045235519716786313,0.7540983606557377,1.0417641936568667
age_group=36-45 & theme=7,behavior=effective_view,463,0.004553053397580883,0.754071661237785,1.041727309214378
city_level=五线城市 & tag=正能量,behavior=effective_view,190,0.0018684236404759563,0.753968253968254,1.041584455183151
gender=F & tag=游戏凡星计划,behavior=effective_view,95,0.0009342118202379781,0.753968253968254,1.041584455183151
city_level=二线城市 & theme=18,behavior=effective_view,291,0.0028616383125184383,0.7538860103626943,1.0414708381168643
age_group=26-35 & city_level=二线城市,behavior=effective_view,2398,0.023581473104533384,0.7538509902546369,1.0414224588913736
tag=三农 & tag=农村,behavior=effective_view,49,0.00048185662307011505,0.7538461538461538,1.0414157775385868
age_group=19-25 & tag=二次元,behavior=effective_view,49,0.00048185662307011505,0.7538461538461538,1.0414157775385868
tag=涨知识 & theme=22,behavior=effective_view,49,0.00048185662307011505,0.7538461538461538,1.0414157775385868
age_group=36-45 & tag=快手小游戏,behavior=effective_view,49,0.00048185662307011505,0.7538461538461538,1.0414157775385868
gender=M & tag=外国人在中国,behavior=effective_view,49,0.00048185662307011505,0.7538461538461538,1.0414157775385868
tag=外国人在中国 & theme=11,behavior=effective_view,49,0.00048185662307011505,0.7538461538461538,1.0414157775385868
city_level=新一线城市 & tag=搞笑配音,behavior=effective_view,101,0.000993214672042482,0.753731343283582,1.0412571702011608
gender=M & tag=新光合计划,behavior=effective_view,413,0.004061362965876684,0.7536496350364964,1.0411442927164967
gender=F & tag=夏日暴击,behavior=effective_view,364,0.003579506342806569,0.7536231884057971,1.0411077574919916
tag=玩具 & theme=25,behavior=effective_view,104,0.001022716097944734,0.7536231884057971,1.0411077574919916
gender=M & tag=新农人计划2022,behavior=effective_view,104,0.001022716097944734,0.7536231884057971,1.0411077574919916
tag=宝妈创业,behavior=effective_view,52,0.000511358048972367,0.7536231884057971,1.0411077574919916
tag=快手情感剧场,behavior=effective_view,52,0.000511358048972367,0.7536231884057971,1.0411077574919916
tag=学生党 & theme=3,behavior=effective_view,52,0.000511358048972367,0.7536231884057971,1.0411077574919916
tag=热门 & theme=11,behavior=effective_view,52,0.000511358048972367,0.7536231884057971,1.0411077574919916
tag=快手情感剧场 & theme=39,behavior=effective_view,52,0.000511358048972367,0.7536231884057971,1.0411077574919916
gender=M & tag=动物世界精彩集锦,behavior=effective_view,52,0.000511358048972367,0.7536231884057971,1.0411077574919916
gender=M & tag=支持快手传递正能量,behavior=effective_view,52,0.000511358048972367,0.7536231884057971,1.0411077574919916
age_group=19-25 & tag=科普,behavior=effective_view,52,0.000511358048972367,0.7536231884057971,1.0411077574919916
age_group=26-35 & theme=25,behavior=effective_view,841,0.008270233061264627,0.753584229390681,1.0410539367849252
tag=快手影视新热计划 & tag=我在快手追好剧,behavior=effective_view,214,0.002104435047693972,0.7535211267605634,1.0409667624002403
tag=Vlog日常 & theme=11,behavior=effective_view,107,0.001052217523846986,0.7535211267605634,1.0409667624002403
tag=天生我有戏 & tag=快手小剧场,behavior=effective_view,110,0.001081718949749238,0.7534246575342466,1.0408334930669412
age_group=60+ & theme=28,behavior=effective_view,635,0.006244468482643328,0.7532621589561092,1.0406090061709923
age_group=60+ & tag=我在快手涨知识,behavior=effective_view,58,0.0005703609007768709,0.7532467532467533,1.0405877236470906
gender=M & theme=25,behavior=effective_view,1648,0.0162061166289704,0.753199268738574,1.0405221252278982
tag=快影达人 & theme=39,behavior=effective_view,177,0.0017405841282328645,0.7531914893617021,1.040511378252839
gender=M & tag=艾特你想艾特的人,behavior=effective_view,177,0.0017405841282328645,0.7531914893617021,1.040511378252839
age_group=60+ & theme=38,behavior=effective_view,241,0.0023699478808142395,0.753125,1.0404195252003805
age_group=46-60 & tag=光合计划,behavior=effective_view,61,0.0005998623266791228,0.7530864197530864,1.0403662277501882
age_group=60+ & tag=影视解说,behavior=effective_view,189,0.0018585898318418724,0.7529880478087649,1.0402303298692201
tag=记录生活,behavior=effective_view,442,0.004346543416265119,0.7529812606473595,1.0402209536099711
gender=F & tag=短剧MCN影响力大赛,behavior=effective_view,64,0.0006293637525813748,0.7529411764705882,1.0401655785259356
age_group=60+ & theme=6,behavior=effective_view,533,0.005241420001966762,0.7528248587570622,1.040004889104818
age_group=60+ & city_level=三线城市,behavior=effective_view,4462,0.04387845412528272,0.7526990553306343,1.0398310954567613
city_level=三线城市 & tag=放映厅免费看大片,behavior=effective_view,70,0.0006883666043858786,0.7526881720430108,1.0398160605223985
tag=情侣日常,behavior=effective_view,429,0.004218703904022028,0.7526315789473684,1.0397378788637126
tag=乡村爱情喜剧,behavior=effective_view,73,0.0007178680302881306,0.7525773195876289,1.039662921190952
tag=精选,behavior=effective_view,73,0.0007178680302881306,0.7525773195876289,1.039662921190952
tag=快手娱乐星熠计划 & theme=39,behavior=effective_view,76,0.0007473694561903826,0.7524752475247525,1.0395219117075407
theme=37,behavior=effective_view,395,0.0038843544104631726,0.7523809523809524,1.039391645803818
gender=M & tag=打开弹幕看好剧,behavior=effective_view,158,0.0015537417641852689,0.7523809523809524,1.039391645803818
city_level=四线城市 & tag=涨知识,behavior=effective_view,79,0.0007768708820926344,0.7523809523809524,1.039391645803818
city_level=五线城市 & tag=快手小剧场,behavior=effective_view,82,0.0008063723079948864,0.7522935779816514,1.0392709407003686
age_group=36-45 & theme=14,behavior=effective_view,82,0.0008063723079948864,0.7522935779816514,1.0392709407003686
age_group=19-25 & tag=放映厅免费看大片,behavior=effective_view,82,0.0008063723079948864,0.7522935779816514,1.0392709407003686
tag=笑疯了老铁,behavior=effective_view,167,0.0016422460418920248,0.7522522522522522,1.039213850448737
tag=寻找1000位科普达人 & theme=29,behavior=effective_view,85,0.0008358737338971384,0.7522123893805309,1.0391587810909684
age_group=26-35 & theme=9,behavior=effective_view,2024,0.019903628675385976,0.7521367521367521,1.0390542905146898
tag=每日推文,behavior=effective_view,94,0.0009243780116038942,0.752,1.038865371552778
tag=电视剧解说,behavior=effective_view,103,0.00101288228931065,0.7518248175182481,1.0386233622256575
tag=人类幼崽到底有多可爱,behavior=effective_view,103,0.00101288228931065,0.7518248175182481,1.0386233622256575
tag=电视剧解说 & theme=39,behavior=effective_view,103,0.00101288228931065,0.7518248175182481,1.0386233622256575
gender=M & tag=科普,behavior=effective_view,312,0.003068148293834202,0.7518072289156627,1.0385990641004446
city_level=四线城市 & tag=快手热点,behavior=effective_view,209,0.002055266004523552,0.7517985611510791,1.0385870898444944
gender=M & tag=动物,behavior=effective_view,109,0.001071885141115154,0.7517241379310344,1.0384842764054734
tag=出发吧老妈,behavior=effective_view,233,0.0022912774117415675,0.7516129032258064,1.0383306090073665
age_group=46-60 & tag=记录我的农村生活,behavior=effective_view,121,0.0011898908447241616,0.7515527950310559,1.0382475713450356
gender=M & tag=人生感悟,behavior=effective_view,121,0.0011898908447241616,0.7515527950310559,1.0382475713450356
tag=汽车 & theme=18,behavior=effective_view,124,0.0012193922706264136,0.7515151515151515,1.0381955679605455
city_level=三线城市 & theme=25,behavior=effective_view,901,0.008860261579309667,0.7514595496246872,1.0381187556219866
age_group=19-25 & theme=19,behavior=effective_view,260,0.002556790244861835,0.7514450867052023,1.0380987755339222
theme=7,behavior=effective_view,2357,0.02317828695053594,0.7513547975773032,1.0379740438206215
city_level=二线城市 & tag=快手放映室,behavior=effective_view,157,0.001543907955551185,0.7511961722488039,1.0377549077024977
city_level=四线城市 & tag=正能量,behavior=effective_view,172,0.0016914150850624447,0.7510917030567685,1.0376105866572856
gender=M & theme=22,behavior=effective_view,621,0.006106795161766152,0.750906892382104,1.0373552762713782
tag=非凡十年,behavior=effective_view,232,0.0022814436031074834,0.7508090614886731,1.0372201258359348
gender=F & tag=快手放映室,behavior=effective_view,325,0.003195987806077294,0.7505773672055427,1.0369000471557075
age_group=46-60 & theme=9,behavior=effective_view,1662,0.016343789949847577,0.7503386004514673,1.0365701980696875
gender=M & tag=影视解说,behavior=effective_view,549,0.005398760940112105,0.75,1.0361024317348186
tag=放映厅免费看大片,behavior=effective_view,360,0.003540171108270233,0.75,1.0361024317348186
tag=人类幼崽有多可爱,behavior=effective_view,234,0.0023011112203756515,0.75,1.0361024317348186
city_level=三线城市 & tag=影视解说,behavior=effective_view,174,0.0017110827023306126,0.75,1.0361024317348186
city_level=一线城市 & theme=28,behavior=effective_view,174,0.0017110827023306126,0.75,1.0361024317348186
tag=历史,behavior=effective_view,156,0.001534074146917101,0.75,1.0361024317348186
tag=专治不开心,behavior=effective_view,150,0.001475071295112597,0.75,1.0361024317348186
gender=F & tag=快手情侣日常,behavior=effective_view,141,0.0013865670174058413,0.75,1.0361024317348186
gender=M & tag=健康科普在快手,behavior=effective_view,129,0.0012685613137968334,0.75,1.0361024317348186
age_group=19-25 & tag=天生我有戏,behavior=effective_view,117,0.0011505556101878258,0.75,1.0361024317348186
city_level=二线城市 & theme=22,behavior=effective_view,114,0.0011210541842855738,0.75,1.0361024317348186
tag=沙雕 & theme=9,behavior=effective_view,111,0.0010915527583833218,0.75,1.0361024317348186
gender=M & tag=致敬英雄,behavior=effective_view,105,0.0010325499065788179,0.75,1.0361024317348186
age_group=36-45 & tag=正能量,behavior=effective_view,99,0.000973547054774314,0.75,1.0361024317348186
tag=快手短剧MCN影响力大赛,behavior=effective_view,93,0.0009145442029698102,0.75,1.0361024317348186
age_group=26-35 & tag=记录生活,behavior=effective_view,93,0.0009145442029698102,0.75,1.0361024317348186
city_level=五线城市 & tag=王者荣耀,behavior=effective_view,93,0.0009145442029698102,0.75,1.0361024317348186
tag=搞笑 & theme=39,behavior=effective_view,93,0.0009145442029698102,0.75,1.0361024317348186
tag=人间温暖 & theme=39,behavior=effective_view,90,0.0008850427770675582,0.75,1.0361024317348186
tag=教育,behavior=effective_view,87,0.0008555413511653063,0.75,1.0361024317348186
age_group=60+ & tag=内容过于真实,behavior=effective_view,84,0.0008260399252630544,0.75,1.0361024317348186
tag=关爱老人,behavior=effective_view,81,0.0007965384993608024,0.75,1.0361024317348186
gender=M & tag=导游带你游中国,behavior=effective_view,81,0.0007965384993608024,0.75,1.0361024317348186
gender=M & tag=快手农技人,behavior=effective_view,81,0.0007965384993608024,0.75,1.0361024317348186
city_level=四线城市 & tag=家庭婚姻情感,behavior=effective_view,78,0.0007670370734585505,0.75,1.0361024317348186
city_level=新一线城市 & tag=快手影视新热计划,behavior=effective_view,78,0.0007670370734585505,0.75,1.0361024317348186
city_level=二线城市 & theme=8,behavior=effective_view,78,0.0007670370734585505,0.75,1.0361024317348186
city_level=三线城市 & tag=笑点不打烊计划,behavior=effective_view,78,0.0007670370734585505,0.75,1.0361024317348186
city_level=二线城市 & tag=热门,behavior=effective_view,75,0.0007375356475562985,0.75,1.0361024317348186
city_level=五线城市 & tag=快手情侣日常,behavior=effective_view,75,0.0007375356475562985,0.75,1.0361024317348186
tag=集结吧光合作创作者,behavior=effective_view,72,0.0007080342216540466,0.75,1.0361024317348186
gender=F & tag=我妈给我一个大碧斗,behavior=effective_view,72,0.0007080342216540466,0.75,1.0361024317348186
tag=孩子教育,behavior=effective_view,69,0.0006785327957517947,0.75,1.0361024317348186
age_group=36-45 & theme=24,behavior=effective_view,69,0.0006785327957517947,0.75,1.0361024317348186
age_group=60+ & tag=人生感悟,behavior=effective_view,69,0.0006785327957517947,0.75,1.0361024317348186
city_level=一线城市 & tag=搞笑视频,behavior=effective_view,69,0.0006785327957517947,0.75,1.0361024317348186
gender=M & tag=教育,behavior=effective_view,66,0.0006490313698495427,0.75,1.0361024317348186
age_group=36-45 & tag=笑点不打烊计划,behavior=effective_view,66,0.0006490313698495427,0.75,1.0361024317348186
tag=快手影视高热计划 & tag=集结吧光合创作者,behavior=effective_view,63,0.0006195299439472907,0.75,1.0361024317348186
gender=M & tag=短剧有好货,behavior=effective_view,63,0.0006195299439472907,0.75,1.0361024317348186
gender=M & tag=恋爱,behavior=effective_view,63,0.0006195299439472907,0.75,1.0361024317348186
city_level=五线城市 & tag=人间温暖,behavior=effective_view,63,0.0006195299439472907,0.75,1.0361024317348186
tag=校园生活,behavior=effective_view,60,0.0005900285180450389,0.75,1.0361024317348186
city_level=三线城市 & tag=快手放映厅,behavior=effective_view,60,0.0005900285180450389,0.75,1.0361024317348186
age_group=19-25 & tag=新光合计划,behavior=effective_view,60,0.0005900285180450389,0.75,1.0361024317348186
tag=奇闻异事,behavior=effective_view,57,0.0005605270921427869,0.75,1.0361024317348186
tag=搞笑视频配音 & theme=9,behavior=effective_view,57,0.0005605270921427869,0.75,1.0361024317348186
tag=舞蹈 & theme=1,behavior=effective_view,57,0.0005605270921427869,0.75,1.0361024317348186
city_level=三线城市 & tag=非凡十年,behavior=effective_view,54,0.0005310256662405349,0.75,1.0361024317348186
age_group=26-35 & tag=感谢官方大大让我上一次热门,behavior=effective_view,54,0.0005310256662405349,0.75,1.0361024317348186
tag=动物世界精彩集锦 & theme=17,behavior=effective_view,54,0.0005310256662405349,0.75,1.0361024317348186
city_level=四线城市 & tag=家庭,behavior=effective_view,54,0.0005310256662405349,0.75,1.0361024317348186
age_group=26-35 & tag=篮球新世代,behavior=effective_view,51,0.0005015242403382831,0.75,1.0361024317348186
gender=M & tag=我的世界,behavior=effective_view,51,0.0005015242403382831,0.75,1.0361024317348186
age_group=60+ & tag=家庭共情,behavior=effective_view,48,0.0004720228144360311,0.75,1.0361024317348186
age_group=60+ & tag=家乡美食,behavior=effective_view,48,0.0004720228144360311,0.75,1.0361024317348186
tag=乡村守护人,behavior=effective_view,45,0.0004425213885337791,0.75,1.0361024317348186
tag=感谢快手官大大每次热门推送 & theme=11,behavior=effective_view,45,0.0004425213885337791,0.75,1.0361024317348186
age_group=46-60 & tag=萌娃,behavior=effective_view,45,0.0004425213885337791,0.75,1.0361024317348186
tag=家乡美食 & tag=快手美食家,behavior=effective_view,45,0.0004425213885337791,0.75,1.0361024317348186
age_group=60+ & tag=农村搞笑段子,behavior=effective_view,45,0.0004425213885337791,0.75,1.0361024317348186
age_group=19-25 & tag=记录我的农村生活,behavior=effective_view,45,0.0004425213885337791,0.75,1.0361024317348186
tag=二胎 & theme=9,behavior=effective_view,42,0.0004130199626315272,0.75,1.0361024317348186
tag=天生我有戏 & tag=情感短剧,behavior=effective_view,42,0.0004130199626315272,0.75,1.0361024317348186
city_level=新一线城市 & tag=涨知识,behavior=effective_view,42,0.0004130199626315272,0.75,1.0361024317348186
age_group=60+ & tag=快手小游戏,behavior=effective_view,42,0.0004130199626315272,0.75,1.0361024317348186
city_level=三线城市 & tag=家庭教育,behavior=effective_view,42,0.0004130199626315272,0.75,1.0361024317348186
age_group=26-35 & tag=超爆小故事,behavior=effective_view,39,0.00038351853672927524,0.75,1.0361024317348186
gender=F & tag=农村,behavior=effective_view,36,0.0003540171108270233,0.75,1.0361024317348186
age_group=36-45 & tag=测评,behavior=effective_view,36,0.0003540171108270233,0.75,1.0361024317348186
city_level=五线城市 & tag=快手音乐人,behavior=effective_view,36,0.0003540171108270233,0.75,1.0361024317348186
city_level=五线城市 & tag=快手创作者中心,behavior=effective_view,36,0.0003540171108270233,0.75,1.0361024317348186
gender=F & tag=沉浸式护肤,behavior=effective_view,36,0.0003540171108270233,0.75,1.0361024317348186
age_group=26-35 & tag=汽车,behavior=effective_view,36,0.0003540171108270233,0.75,1.0361024317348186
tag=太真实了,behavior=effective_view,33,0.00032451568492477135,0.75,1.0361024317348186
tag=政策,behavior=effective_view,33,0.00032451568492477135,0.75,1.0361024317348186
age_group=19-25 & tag=出发吧老妈,behavior=effective_view,33,0.00032451568492477135,0.75,1.0361024317348186
age_group=60+ & tag=好剧推荐,behavior=effective_view,33,0.00032451568492477135,0.75,1.0361024317348186
tag=快手创作者服务中心 & theme=2,behavior=effective_view,33,0.00032451568492477135,0.75,1.0361024317348186
gender=M & tag=女骑士,behavior=effective_view,33,0.00032451568492477135,0.75,1.0361024317348186
age_group=26-35 & tag=人间温暖,behavior=effective_view,33,0.00032451568492477135,0.75,1.0361024317348186
tag=监控下的一幕 & theme=28,behavior=effective_view,33,0.00032451568492477135,0.75,1.0361024317348186
tag=Vlog日常 & tag=外国人在中国,behavior=effective_view,33,0.00032451568492477135,0.75,1.0361024317348186
tag=俄罗斯乡村爱情故事 & tag=外国人在中国,behavior=effective_view,33,0.00032451568492477135,0.75,1.0361024317348186
tag=医疗 & tag=政策,behavior=effective_view,33,0.00032451568492477135,0.75,1.0361024317348186
tag=医疗 & tag=老百姓,behavior=effective_view,33,0.00032451568492477135,0.75,1.0361024317348186
tag=医疗 & theme=16,behavior=effective_view,33,0.00032451568492477135,0.75,1.0361024317348186
tag=政策 & tag=老百姓,behavior=effective_view,33,0.00032451568492477135,0.75,1.0361024317348186
tag=政策 & theme=16,behavior=effective_view,33,0.00032451568492477135,0.75,1.0361024317348186
tag=老百姓 & theme=16,behavior=effective_view,33,0.00032451568492477135,0.75,1.0361024317348186
tag=快看影视计划 & theme=39,behavior=effective_view,33,0.00032451568492477135,0.75,1.0361024317348186
tag=小趴菜 & tag=搞笑女,behavior=effective_view,33,0.00032451568492477135,0.75,1.0361024317348186
tag=小趴菜 & tag=聚会,behavior=effective_view,33,0.00032451568492477135,0.75,1.0361024317348186
tag=小趴菜 & theme=25,behavior=effective_view,33,0.00032451568492477135,0.75,1.0361024317348186
tag=搞笑女 & tag=聚会,behavior=effective_view,33,0.00032451568492477135,0.75,1.0361024317348186
tag=聚会 & theme=25,behavior=effective_view,33,0.00032451568492477135,0.75,1.0361024317348186
tag=精彩影视剪辑,behavior=effective_view,30,0.00029501425902251943,0.75,1.0361024317348186
tag=交警,behavior=effective_view,30,0.00029501425902251943,0.75,1.0361024317348186
gender=F & tag=民间故事,behavior=effective_view,30,0.00029501425902251943,0.75,1.0361024317348186
tag=快影达人 & tag=快手弹幕,behavior=effective_view,30,0.00029501425902251943,0.75,1.0361024317348186
gender=M & tag=印度,behavior=effective_view,30,0.00029501425902251943,0.75,1.0361024317348186
city_level=五线城市 & tag=找工作,behavior=effective_view,30,0.00029501425902251943,0.75,1.0361024317348186
city_level=二线城市 & tag=新农人计划2022,behavior=effective_view,30,0.00029501425902251943,0.75,1.0361024317348186
tag=精彩影视剪辑 & theme=39,behavior=effective_view,30,0.00029501425902251943,0.75,1.0361024317348186
city_level=五线城市 & tag=快手有戏精,behavior=effective_view,30,0.00029501425902251943,0.75,1.0361024317348186
tag=仓鼠 & tag=金丝熊,behavior=effective_view,30,0.00029501425902251943,0.75,1.0361024317348186
tag=超好看的古装剧 & theme=39,behavior=effective_view,30,0.00029501425902251943,0.75,1.0361024317348186
age_group=46-60 & tag=篮球新世代,behavior=effective_view,30,0.00029501425902251943,0.75,1.0361024317348186
tag=发现 & theme=11,behavior=effective_view,30,0.00029501425902251943,0.75,1.0361024317348186
tag=铭记历史,behavior=effective_view,27,0.00026551283312026746,0.75,1.0361024317348186
tag=在家做美食,behavior=effective_view,27,0.00026551283312026746,0.75,1.0361024317348186
tag=70后老阿姨,behavior=effective_view,27,0.00026551283312026746,0.75,1.0361024317348186
tag=妈妈辛苦了,behavior=effective_view,27,0.00026551283312026746,0.75,1.0361024317348186
tag=婆媳之间那点事儿,behavior=effective_view,27,0.00026551283312026746,0.75,1.0361024317348186
tag=beatbox,behavior=effective_view,27,0.00026551283312026746,0.75,1.0361024317348186
city_level=三线城市 & tag=生活,behavior=effective_view,27,0.00026551283312026746,0.75,1.0361024317348186
tag=出发吧老妈 & theme=39,behavior=effective_view,27,0.00026551283312026746,0.75,1.0361024317348186
tag=我妈给我一个大碧斗 & theme=39,behavior=effective_view,27,0.00026551283312026746,0.75,1.0361024317348186
tag=在家做美食 & theme=12,behavior=effective_view,27,0.00026551283312026746,0.75,1.0361024317348186
tag=70后老阿姨 & tag=妈妈辛苦了,behavior=effective_view,27,0.00026551283312026746,0.75,1.0361024317348186
tag=70后老阿姨 & tag=婆媳之间那点事儿,behavior=effective_view,27,0.00026551283312026746,0.75,1.0361024317348186
tag=70后老阿姨 & theme=12,behavior=effective_view,27,0.00026551283312026746,0.75,1.0361024317348186
tag=妈妈辛苦了 & tag=婆媳之间那点事儿,behavior=effective_view,27,0.00026551283312026746,0.75,1.0361024317348186
tag=妈妈辛苦了 & theme=12,behavior=effective_view,27,0.00026551283312026746,0.75,1.0361024317348186
tag=婆媳之间那点事儿 & theme=12,behavior=effective_view,27,0.00026551283312026746,0.75,1.0361024317348186
tag=持续关注持续精彩 & theme=39,behavior=effective_view,27,0.00026551283312026746,0.75,1.0361024317348186
tag=解压 & theme=37,behavior=effective_view,27,0.00026551283312026746,0.75,1.0361024317348186
gender=M & tag=人间烟火气,behavior=effective_view,27,0.00026551283312026746,0.75,1.0361024317348186
gender=M & tag=政务短视频原创计划,behavior=effective_view,27,0.00026551283312026746,0.75,1.0361024317348186
gender=M & tag=00后,behavior=effective_view,27,0.00026551283312026746,0.75,1.0361024317348186
tag=家庭 & theme=19,behavior=effective_view,27,0.00026551283312026746,0.75,1.0361024317348186
age_group=46-60 & tag=户外,behavior=effective_view,27,0.00026551283312026746,0.75,1.0361024317348186
city_level=三线城市 & tag=怀旧动画,behavior=effective_view,27,0.00026551283312026746,0.75,1.0361024317348186
city_level=二线城市 & tag=好剧推荐,behavior=effective_view,27,0.00026551283312026746,0.75,1.0361024317348186
tag=2022光合创作者大会 & theme=37,behavior=effective_view,27,0.00026551283312026746,0.75,1.0361024317348186
age_group=60+ & tag=短剧MCN影响力大赛,behavior=effective_view,27,0.00026551283312026746,0.75,1.0361024317348186
city_level=四线城市 & tag=学生时代,behavior=effective_view,27,0.00026551283312026746,0.75,1.0361024317348186
tag=快手创作者服务中心 & theme=6,behavior=effective_view,27,0.00026551283312026746,0.75,1.0361024317348186
tag=商业,behavior=effective_view,24,0.00023601140721801555,0.75,1.0361024317348186
tag=搜狐热剧享不停,behavior=effective_view,24,0.00023601140721801555,0.75,1.0361024317348186
tag=粉耗子,behavior=effective_view,24,0.00023601140721801555,0.75,1.0361024317348186
tag=在快手看遍美景,behavior=effective_view,24,0.00023601140721801555,0.75,1.0361024317348186
city_level=二线城市 & tag=历史,behavior=effective_view,24,0.00023601140721801555,0.75,1.0361024317348186
age_group=26-35 & tag=人间奇趣记录仪,behavior=effective_view,24,0.00023601140721801555,0.75,1.0361024317348186
gender=F & tag=搞笑配音视频,behavior=effective_view,24,0.00023601140721801555,0.75,1.0361024317348186
tag=搜狐热剧享不停 & theme=39,behavior=effective_view,24,0.00023601140721801555,0.75,1.0361024317348186
age_group=60+ & tag=感动瞬间,behavior=effective_view,24,0.00023601140721801555,0.75,1.0361024317348186
age_group=46-60 & tag=关爱女性健康,behavior=effective_view,24,0.00023601140721801555,0.75,1.0361024317348186
tag=粉耗子 & theme=12,behavior=effective_view,24,0.00023601140721801555,0.75,1.0361024317348186
gender=F & tag=对口型,behavior=effective_view,24,0.00023601140721801555,0.75,1.0361024317348186
gender=F & tag=魔术教学,behavior=effective_view,24,0.00023601140721801555,0.75,1.0361024317348186
city_level=二线城市 & tag=户外,behavior=effective_view,24,0.00023601140721801555,0.75,1.0361024317348186
age_group=26-35 & tag=人类迷惑行为,behavior=effective_view,24,0.00023601140721801555,0.75,1.0361024317348186
gender=M & tag=交警,behavior=effective_view,24,0.00023601140721801555,0.75,1.0361024317348186
gender=M & tag=政策,behavior=effective_view,24,0.00023601140721801555,0.75,1.0361024317348186
gender=F & tag=长沙,behavior=effective_view,24,0.00023601140721801555,0.75,1.0361024317348186
age_group=26-35 & tag=同城,behavior=effective_view,24,0.00023601140721801555,0.75,1.0361024317348186
tag=一定要看到结尾,behavior=effective_view,21,0.0002065099813157636,0.75,1.0361024317348186
tag=2022快手光合创作者,behavior=effective_view,21,0.0002065099813157636,0.75,1.0361024317348186
tag=持续更新,behavior=effective_view,21,0.0002065099813157636,0.75,1.0361024317348186
tag=好身材秀出来,behavior=effective_view,21,0.0002065099813157636,0.75,1.0361024317348186
city_level=五线城市 & tag=快手农技人,behavior=effective_view,21,0.0002065099813157636,0.75,1.0361024317348186
city_level=三线城市 & tag=快手好书单,behavior=effective_view,21,0.0002065099813157636,0.75,1.0361024317348186
tag=三农 & tag=农业,behavior=effective_view,21,0.0002065099813157636,0.75,1.0361024317348186
age_group=46-60 & tag=快手热度,behavior=effective_view,21,0.0002065099813157636,0.75,1.0361024317348186
age_group=46-60 & tag=农村大席,behavior=effective_view,21,0.0002065099813157636,0.75,1.0361024317348186
tag=一定要看到结尾 & tag=剧情,behavior=effective_view,21,0.0002065099813157636,0.75,1.0361024317348186
tag=一定要看到结尾 & theme=39,behavior=effective_view,21,0.0002065099813157636,0.75,1.0361024317348186
tag=2022快手光合创作者 & theme=9,behavior=effective_view,21,0.0002065099813157636,0.75,1.0361024317348186
gender=M & tag=巴基斯坦,behavior=effective_view,21,0.0002065099813157636,0.75,1.0361024317348186
tag=姐弟恋 & theme=11,behavior=effective_view,21,0.0002065099813157636,0.75,1.0361024317348186
city_level=四线城市 & tag=真人真事传递正能量,behavior=effective_view,21,0.0002065099813157636,0.75,1.0361024317348186
gender=F & tag=教育,behavior=effective_view,21,0.0002065099813157636,0.75,1.0361024317348186
gender=M & tag=幽默搞笑段子,behavior=effective_view,21,0.0002065099813157636,0.75,1.0361024317348186
tag=快手热点 & theme=28,behavior=effective_view,21,0.0002065099813157636,0.75,1.0361024317348186
gender=M & tag=养殖,behavior=effective_view,21,0.0002065099813157636,0.75,1.0361024317348186
tag=养殖 & theme=13,behavior=effective_view,21,0.0002065099813157636,0.75,1.0361024317348186
gender=M & tag=全村最靓的仔,behavior=effective_view,21,0.0002065099813157636,0.75,1.0361024317348186
tag=学生党 & tag=讲故事,behavior=effective_view,21,0.0002065099813157636,0.75,1.0361024317348186
age_group=46-60 & tag=明星故事,behavior=effective_view,21,0.0002065099813157636,0.75,1.0361024317348186
city_level=四线城市 & tag=家庭日常,behavior=effective_view,21,0.0002065099813157636,0.75,1.0361024317348186
gender=M & tag=整活,behavior=effective_view,21,0.0002065099813157636,0.75,1.0361024317348186
gender=M & tag=一盔一带保平安,behavior=effective_view,21,0.0002065099813157636,0.75,1.0361024317348186
tag=农村搞笑视频 & tag=搞笑段子,behavior=effective_view,21,0.0002065099813157636,0.75,1.0361024317348186
gender=F & tag=夫妻那点事,behavior=effective_view,21,0.0002065099813157636,0.75,1.0361024317348186
gender=F & tag=姑嫂,behavior=effective_view,21,0.0002065099813157636,0.75,1.0361024317348186
age_group=60+ & tag=持续关注持续精彩,behavior=effective_view,21,0.0002065099813157636,0.75,1.0361024317348186
gender=M & tag=黑河口岸,behavior=effective_view,21,0.0002065099813157636,0.75,1.0361024317348186
city_level=四线城市 & tag=大实话,behavior=effective_view,21,0.0002065099813157636,0.75,1.0361024317348186
age_group=36-45 & tag=快手宠物天团,behavior=effective_view,21,0.0002065099813157636,0.75,1.0361024317348186
age_group=19-25 & tag=快手有戏精,behavior=effective_view,21,0.0002065099813157636,0.75,1.0361024317348186
city_level=三线城市 & tag=开学季,behavior=effective_view,21,0.0002065099813157636,0.75,1.0361024317348186
tag=持续更新 & theme=39,behavior=effective_view,21,0.0002065099813157636,0.75,1.0361024317348186
gender=M & tag=消防员,behavior=effective_view,21,0.0002065099813157636,0.75,1.0361024317348186
city_level=四线城市 & tag=打工人,behavior=effective_view,21,0.0002065099813157636,0.75,1.0361024317348186
city_level=三线城市 & tag=一定要看到最后哦,behavior=effective_view,21,0.0002065099813157636,0.75,1.0361024317348186
city_level=三线城市 & tag=交通安全,behavior=effective_view,21,0.0002065099813157636,0.75,1.0361024317348186
tag=王者荣耀 & tag=集结吧光合创作者,behavior=effective_view,21,0.0002065099813157636,0.75,1.0361024317348186
age_group=19-25 & tag=亲子,behavior=effective_view,21,0.0002065099813157636,0.75,1.0361024317348186
gender=M & tag=聚会,behavior=effective_view,21,0.0002065099813157636,0.75,1.0361024317348186
tag=恐龙当家 & theme=6,behavior=effective_view,21,0.0002065099813157636,0.75,1.0361024317348186
city_level=三线城市 & tag=作品推广,behavior=effective_view,21,0.0002065099813157636,0.75,1.0361024317348186
city_level=四线城市 & theme=39,behavior=effective_view,3397,0.03340544792998328,0.7498896247240618,1.0359499516124147
gender=F & theme=28,behavior=effective_view,662,0.006509981315763596,0.7497168742921857,1.0357113020890145
city_level=五线城市 & theme=7,behavior=effective_view,544,0.005349591896941686,0.7493112947658402,1.03515100617767
age_group=26-35 & theme=3,behavior=effective_view,899,0.0088405939620415,0.7491666666666666,1.0349512068106688
age_group=19-25 & theme=15,behavior=effective_view,221,0.0021732717081325596,0.7491525423728813,1.0349316945238187
gender=M & theme=6,behavior=effective_view,1406,0.013826334939522077,0.7490676611614278,1.0348144336843579
age_group=60+ & tag=快手影视高热计划,behavior=effective_view,185,0.0018192545973055364,0.7489878542510121,1.03470418283909
gender=F & tag=影视剪辑,behavior=effective_view,161,0.0015832431900875208,0.7488372093023256,1.0344960713755398
city_level=三线城市 & tag=快手影视新热计划,behavior=effective_view,149,0.0014652374864785132,0.7487437185929648,1.0343669167737888
city_level=四线城市 & tag=快手放映室,behavior=effective_view,250,0.0024584521585209952,0.7485029940119761,1.034034363008801
tag=集结吧光合创作者 & theme=12,behavior=effective_view,122,0.0011997246533582456,0.7484662576687117,1.0339836128560154
gender=F & tag=家庭,behavior=effective_view,119,0.0011702232274559937,0.7484276729559748,1.0339303092364227
city_level=四线城市 & theme=29,behavior=effective_view,113,0.0011112203756514897,0.7483443708609272,1.0338152298987595
age_group=19-25 & tag=搞笑视频,behavior=effective_view,336,0.0033041597010522177,0.7483296213808464,1.0337948539358546
city_level=四线城市 & theme=7,behavior=effective_view,550,0.005408594748746189,0.7482993197278912,1.0337529931141047
city_level=五线城市 & tag=情侣日常,behavior=effective_view,98,0.0009637132461402301,0.7480916030534351,1.0334660387787504
city_level=五线城市 & tag=影视解说,behavior=effective_view,190,0.0018684236404759563,0.7480314960629921,1.033383002780134
tag=手艺人,behavior=effective_view,187,0.0018389222145737045,0.748,1.033339491916859
city_level=四线城市 & tag=和平精英,behavior=effective_view,92,0.0009047103943357263,0.7479674796747967,1.0332945660661605
city_level=四线城市 & tag=快手情侣日常,behavior=effective_view,89,0.0008752089684334743,0.7478991596638656,1.0332001840268779
tag=正能量 & theme=19,behavior=effective_view,169,0.0016619136591601927,0.7477876106194691,1.0330460823786687
gender=M & tag=迷你世界,behavior=effective_view,83,0.0008162061166289704,0.7477477477477478,1.0329910130209004
age_group=46-60 & tag=快手小剧场,behavior=effective_view,74,0.0007277018389222146,0.7474747474747475,1.032613871358607
tag=历史 & theme=21,behavior=effective_view,136,0.0013373979742354214,0.7472527472527473,1.032307184732127
age_group=60+ & tag=新光合计划,behavior=effective_view,195,0.0019175926836463761,0.7471264367816092,1.0321326906170607
tag=家有萌娃,behavior=effective_view,65,0.0006391975612154587,0.7471264367816092,1.0321326906170607
tag=快手小剧场 & theme=39,behavior=effective_view,251,0.0024682859671550793,0.7470238095238095,1.0319909141485692
tag=笑疯了老铁 & theme=9,behavior=effective_view,124,0.0012193922706264136,0.7469879518072289,1.0319413777921085
gender=M & tag=生活,behavior=effective_view,62,0.0006096961353132068,0.7469879518072289,1.0319413777921085
tag=搞笑视频配音,behavior=effective_view,59,0.0005801947094109549,0.7468354430379747,1.0317306915165283
age_group=60+ & tag=精彩片段,behavior=effective_view,59,0.0005801947094109549,0.7468354430379747,1.0317306915165283
age_group=60+ & tag=情侣日常,behavior=effective_view,59,0.0005801947094109549,0.7468354430379747,1.0317306915165283
city_level=一线城市 & tag=2022光合创作者大会,behavior=effective_view,59,0.0005801947094109549,0.7468354430379747,1.0317306915165283
age_group=60+ & tag=百善孝为先,behavior=effective_view,59,0.0005801947094109549,0.7468354430379747,1.0317306915165283
tag=家庭,behavior=effective_view,230,0.0022617759858393157,0.7467532467532467,1.0316171398225467
tag=装修,behavior=effective_view,115,0.0011308879929196579,0.7467532467532467,1.0316171398225467
tag=我的观影报告 & theme=39,behavior=effective_view,171,0.0016815812764283608,0.7467248908296943,1.0315779669674177
city_level=五线城市 & tag=艾特你想艾特的人,behavior=effective_view,56,0.0005506932835087029,0.7466666666666667,1.0314975320382194
gender=M & tag=加油季,behavior=effective_view,330,0.0032451568492477137,0.746606334841629,1.031414185437376
gender=F & tag=精彩片段,behavior=effective_view,53,0.000521191857606451,0.7464788732394366,1.031238101069397
gender=M & tag=见义勇为,behavior=effective_view,53,0.000521191857606451,0.7464788732394366,1.031238101069397
gender=F & theme=34,behavior=effective_view,209,0.002055266004523552,0.7464285714285714,1.0311686106313194
city_level=二线城市 & gender=M,behavior=effective_view,7418,0.07294719244763496,0.746352751785894,1.031063868076451
tag=英语,behavior=effective_view,50,0.000491690431704199,0.746268656716418,1.0309476932684762
tag=夫妻日常 & theme=11,behavior=effective_view,50,0.000491690431704199,0.746268656716418,1.0309476932684762
age_group=26-35 & tag=爸爸带娃,behavior=effective_view,50,0.000491690431704199,0.746268656716418,1.0309476932684762
city_level=二线城市 & tag=暑期不断片,behavior=effective_view,50,0.000491690431704199,0.746268656716418,1.0309476932684762
tag=影视解说,behavior=effective_view,741,0.00728685219785623,0.7462235649546828,1.0308854003564962
age_group=36-45 & theme=15,behavior=effective_view,444,0.004366211033533287,0.746218487394958,1.0308783858605255
age_group=46-60 & city_level=四线城市,behavior=effective_view,3840,0.03776182515488249,0.7462106490478041,1.030867557419796
gender=M & tag=手艺人,behavior=effective_view,147,0.0014455698692103453,0.7461928934010152,1.0308430285280428
city_level=五线城市 & theme=19,behavior=effective_view,635,0.006244468482643328,0.7461809635722679,1.0308265478286092
tag=好运1号更静音的高端轮胎,behavior=effective_view,144,0.0014160684433080933,0.7461139896373057,1.0307340253527728
tag=好运1号更静音的高端轮胎 & theme=39,behavior=effective_view,144,0.0014160684433080933,0.7461139896373057,1.0307340253527728
tag=快手放映室,behavior=effective_view,999,0.009823974825449897,0.7460791635548917,1.0306859141678704
city_level=五线城市 & tag=游戏凡星计划,behavior=effective_view,94,0.0009243780116038942,0.746031746031746,1.0306204082864863
gender=F & tag=学生时代,behavior=effective_view,47,0.0004621890058019471,0.746031746031746,1.0306204082864863
tag=加油季 & tag=追剧一夏,behavior=effective_view,47,0.0004621890058019471,0.746031746031746,1.0306204082864863
city_level=五线城市 & tag=人间真实在快手,behavior=effective_view,47,0.0004621890058019471,0.746031746031746,1.0306204082864863
tag=快手放映室 & theme=39,behavior=effective_view,975,0.009587963418231881,0.7459831675592961,1.0305532985885724
city_level=三线城市 & theme=17,behavior=effective_view,370,0.0036385091946110728,0.7459677419354839,1.0305319885534485
age_group=26-35 & tag=追剧一夏,behavior=effective_view,317,0.0031173173370046218,0.7458823529411764,1.0304140262272548
tag=非凡十年 & theme=28,behavior=effective_view,223,0.0021929393254007277,0.745819397993311,1.0303270558611572
age_group=36-45 & theme=21,behavior=effective_view,88,0.0008653751597993903,0.7457627118644068,1.0302487456798197
tag=神奇动物,behavior=effective_view,44,0.00043268757989969517,0.7457627118644068,1.0302487456798197
tag=我要拍爆款,behavior=effective_view,44,0.00043268757989969517,0.7457627118644068,1.0302487456798197
tag=政务短视频原创计划,behavior=effective_view,44,0.00043268757989969517,0.7457627118644068,1.0302487456798197
tag=孕妇,behavior=effective_view,44,0.00043268757989969517,0.7457627118644068,1.0302487456798197
city_level=四线城市 & tag=健康科普在快手,behavior=effective_view,44,0.00043268757989969517,0.7457627118644068,1.0302487456798197
gender=M & tag=爆笑,behavior=effective_view,44,0.00043268757989969517,0.7457627118644068,1.0302487456798197
tag=快手快招工 & theme=11,behavior=effective_view,44,0.00043268757989969517,0.7457627118644068,1.0302487456798197
tag=光合计划 & tag=影视解说,behavior=effective_view,44,0.00043268757989969517,0.7457627118644068,1.0302487456798197
city_level=五线城市 & tag=Vlog日常,behavior=effective_view,44,0.00043268757989969517,0.7457627118644068,1.0302487456798197
city_level=三线城市 & tag=打开弹幕看好剧,behavior=effective_view,44,0.00043268757989969517,0.7457627118644068,1.0302487456798197
gender=M & tag=王者荣耀,behavior=effective_view,305,0.0029993116333956143,0.7457212713936431,1.0301914969164456
gender=M & tag=电影解说,behavior=effective_view,217,0.0021339364735962238,0.7457044673539519,1.030168282641263
city_level=新一线城市 & theme=28,behavior=effective_view,258,0.002537122627593667,0.7456647398843931,1.0301134003375074
age_group=26-35 & tag=快手热点,behavior=effective_view,170,0.0016717474677942767,0.7456140350877193,1.0300433531866617
tag=2022光合创作者大会 & theme=6,behavior=effective_view,85,0.0008358737338971384,0.7456140350877193,1.0300433531866617
age_group=36-45 & tag=集结吧光合创作者,behavior=effective_view,337,0.0033139935096863013,0.745575221238938,1.0299897330225187
age_group=26-35 & tag=新光合计划,behavior=effective_view,126,0.0012390598878945815,0.7455621301775148,1.029971648115086
city_level=三线城市 & tag=fyp,behavior=effective_view,41,0.0004031861539974432,0.7454545454545455,1.029823023057638
tag=原创 & theme=39,behavior=effective_view,41,0.0004031861539974432,0.7454545454545455,1.029823023057638
age_group=60+ & tag=打工人,behavior=effective_view,41,0.0004031861539974432,0.7454545454545455,1.029823023057638
tag=快手光合计划,behavior=effective_view,161,0.0015832431900875208,0.7453703703703703,1.0297067377117641
tag=致敬英雄,behavior=effective_view,196,0.0019274264922804602,0.7452471482889734,1.0295365101141924
age_group=46-60 & tag=影视解说,behavior=effective_view,193,0.0018979250663782082,0.7451737451737451,1.0294351059192792
tag=短剧有好货 & theme=39,behavior=effective_view,76,0.0007473694561903826,0.7450980392156863,1.0293305204162904
tag=中国好儿郎,behavior=effective_view,38,0.0003736847280951913,0.7450980392156863,1.0293305204162904
tag=进厂打工,behavior=effective_view,38,0.0003736847280951913,0.7450980392156863,1.0293305204162904
tag=开店,behavior=effective_view,38,0.0003736847280951913,0.7450980392156863,1.0293305204162904
tag=甜甜的恋爱,behavior=effective_view,38,0.0003736847280951913,0.7450980392156863,1.0293305204162904
tag=聚会,behavior=effective_view,38,0.0003736847280951913,0.7450980392156863,1.0293305204162904
tag=中国好儿郎 & tag=正能量,behavior=effective_view,38,0.0003736847280951913,0.7450980392156863,1.0293305204162904
tag=中国好儿郎 & tag=爱我中华强我国威,behavior=effective_view,38,0.0003736847280951913,0.7450980392156863,1.0293305204162904
tag=中国好儿郎 & theme=28,behavior=effective_view,38,0.0003736847280951913,0.7450980392156863,1.0293305204162904
tag=正能量 & tag=爱我中华强我国威,behavior=effective_view,38,0.0003736847280951913,0.7450980392156863,1.0293305204162904
tag=爱我中华强我国威 & theme=28,behavior=effective_view,38,0.0003736847280951913,0.7450980392156863,1.0293305204162904
tag=家有萌娃 & theme=25,behavior=effective_view,38,0.0003736847280951913,0.7450980392156863,1.0293305204162904
gender=M & tag=家庭,behavior=effective_view,111,0.0010915527583833218,0.7449664429530202,1.029148724139283
tag=装修 & theme=36,behavior=effective_view,111,0.0010915527583833218,0.7449664429530202,1.029148724139283
gender=F & tag=传递正能量,behavior=effective_view,219,0.002153604090864392,0.7448979591836735,1.029054115872677
age_group=60+ & tag=电影解说,behavior=effective_view,73,0.0007178680302881306,0.7448979591836735,1.029054115872677
gender=M & tag=原创作品,behavior=effective_view,73,0.0007178680302881306,0.7448979591836735,1.029054115872677
gender=M & tag=百善孝为先,behavior=effective_view,73,0.0007178680302881306,0.7448979591836735,1.029054115872677
theme=25,behavior=effective_view,3468,0.034103648343003244,0.7448453608247423,1.0289814528225518
tag=新光合计划,behavior=effective_view,645,0.006342806568984167,0.7448036951501155,1.0289238929468176
tag=情侣日常 & theme=11,behavior=effective_view,394,0.0038745206018290885,0.7448015122873346,1.0289208773875704
age_group=36-45 & city_level=二线城市,behavior=effective_view,1917,0.01885141115153899,0.7447552447552448,1.0288569601842255
tag=玩具,behavior=effective_view,105,0.0010325499065788179,0.7446808510638298,1.0287541875381176
tag=外国人真会玩,behavior=effective_view,35,0.0003441833021929393,0.7446808510638298,1.0287541875381176
tag=恶作剧,behavior=effective_view,35,0.0003441833021929393,0.7446808510638298,1.0287541875381176
tag=老北京,behavior=effective_view,35,0.0003441833021929393,0.7446808510638298,1.0287541875381176
tag=人物故事 & theme=21,behavior=effective_view,35,0.0003441833021929393,0.7446808510638298,1.0287541875381176
city_level=五线城市 & tag=集合吧光合计划创作者,behavior=effective_view,35,0.0003441833021929393,0.7446808510638298,1.0287541875381176
gender=M & tag=酒驾,behavior=effective_view,35,0.0003441833021929393,0.7446808510638298,1.0287541875381176
tag=每天搞笑视频不断 & theme=9,behavior=effective_view,35,0.0003441833021929393,0.7446808510638298,1.0287541875381176
tag=我在快手涨知识 & theme=29,behavior=effective_view,35,0.0003441833021929393,0.7446808510638298,1.0287541875381176
age_group=46-60 & theme=19,behavior=effective_view,702,0.006903333661126955,0.7444326617179216,1.0284113214250161
gender=M & tag=爱情,behavior=effective_view,99,0.000973547054774314,0.7443609022556391,1.0283121878871884
gender=F & tag=出发吧老妈,behavior=effective_view,96,0.0009440456288720622,0.7441860465116279,1.0280706299384246
tag=情感短剧,behavior=effective_view,64,0.0006293637525813748,0.7441860465116279,1.0280706299384246
tag=情感短剧 & theme=39,behavior=effective_view,64,0.0006293637525813748,0.7441860465116279,1.0280706299384246
age_group=26-35 & tag=出发吧老妈,behavior=effective_view,64,0.0006293637525813748,0.7441860465116279,1.0280706299384246
tag=社会百态 & theme=28,behavior=effective_view,64,0.0006293637525813748,0.7441860465116279,1.0280706299384246
age_group=26-35 & tag=剧情,behavior=effective_view,64,0.0006293637525813748,0.7441860465116279,1.0280706299384246
tag=看世界,behavior=effective_view,32,0.0003146818762906874,0.7441860465116279,1.0280706299384246
tag=人间烟火气,behavior=effective_view,32,0.0003146818762906874,0.7441860465116279,1.0280706299384246
tag=金丝熊,behavior=effective_view,32,0.0003146818762906874,0.7441860465116279,1.0280706299384246
city_level=四线城市 & tag=家庭教育,behavior=effective_view,32,0.0003146818762906874,0.7441860465116279,1.0280706299384246
city_level=四线城市 & tag=财富密码在人间,behavior=effective_view,32,0.0003146818762906874,0.7441860465116279,1.0280706299384246
city_level=四线城市 & tag=育儿,behavior=effective_view,32,0.0003146818762906874,0.7441860465116279,1.0280706299384246
tag=天生我有戏 & theme=6,behavior=effective_view,32,0.0003146818762906874,0.7441860465116279,1.0280706299384246
tag=全民烧脑新版 & theme=3,behavior=effective_view,32,0.0003146818762906874,0.7441860465116279,1.0280706299384246
city_level=五线城市 & tag=夫妻日常,behavior=effective_view,32,0.0003146818762906874,0.7441860465116279,1.0280706299384246
tag=情感 & tag=男人,behavior=effective_view,32,0.0003146818762906874,0.7441860465116279,1.0280706299384246
tag=人间烟火气 & theme=12,behavior=effective_view,32,0.0003146818762906874,0.7441860465116279,1.0280706299384246
city_level=四线城市 & tag=亲子,behavior=effective_view,32,0.0003146818762906874,0.7441860465116279,1.0280706299384246
city_level=五线城市 & tag=人性,behavior=effective_view,32,0.0003146818762906874,0.7441860465116279,1.0280706299384246
tag=搞笑视频 & theme=25,behavior=effective_view,32,0.0003146818762906874,0.7441860465116279,1.0280706299384246
tag=感谢快手官大大每次热门推送 & tag=集结吧光合创作者,behavior=effective_view,32,0.0003146818762906874,0.7441860465116279,1.0280706299384246
gender=F & tag=舞蹈,behavior=effective_view,32,0.0003146818762906874,0.7441860465116279,1.0280706299384246
city_level=五线城市 & tag=动物,behavior=effective_view,32,0.0003146818762906874,0.7441860465116279,1.0280706299384246
gender=M & tag=看一次笑十次爆笑来袭,behavior=effective_view,32,0.0003146818762906874,0.7441860465116279,1.0280706299384246
tag=金丝熊 & theme=17,behavior=effective_view,32,0.0003146818762906874,0.7441860465116279,1.0280706299384246
tag=科普 & theme=29,behavior=effective_view,189,0.0018585898318418724,0.7440944881889764,1.027944144870765
age_group=60+ & tag=快手小剧场,behavior=effective_view,93,0.0009145442029698102,0.744,1.02781361228094
city_level=五线城市 & theme=9,behavior=effective_view,2072,0.020375651489822007,0.7439856373429085,1.027793770702355
age_group=60+ & tag=家庭婚姻情感,behavior=effective_view,154,0.001514406529648933,0.7439613526570048,1.02776022213953
gender=M & tag=快手放映室,behavior=effective_view,674,0.006627987019372603,0.7439293598233996,1.0277160250026016
tag=情感 & tag=正能量,behavior=effective_view,61,0.0005998623266791228,0.7439024390243902,1.0276788347288444
tag=爆笑夏令营 & theme=9,behavior=effective_view,90,0.0008850427770675582,0.743801652892562,1.0275396017204812
age_group=26-35 & tag=快手创作者服务中心,behavior=effective_view,119,0.0011702232274559937,0.74375,1.0274682448036951
gender=M & theme=17,behavior=effective_view,1111,0.010925361392467303,0.7436412315930389,1.0273179845224305
gender=F & tag=搞笑视频,behavior=effective_view,641,0.006303471334447832,0.7436194895591647,1.0272879485568733
gender=F & tag=闺蜜,behavior=effective_view,58,0.0005703609007768709,0.7435897435897436,1.0272468553952048
city_level=二线城市 & tag=感谢官方大大让我上一次热门,behavior=effective_view,58,0.0005703609007768709,0.7435897435897436,1.0272468553952048
gender=F & tag=快手有戏精,behavior=effective_view,58,0.0005703609007768709,0.7435897435897436,1.0272468553952048
city_level=二线城市 & tag=出发吧老妈,behavior=effective_view,29,0.0002851804503884354,0.7435897435897436,1.0272468553952048
city_level=四线城市 & tag=喜欢,behavior=effective_view,29,0.0002851804503884354,0.7435897435897436,1.0272468553952048
age_group=26-35 & tag=快手热度,behavior=effective_view,29,0.0002851804503884354,0.7435897435897436,1.0272468553952048
gender=M & tag=情感共鸣,behavior=effective_view,29,0.0002851804503884354,0.7435897435897436,1.0272468553952048
city_level=二线城市 & tag=搞笑段子,behavior=effective_view,29,0.0002851804503884354,0.7435897435897436,1.0272468553952048
gender=F & tag=用小红花一块做好事,behavior=effective_view,29,0.0002851804503884354,0.7435897435897436,1.0272468553952048
age_group=60+ & tag=集结吧光合作创作者,behavior=effective_view,29,0.0002851804503884354,0.7435897435897436,1.0272468553952048
city_level=三线城市 & tag=百亿剧好看计划,behavior=effective_view,29,0.0002851804503884354,0.7435897435897436,1.0272468553952048
city_level=三线城市 & tag=家庭共情,behavior=effective_view,29,0.0002851804503884354,0.7435897435897436,1.0272468553952048
age_group=60+ & tag=社会百态,behavior=effective_view,29,0.0002851804503884354,0.7435897435897436,1.0272468553952048
city_level=五线城市 & tag=快手粉条热点助我上热门,behavior=effective_view,29,0.0002851804503884354,0.7435897435897436,1.0272468553952048
tag=2022光合创作者大会 & tag=搞笑视频,behavior=effective_view,29,0.0002851804503884354,0.7435897435897436,1.0272468553952048
age_group=60+ & tag=爰音乐爱唱歌,behavior=effective_view,29,0.0002851804503884354,0.7435897435897436,1.0272468553952048
city_level=四线城市 & tag=快手宠物天团,behavior=effective_view,29,0.0002851804503884354,0.7435897435897436,1.0272468553952048
city_level=三线城市 & tag=反转,behavior=effective_view,29,0.0002851804503884354,0.7435897435897436,1.0272468553952048
tag=集合吧光合计划创作者,behavior=effective_view,168,0.0016520798505261088,0.7433628318584071,1.026933383666369
tag=笑点不打烊计划 & theme=9,behavior=effective_view,223,0.0021929393254007277,0.7433333333333333,1.02689263234162
tag=记录我的农村生活 & theme=12,behavior=effective_view,194,0.0019077588750122923,0.7432950191570882,1.0268397024600502
tag=记录真实生活,behavior=effective_view,110,0.001081718949749238,0.7432432432432432,1.0267681755930633
tag=在快手看世界 & theme=11,behavior=effective_view,55,0.000540859474874619,0.7432432432432432,1.0267681755930633
gender=M & tag=纪录片,behavior=effective_view,55,0.000540859474874619,0.7432432432432432,1.0267681755930633
tag=交通安全 & theme=28,behavior=effective_view,55,0.000540859474874619,0.7432432432432432,1.0267681755930633
age_group=26-35 & theme=6,behavior=effective_view,625,0.006146130396302488,0.7431629013079667,1.0266571856270497
tag=传递正能量 & theme=15,behavior=effective_view,81,0.0007965384993608024,0.7431192660550459,1.026596904838169
theme=14,behavior=effective_view,431,0.004238371521290195,0.743103448275862,1.0265750530521995
tag=家庭 & theme=39,behavior=effective_view,107,0.001052217523846986,0.7430555555555556,1.0265088907002369
tag=手工,behavior=effective_view,104,0.001022716097944734,0.7428571428571429,1.0262347895278203
age_group=46-60 & tag=快手影视新热计划,behavior=effective_view,104,0.001022716097944734,0.7428571428571429,1.0262347895278203
age_group=19-25 & tag=热门,behavior=effective_view,78,0.0007670370734585505,0.7428571428571429,1.0262347895278203
tag=励志,behavior=effective_view,52,0.000511358048972367,0.7428571428571429,1.0262347895278203
age_group=19-25 & tag=记录生活,behavior=effective_view,52,0.000511358048972367,0.7428571428571429,1.0262347895278203
tag=俄罗斯美食,behavior=effective_view,26,0.0002556790244861835,0.7428571428571429,1.0262347895278203
tag=酸梅汤,behavior=effective_view,26,0.0002556790244861835,0.7428571428571429,1.0262347895278203
tag=搞笑哈士奇,behavior=effective_view,26,0.0002556790244861835,0.7428571428571429,1.0262347895278203
tag=书语 & theme=19,behavior=effective_view,26,0.0002556790244861835,0.7428571428571429,1.0262347895278203
gender=M & tag=保护野生动物,behavior=effective_view,26,0.0002556790244861835,0.7428571428571429,1.0262347895278203
tag=剧情 & tag=反转,behavior=effective_view,26,0.0002556790244861835,0.7428571428571429,1.0262347895278203
city_level=四线城市 & tag=看一遍笑一遍,behavior=effective_view,26,0.0002556790244861835,0.7428571428571429,1.0262347895278203
city_level=三线城市 & tag=打工人,behavior=effective_view,26,0.0002556790244861835,0.7428571428571429,1.0262347895278203
tag=老北京 & tag=酸梅汤,behavior=effective_view,26,0.0002556790244861835,0.7428571428571429,1.0262347895278203
tag=酸梅汤 & theme=9,behavior=effective_view,26,0.0002556790244861835,0.7428571428571429,1.0262347895278203
city_level=五线城市 & tag=可怜天下父母心,behavior=effective_view,26,0.0002556790244861835,0.7428571428571429,1.0262347895278203
tag=搞笑哈士奇 & theme=17,behavior=effective_view,26,0.0002556790244861835,0.7428571428571429,1.0262347895278203
gender=M & theme=3,behavior=effective_view,2435,0.023945324023994494,0.7428309945088468,1.0261986663714797
tag=传递正能量,behavior=effective_view,690,0.006785327957517947,0.7427341227125942,1.026064840899928
tag=笑点不打烊计划,behavior=effective_view,280,0.0027534664175435145,0.7427055702917772,1.0260253965897408
tag=快手小剧场,behavior=effective_view,254,0.002497787393057331,0.7426900584795322,1.0260039674878905
tag=汽车,behavior=effective_view,150,0.001475071295112597,0.7425742574257426,1.025843991816652
gender=M & tag=新光合创作者计划,behavior=effective_view,75,0.0007375356475562985,0.7425742574257426,1.025843991816652
city_level=二线城市 & tag=快手热点,behavior=effective_view,124,0.0012193922706264136,0.7425149700598802,1.0257620881047305
city_level=三线城市 & tag=快手弹幕,behavior=effective_view,147,0.0014455698692103453,0.7424242424242424,1.025636750606184
tag=搞笑动画 & theme=20,behavior=effective_view,49,0.00048185662307011505,0.7424242424242424,1.025636750606184
gender=M & tag=持续关注持续精彩,behavior=effective_view,49,0.00048185662307011505,0.7424242424242424,1.025636750606184
city_level=四线城市 & tag=致敬英雄,behavior=effective_view,49,0.00048185662307011505,0.7424242424242424,1.025636750606184
city_level=五线城市 & tag=人类幼崽有多可爱,behavior=effective_view,49,0.00048185662307011505,0.7424242424242424,1.025636750606184
city_level=五线城市 & tag=家庭,behavior=effective_view,49,0.00048185662307011505,0.7424242424242424,1.025636750606184
age_group=60+ & tag=音乐,behavior=effective_view,170,0.0016717474677942767,0.74235807860262,1.0255453472775495
theme=3,behavior=effective_view,3454,0.03396597502212607,0.7423167848699763,1.0254883012284728
tag=快手放映室 & tag=我在快手追好剧,behavior=effective_view,553,0.0054380961746484414,0.7422818791946308,1.0254400800883305
tag=泪目 & tag=致敬英雄,behavior=effective_view,167,0.0016422460418920248,0.7422222222222222,1.0253576657760872
tag=泪目 & tag=非凡十年,behavior=effective_view,167,0.0016422460418920248,0.7422222222222222,1.0253576657760872
tag=致敬英雄 & tag=非凡十年,behavior=effective_view,167,0.0016422460418920248,0.7422222222222222,1.0253576657760872
tag=人生感悟 & theme=19,behavior=effective_view,115,0.0011308879929196579,0.7419354838709677,1.0249615453720786
city_level=五线城市 & theme=14,behavior=effective_view,92,0.0009047103943357263,0.7419354838709677,1.0249615453720786
gender=F & tag=游戏,behavior=effective_view,69,0.0006785327957517947,0.7419354838709677,1.0249615453720786
age_group=26-35 & tag=熊出没,behavior=effective_view,46,0.00045235519716786313,0.7419354838709677,1.0249615453720786
tag=童年回忆,behavior=effective_view,23,0.00022617759858393157,0.7419354838709677,1.0249615453720786
tag=搞笑父子,behavior=effective_view,23,0.00022617759858393157,0.7419354838709677,1.0249615453720786
tag=快手原创者服务中心,behavior=effective_view,23,0.00022617759858393157,0.7419354838709677,1.0249615453720786
tag=翻新,behavior=effective_view,23,0.00022617759858393157,0.7419354838709677,1.0249615453720786
tag=祝好人一生平安,behavior=effective_view,23,0.00022617759858393157,0.7419354838709677,1.0249615453720786
tag=刀郎,behavior=effective_view,23,0.00022617759858393157,0.7419354838709677,1.0249615453720786
tag=撞脸明星,behavior=effective_view,23,0.00022617759858393157,0.7419354838709677,1.0249615453720786
tag=日常生活,behavior=effective_view,23,0.00022617759858393157,0.7419354838709677,1.0249615453720786
tag=玩转暑假,behavior=effective_view,23,0.00022617759858393157,0.7419354838709677,1.0249615453720786
tag=招聘,behavior=effective_view,23,0.00022617759858393157,0.7419354838709677,1.0249615453720786
gender=F & tag=杨紫,behavior=effective_view,23,0.00022617759858393157,0.7419354838709677,1.0249615453720786
age_group=36-45 & tag=商业思维,behavior=effective_view,23,0.00022617759858393157,0.7419354838709677,1.0249615453720786
gender=M & tag=老虎,behavior=effective_view,23,0.00022617759858393157,0.7419354838709677,1.0249615453720786
tag=记录我的乡村生活 & theme=12,behavior=effective_view,23,0.00022617759858393157,0.7419354838709677,1.0249615453720786
tag=商业 & theme=22,behavior=effective_view,23,0.00022617759858393157,0.7419354838709677,1.0249615453720786
city_level=四线城市 & tag=军训,behavior=effective_view,23,0.00022617759858393157,0.7419354838709677,1.0249615453720786
tag=手工 & tag=翻新,behavior=effective_view,23,0.00022617759858393157,0.7419354838709677,1.0249615453720786
tag=江湖故事 & theme=38,behavior=effective_view,23,0.00022617759858393157,0.7419354838709677,1.0249615453720786
tag=今天有什么好笑的 & theme=9,behavior=effective_view,23,0.00022617759858393157,0.7419354838709677,1.0249615453720786
age_group=36-45 & tag=婆媳,behavior=effective_view,23,0.00022617759858393157,0.7419354838709677,1.0249615453720786
gender=F & tag=老板,behavior=effective_view,23,0.00022617759858393157,0.7419354838709677,1.0249615453720786
gender=F & tag=老有所依,behavior=effective_view,23,0.00022617759858393157,0.7419354838709677,1.0249615453720786
gender=F & tag=日本,behavior=effective_view,23,0.00022617759858393157,0.7419354838709677,1.0249615453720786
gender=M & tag=表情包,behavior=effective_view,23,0.00022617759858393157,0.7419354838709677,1.0249615453720786
age_group=19-25 & tag=妆前妆后,behavior=effective_view,23,0.00022617759858393157,0.7419354838709677,1.0249615453720786
theme=22,behavior=effective_view,744,0.007316353623758482,0.7417746759720838,1.0247393940986442
gender=M & tag=传递正能量,behavior=effective_view,471,0.004631723866653555,0.7417322834645669,1.0246808301251433
gender=M & tag=健康,behavior=effective_view,112,0.0011013865670174059,0.7417218543046358,1.0246664225545226
age_group=36-45 & theme=25,behavior=effective_view,649,0.006382141803520504,0.7417142857142857,1.0246559667747006
tag=同城,behavior=effective_view,89,0.0008752089684334743,0.7416666666666667,1.0245901824933206
city_level=二线城市 & theme=17,behavior=effective_view,287,0.0028223030779821025,0.7416020671834626,1.0245009402511385
gender=M & tag=Vlog日常,behavior=effective_view,132,0.0012980627396990854,0.7415730337078652,1.0244608313782477
tag=我的观影报告,behavior=effective_view,175,0.0017209165109646966,0.7415254237288136,1.0243950596248206
gender=M & tag=原创,behavior=effective_view,109,0.001071885141115154,0.7414965986394558,1.0243552386312493
tag=影视剪辑 & theme=39,behavior=effective_view,456,0.004484216737142295,0.7414634146341463,1.0243093959264549
tag=打开弹幕看好剧,behavior=effective_view,215,0.0021142688563280557,0.7413793103448276,1.0241932083815448
city_level=三线城市 & tag=集合吧光合创作者,behavior=effective_view,129,0.0012685613137968334,0.7413793103448276,1.0241932083815448
city_level=四线城市 & tag=笑疯了老铁,behavior=effective_view,43,0.00042285377126561116,0.7413793103448276,1.0241932083815448
age_group=60+ & tag=真人真事爱心传递,behavior=effective_view,43,0.00042285377126561116,0.7413793103448276,1.0241932083815448
age_group=60+ & tag=涨知识,behavior=effective_view,106,0.001042383715212902,0.7412587412587412,1.0240266458171634
tag=泪目,behavior=effective_view,169,0.0016619136591601927,0.7412280701754386,1.0239842746385048
tag=泪目 & theme=28,behavior=effective_view,169,0.0016619136591601927,0.7412280701754386,1.0239842746385048
tag=致敬英雄 & theme=28,behavior=effective_view,169,0.0016619136591601927,0.7412280701754386,1.0239842746385048
gender=M & tag=热门,behavior=effective_view,315,0.003097649719736454,0.7411764705882353,1.0239129913614677
gender=F & tag=家庭教育,behavior=effective_view,63,0.0006195299439472907,0.7411764705882353,1.0239129913614677
age_group=19-25 & tag=加油季,behavior=effective_view,63,0.0006195299439472907,0.7411764705882353,1.0239129913614677
tag=家庭教育,behavior=effective_view,146,0.0014357360605762612,0.7411167512690355,1.0238304909190086
gender=F & theme=3,behavior=effective_view,1019,0.010020650998131576,0.7410909090909091,1.0237947907275444
gender=M & tag=家庭教育,behavior=effective_view,83,0.0008162061166289704,0.7410714285714286,1.0237678789760707
city_level=五线城市 & tag=电影解说,behavior=effective_view,83,0.0008162061166289704,0.7410714285714286,1.0237678789760707
age_group=36-45 & tag=记录我的农村生活,behavior=effective_view,83,0.0008162061166289704,0.7410714285714286,1.0237678789760707
city_level=三线城市 & tag=追剧一夏,behavior=effective_view,392,0.0038548529845609204,0.7410207939508506,1.0236979287713897
tag=寻找1000位科普达人 & tag=科普,behavior=effective_view,123,0.0012095584619923297,0.7409638554216867,1.0236192699066882
age_group=36-45 & theme=38,behavior=effective_view,123,0.0012095584619923297,0.7409638554216867,1.0236192699066882
tag=fyp,behavior=effective_view,143,0.0014062346346740092,0.7409326424870466,1.023576150176712
gender=F & tag=情侣日常,behavior=effective_view,203,0.001996263152719048,0.7408759124087592,1.0234977792806237
gender=M & tag=快手三农,behavior=effective_view,60,0.0005900285180450389,0.7407407407407407,1.0233110436887096
gender=F & tag=新光和计划,behavior=effective_view,40,0.00039335234536335925,0.7407407407407407,1.0233110436887096
city_level=新一线城市 & tag=美食,behavior=effective_view,40,0.00039335234536335925,0.7407407407407407,1.0233110436887096
gender=M & tag=快手快招工,behavior=effective_view,40,0.00039335234536335925,0.7407407407407407,1.0233110436887096
gender=M & tag=快手光合创作者激励计划,behavior=effective_view,40,0.00039335234536335925,0.7407407407407407,1.0233110436887096
gender=M & tag=工厂正能量,behavior=effective_view,40,0.00039335234536335925,0.7407407407407407,1.0233110436887096
tag=知识分享,behavior=effective_view,20,0.00019667617268167962,0.7407407407407407,1.0233110436887096
tag=小海豹森米,behavior=effective_view,20,0.00019667617268167962,0.7407407407407407,1.0233110436887096
tag=话题,behavior=effective_view,20,0.00019667617268167962,0.7407407407407407,1.0233110436887096
tag=笑死不偿命,behavior=effective_view,20,0.00019667617268167962,0.7407407407407407,1.0233110436887096
tag=水牛,behavior=effective_view,20,0.00019667617268167962,0.7407407407407407,1.0233110436887096
tag=修复,behavior=effective_view,20,0.00019667617268167962,0.7407407407407407,1.0233110436887096
tag=如何正确的教育孩子,behavior=effective_view,20,0.00019667617268167962,0.7407407407407407,1.0233110436887096
tag=快手电影星熠计划,behavior=effective_view,20,0.00019667617268167962,0.7407407407407407,1.0233110436887096
tag=抓螃蟹,behavior=effective_view,20,0.00019667617268167962,0.7407407407407407,1.0233110436887096
tag=洗衣液,behavior=effective_view,20,0.00019667617268167962,0.7407407407407407,1.0233110436887096
gender=M & tag=快手漫动力,behavior=effective_view,20,0.00019667617268167962,0.7407407407407407,1.0233110436887096
gender=M & tag=家庭关系,behavior=effective_view,20,0.00019667617268167962,0.7407407407407407,1.0233110436887096
tag=快味厨房 & theme=12,behavior=effective_view,20,0.00019667617268167962,0.7407407407407407,1.0233110436887096
city_level=四线城市 & tag=快手暴汗健身房,behavior=effective_view,20,0.00019667617268167962,0.7407407407407407,1.0233110436887096
tag=一定要看到最后 & theme=39,behavior=effective_view,20,0.00019667617268167962,0.7407407407407407,1.0233110436887096
city_level=新一线城市 & tag=非凡十年,behavior=effective_view,20,0.00019667617268167962,0.7407407407407407,1.0233110436887096
gender=M & tag=神奇动物在快手,behavior=effective_view,20,0.00019667617268167962,0.7407407407407407,1.0233110436887096
gender=M & tag=生活处处有古诗,behavior=effective_view,20,0.00019667617268167962,0.7407407407407407,1.0233110436887096
tag=修复 & tag=手工,behavior=effective_view,20,0.00019667617268167962,0.7407407407407407,1.0233110436887096
tag=修复 & tag=翻新,behavior=effective_view,20,0.00019667617268167962,0.7407407407407407,1.0233110436887096
tag=农村生活 & theme=11,behavior=effective_view,20,0.00019667617268167962,0.7407407407407407,1.0233110436887096
city_level=五线城市 & tag=快手美食,behavior=effective_view,20,0.00019667617268167962,0.7407407407407407,1.0233110436887096
tag=快手电影星熠计划 & theme=39,behavior=effective_view,20,0.00019667617268167962,0.7407407407407407,1.0233110436887096
tag=今日份的自拍 & tag=记录生活,behavior=effective_view,20,0.00019667617268167962,0.7407407407407407,1.0233110436887096
age_group=46-60 & tag=快影,behavior=effective_view,20,0.00019667617268167962,0.7407407407407407,1.0233110436887096
tag=婆媳 & theme=9,behavior=effective_view,20,0.00019667617268167962,0.7407407407407407,1.0233110436887096
city_level=二线城市 & tag=fyp,behavior=effective_view,20,0.00019667617268167962,0.7407407407407407,1.0233110436887096
city_level=二线城市 & tag=爱情,behavior=effective_view,20,0.00019667617268167962,0.7407407407407407,1.0233110436887096
tag=抓螃蟹 & theme=11,behavior=effective_view,20,0.00019667617268167962,0.7407407407407407,1.0233110436887096
tag=我在快手整活 & tag=经典老歌,behavior=effective_view,20,0.00019667617268167962,0.7407407407407407,1.0233110436887096
gender=F & tag=明星娱乐,behavior=effective_view,20,0.00019667617268167962,0.7407407407407407,1.0233110436887096
age_group=60+ & tag=魔术教学,behavior=effective_view,20,0.00019667617268167962,0.7407407407407407,1.0233110436887096
tag=画画 & theme=15,behavior=effective_view,20,0.00019667617268167962,0.7407407407407407,1.0233110436887096
city_level=三线城市 & tag=护肤,behavior=effective_view,20,0.00019667617268167962,0.7407407407407407,1.0233110436887096
tag=情侣日常 & tag=集结吧光合创作者,behavior=effective_view,20,0.00019667617268167962,0.7407407407407407,1.0233110436887096
age_group=36-45 & tag=我的世界,behavior=effective_view,20,0.00019667617268167962,0.7407407407407407,1.0233110436887096
city_level=新一线城市 & tag=和平精英,behavior=effective_view,20,0.00019667617268167962,0.7407407407407407,1.0233110436887096
age_group=46-60 & tag=经典老剧,behavior=effective_view,20,0.00019667617268167962,0.7407407407407407,1.0233110436887096
gender=F & tag=快手光合作者助手,behavior=effective_view,20,0.00019667617268167962,0.7407407407407407,1.0233110436887096
tag=2022在快手看见交警 & tag=正能量,behavior=effective_view,20,0.00019667617268167962,0.7407407407407407,1.0233110436887096
city_level=五线城市 & tag=防身术,behavior=effective_view,20,0.00019667617268167962,0.7407407407407407,1.0233110436887096
gender=F & tag=剪辑,behavior=effective_view,20,0.00019667617268167962,0.7407407407407407,1.0233110436887096
tag=粉耗子 & tag=美食测评,behavior=effective_view,20,0.00019667617268167962,0.7407407407407407,1.0233110436887096
age_group=19-25 & city_level=二线城市,behavior=effective_view,2175,0.02138853377913266,0.7405515832482125,1.0230497283047237
tag=影视解说 & theme=39,behavior=effective_view,705,0.006932835087029207,0.740546218487395,1.0230423170490857
age_group=60+ & theme=16,behavior=effective_view,391,0.0038450191759268363,0.740530303030303,1.0230203303240253
age_group=26-35 & theme=29,behavior=effective_view,117,0.0011505556101878258,0.740506329113924,1.0229872110799474
gender=F & tag=记录生活,behavior=effective_view,214,0.002104435047693972,0.740484429065744,1.0229569568223815
tag=人类幼崽有多可爱 & theme=25,behavior=effective_view,214,0.002104435047693972,0.740484429065744,1.0229569568223815
city_level=新一线城市 & tag=搞笑视频,behavior=effective_view,214,0.002104435047693972,0.740484429065744,1.0229569568223815
city_level=三线城市 & theme=3,behavior=effective_view,913,0.008978267282918674,0.740470397404704,1.0229375725048817
city_level=新一线城市 & theme=22,behavior=effective_view,97,0.0009538794375061461,0.7404580152671756,1.0229204669544774
tag=2022财是机会 & theme=22,behavior=effective_view,57,0.0005605270921427869,0.7402597402597403,1.0226465559980027
gender=M & tag=农村大席,behavior=effective_view,57,0.0005605270921427869,0.7402597402597403,1.0226465559980027
gender=M & tag=快手娱乐星熠计划,behavior=effective_view,57,0.0005605270921427869,0.7402597402597403,1.0226465559980027
tag=出发吧老妈 & theme=9,behavior=effective_view,151,0.001484905103746681,0.7401960784313726,1.022558609097762
tag=王者荣耀,behavior=effective_view,393,0.0038646867931950045,0.7401129943502824,1.022443830939821
age_group=46-60 & tag=传递正能量,behavior=effective_view,205,0.002015930769987216,0.740072202166065,1.022387477764803
tag=农村,behavior=effective_view,148,0.001455403677844429,0.74,1.022287732645021
tag=整活,behavior=effective_view,37,0.0003638509194611073,0.74,1.022287732645021
tag=快手汽车,behavior=effective_view,37,0.0003638509194611073,0.74,1.022287732645021
tag=新热征稿活动,behavior=effective_view,37,0.0003638509194611073,0.74,1.022287732645021
gender=F & tag=开学季,behavior=effective_view,37,0.0003638509194611073,0.74,1.022287732645021
city_level=四线城市 & tag=测评,behavior=effective_view,37,0.0003638509194611073,0.74,1.022287732645021
tag=快手汽车 & theme=18,behavior=effective_view,37,0.0003638509194611073,0.74,1.022287732645021
tag=宝妈创业 & theme=39,behavior=effective_view,37,0.0003638509194611073,0.74,1.022287732645021
city_level=五线城市 & tag=我的观影报告,behavior=effective_view,37,0.0003638509194611073,0.74,1.022287732645021
tag=感谢快手官大大每次热门推送,behavior=effective_view,441,0.004336709607631035,0.7399328859060402,1.0221950165437472
tag=人性,behavior=effective_view,128,0.0012587275051627496,0.7398843930635838,1.0221280251410927
gender=M & tag=我的乡村生活,behavior=effective_view,91,0.0008948765857016422,0.7398373983739838,1.0220631033915284
city_level=四线城市 & tag=感谢快手官大大每次热门推送,behavior=effective_view,91,0.0008948765857016422,0.7398373983739838,1.0220631033915284
gender=F & tag=致敬英雄,behavior=effective_view,91,0.0008948765857016422,0.7398373983739838,1.0220631033915284
age_group=26-35 & city_level=五线城市,behavior=effective_view,3926,0.03860753269741371,0.7397776521575278,1.021980565791319
city_level=四线城市 & theme=14,behavior=effective_view,108,0.0010620513324810699,0.7397260273972602,1.021909247738451
tag=明星故事,behavior=effective_view,54,0.0005310256662405349,0.7397260273972602,1.021909247738451
tag=婆媳 & theme=39,behavior=effective_view,54,0.0005310256662405349,0.7397260273972602,1.021909247738451
age_group=36-45 & tag=迷你世界,behavior=effective_view,54,0.0005310256662405349,0.7397260273972602,1.021909247738451
age_group=60+ & theme=19,behavior=effective_view,912,0.00896843347428459,0.7396593673965937,1.0218171589533978
city_level=四线城市 & theme=3,behavior=effective_view,889,0.008742255875700659,0.7396006655574043,1.021736064128956
gender=F & tag=婆媳,behavior=effective_view,71,0.0006982004130199626,0.7395833333333334,1.0217121201829462
city_level=四线城市 & theme=11,behavior=effective_view,1082,0.010640180942078867,0.7395762132604238,1.0217022840164718
age_group=46-60 & tag=我在快手追好剧,behavior=effective_view,545,0.00535942570557577,0.7394843962008141,1.02157544151149
tag=记录我的农村生活,behavior=effective_view,488,0.004798898613432983,0.7393939393939394,1.0214504781547302
gender=F & tag=光合计划,behavior=effective_view,102,0.0010030484806765661,0.7391304347826086,1.0210864544632994
city_level=二线城市 & tag=影视解说,behavior=effective_view,102,0.0010030484806765661,0.7391304347826086,1.0210864544632994
tag=今日份的自拍,behavior=effective_view,68,0.0006686989871177107,0.7391304347826086,1.0210864544632994
gender=F & tag=萌宠,behavior=effective_view,68,0.0006686989871177107,0.7391304347826086,1.0210864544632994
tag=关爱老人 & tag=大实话,behavior=effective_view,51,0.0005015242403382831,0.7391304347826086,1.0210864544632994
tag=关爱老人 & tag=情感,behavior=effective_view,51,0.0005015242403382831,0.7391304347826086,1.0210864544632994
tag=情感 & tag=爱情,behavior=effective_view,51,0.0005015242403382831,0.7391304347826086,1.0210864544632994
tag=二婚家庭,behavior=effective_view,34,0.00033434949355885536,0.7391304347826086,1.0210864544632994
tag=超好看的古装剧,behavior=effective_view,34,0.00033434949355885536,0.7391304347826086,1.0210864544632994
gender=M & tag=每天一个用车知识,behavior=effective_view,34,0.00033434949355885536,0.7391304347826086,1.0210864544632994
tag=学生时代 & theme=9,behavior=effective_view,34,0.00033434949355885536,0.7391304347826086,1.0210864544632994
tag=人类幼崽成长计划 & theme=9,behavior=effective_view,34,0.00033434949355885536,0.7391304347826086,1.0210864544632994
age_group=60+ & tag=寻找快手科普达人,behavior=effective_view,34,0.00033434949355885536,0.7391304347826086,1.0210864544632994
tag=二婚家庭 & tag=宝妈创业,behavior=effective_view,34,0.00033434949355885536,0.7391304347826086,1.0210864544632994
tag=二婚家庭 & tag=新光合创作者计划,behavior=effective_view,34,0.00033434949355885536,0.7391304347826086,1.0210864544632994
tag=二婚家庭 & theme=39,behavior=effective_view,34,0.00033434949355885536,0.7391304347826086,1.0210864544632994
tag=宝妈创业 & tag=新光合创作者计划,behavior=effective_view,34,0.00033434949355885536,0.7391304347826086,1.0210864544632994
city_level=三线城市 & tag=历史,behavior=effective_view,34,0.00033434949355885536,0.7391304347826086,1.0210864544632994
age_group=46-60 & tag=农村搞笑段子,behavior=effective_view,34,0.00033434949355885536,0.7391304347826086,1.0210864544632994
tag=快手情侣日常 & theme=11,behavior=effective_view,164,0.0016127446159897728,0.7387387387387387,1.0205453381652267
age_group=26-35 & tag=热门,behavior=effective_view,130,0.0012783951224309175,0.7386363636363636,1.0204039100418667
gender=F & tag=爱音乐爱快手,behavior=effective_view,65,0.0006391975612154587,0.7386363636363636,1.0204039100418667
tag=关爱老人 & theme=19,behavior=effective_view,65,0.0006391975612154587,0.7386363636363636,1.0204039100418667
tag=科普,behavior=effective_view,421,0.004140033434949356,0.7385964912280701,1.0203488275096109
theme=17,behavior=effective_view,1715,0.01686498180745403,0.7385874246339362,1.020336302282638
gender=M & tag=寻找1000位科普达人,behavior=effective_view,113,0.0011112203756514897,0.738562091503268,1.0203013053249195
gender=M & tag=快手热点,behavior=effective_view,528,0.005192250958796342,0.7384615384615385,1.0201623943235136
tag=我在快手整活 & theme=7,behavior=effective_view,48,0.0004720228144360311,0.7384615384615385,1.0201623943235136
tag=乡村美食 & theme=39,behavior=effective_view,48,0.0004720228144360311,0.7384615384615385,1.0201623943235136
tag=快手弹幕 & theme=20,behavior=effective_view,48,0.0004720228144360311,0.7384615384615385,1.0201623943235136
tag=记录我的农村生活 & theme=11,behavior=effective_view,48,0.0004720228144360311,0.7384615384615385,1.0201623943235136
tag=传递正能量 & theme=36,behavior=effective_view,48,0.0004720228144360311,0.7384615384615385,1.0201623943235136
tag=寻找1000位科普达人 & tag=集结吧光合创作者,behavior=effective_view,48,0.0004720228144360311,0.7384615384615385,1.0201623943235136
age_group=60+ & tag=搞笑视频,behavior=effective_view,350,0.0034418330219293932,0.7383966244725738,1.020072717601087
gender=M & theme=30,behavior=effective_view,395,0.0038843544104631726,0.7383177570093458,1.01996376457384
tag=我的世界,behavior=effective_view,79,0.0007768708820926344,0.7383177570093458,1.01996376457384
age_group=60+ & theme=7,behavior=effective_view,505,0.00496607336021241,0.7383040935672515,1.0199448889397338
age_group=19-25 & gender=F,behavior=effective_view,4898,0.048165994689743336,0.7380952380952381,1.0196563613898215
tag=原创作品,behavior=effective_view,93,0.0009145442029698102,0.7380952380952381,1.0196563613898215
tag=萌娃 & theme=25,behavior=effective_view,93,0.0009145442029698102,0.7380952380952381,1.0196563613898215
tag=2022光合创作者大会 & theme=3,behavior=effective_view,62,0.0006096961353132068,0.7380952380952381,1.0196563613898215
tag=农村搞笑,behavior=effective_view,31,0.0003048480676566034,0.7380952380952381,1.0196563613898215
tag=资讯,behavior=effective_view,31,0.0003048480676566034,0.7380952380952381,1.0196563613898215
tag=多肉的萌言萌语,behavior=effective_view,31,0.0003048480676566034,0.7380952380952381,1.0196563613898215
tag=龙凤胎,behavior=effective_view,31,0.0003048480676566034,0.7380952380952381,1.0196563613898215
tag=三农 & theme=22,behavior=effective_view,31,0.0003048480676566034,0.7380952380952381,1.0196563613898215
tag=农村 & theme=22,behavior=effective_view,31,0.0003048480676566034,0.7380952380952381,1.0196563613898215
tag=老人 & theme=22,behavior=effective_view,31,0.0003048480676566034,0.7380952380952381,1.0196563613898215
gender=F & tag=小猪佩奇,behavior=effective_view,31,0.0003048480676566034,0.7380952380952381,1.0196563613898215
age_group=60+ & tag=安保,behavior=effective_view,31,0.0003048480676566034,0.7380952380952381,1.0196563613898215
city_level=五线城市 & tag=今天拍点啥,behavior=effective_view,31,0.0003048480676566034,0.7380952380952381,1.0196563613898215
age_group=60+ & tag=工厂正能量,behavior=effective_view,31,0.0003048480676566034,0.7380952380952381,1.0196563613898215
age_group=60+ & tag=工厂管理,behavior=effective_view,31,0.0003048480676566034,0.7380952380952381,1.0196563613898215
tag=多肉的萌言萌语 & tag=我是爆款王,behavior=effective_view,31,0.0003048480676566034,0.7380952380952381,1.0196563613898215
tag=龙凤胎 & theme=25,behavior=effective_view,31,0.0003048480676566034,0.7380952380952381,1.0196563613898215
gender=F & theme=38,behavior=effective_view,262,0.002576457862130003,0.7380281690140845,1.019563707472385
age_group=26-35 & theme=34,behavior=effective_view,107,0.001052217523846986,0.7379310344827587,1.0194295190402354
tag=家庭 & tag=追剧一夏,behavior=effective_view,45,0.0004425213885337791,0.7377049180327869,1.019117145968674
age_group=36-45 & tag=快手影视新热计划,behavior=effective_view,104,0.001022716097944734,0.7375886524822695,1.0189565286091833
city_level=新一线城市 & tag=我在快手追好剧,behavior=effective_view,326,0.003205821614711378,0.7375565610859729,1.0189121953108624
tag=健康,behavior=effective_view,163,0.001602910807355689,0.7375565610859729,1.0189121953108624
city_level=四线城市 & tag=追剧一夏,behavior=effective_view,444,0.004366211033533287,0.7375415282392026,1.0188914278854029
gender=F & tag=快手创作者服务中心,behavior=effective_view,177,0.0017405841282328645,0.7375,1.0188340578725716
tag=农村大席,behavior=effective_view,59,0.0005801947094109549,0.7375,1.0188340578725716
tag=农村大席 & theme=12,behavior=effective_view,59,0.0005801947094109549,0.7375,1.0188340578725716
city_level=四线城市 & gender=M,behavior=effective_view,11319,0.11130887992919658,0.7374902267396404,1.0188205564074722
age_group=60+ & city_level=二线城市,behavior=effective_view,2733,0.02687579899695152,0.7374527792768484,1.0187688238644574
gender=F & theme=25,behavior=effective_view,1820,0.017897531714032845,0.7374392220421394,1.018750094952658
age_group=26-35 & theme=38,behavior=effective_view,132,0.0012980627396990854,0.7374301675977654,1.0187375865102126
city_level=四线城市 & tag=捕娱计划,behavior=effective_view,73,0.0007178680302881306,0.7373737373737373,1.018659629853761
gender=F & theme=7,behavior=effective_view,713,0.007011505556101878,0.7373319544984488,1.018601908068839
age_group=36-45 & tag=追剧一夏,behavior=effective_view,261,0.002566624053495919,0.7372881355932204,1.0185413735698217
tag=快手影视新热计划,behavior=effective_view,633,0.0062248008653751595,0.7369033760186263,1.018009839795328
age_group=46-60 & tag=情感,behavior=effective_view,322,0.0031664863801750417,0.7368421052631579,1.017925196090348
age_group=60+ & tag=记录我的农村生活,behavior=effective_view,168,0.0016520798505261088,0.7368421052631579,1.017925196090348
tag=婆媳,behavior=effective_view,112,0.0011013865670174059,0.7368421052631579,1.017925196090348
gender=M & tag=农村,behavior=effective_view,112,0.0011013865670174059,0.7368421052631579,1.017925196090348
tag=减肥,behavior=effective_view,70,0.0006883666043858786,0.7368421052631579,1.017925196090348
age_group=26-35 & tag=快影达人,behavior=effective_view,70,0.0006883666043858786,0.7368421052631579,1.017925196090348
gender=M & tag=手机摄影,behavior=effective_view,70,0.0006883666043858786,0.7368421052631579,1.017925196090348
tag=我在快手整活 & theme=17,behavior=effective_view,70,0.0006883666043858786,0.7368421052631579,1.017925196090348
tag=校园生活 & theme=11,behavior=effective_view,56,0.0005506932835087029,0.7368421052631579,1.017925196090348
tag=地震,behavior=effective_view,42,0.0004130199626315272,0.7368421052631579,1.017925196090348
tag=酒驾,behavior=effective_view,42,0.0004130199626315272,0.7368421052631579,1.017925196090348
age_group=60+ & tag=导游带你游中国,behavior=effective_view,42,0.0004130199626315272,0.7368421052631579,1.017925196090348
tag=健美比赛 & tag=我在快手整活,behavior=effective_view,42,0.0004130199626315272,0.7368421052631579,1.017925196090348
gender=M & tag=快手影视创作者,behavior=effective_view,42,0.0004130199626315272,0.7368421052631579,1.017925196090348
gender=M & tag=武侠,behavior=effective_view,42,0.0004130199626315272,0.7368421052631579,1.017925196090348
age_group=60+ & tag=婆媳,behavior=effective_view,42,0.0004130199626315272,0.7368421052631579,1.017925196090348
age_group=46-60 & tag=新农人计划2022,behavior=effective_view,42,0.0004130199626315272,0.7368421052631579,1.017925196090348
tag=酒驾 & theme=18,behavior=effective_view,42,0.0004130199626315272,0.7368421052631579,1.017925196090348
city_level=三线城市 & tag=集合吧光合计划创作者,behavior=effective_view,42,0.0004130199626315272,0.7368421052631579,1.017925196090348
tag=孕妇 & theme=25,behavior=effective_view,42,0.0004130199626315272,0.7368421052631579,1.017925196090348
tag=快招工,behavior=effective_view,28,0.00027534664175435147,0.7368421052631579,1.017925196090348
tag=全网挑战最实在,behavior=effective_view,28,0.00027534664175435147,0.7368421052631579,1.017925196090348
tag=快手616实在购物节,behavior=effective_view,28,0.00027534664175435147,0.7368421052631579,1.017925196090348
tag=致敬经典怀旧金曲,behavior=effective_view,28,0.00027534664175435147,0.7368421052631579,1.017925196090348
gender=M & tag=快手暴汗健身房,behavior=effective_view,28,0.00027534664175435147,0.7368421052631579,1.017925196090348
city_level=四线城市 & tag=儿童,behavior=effective_view,28,0.00027534664175435147,0.7368421052631579,1.017925196090348
tag=追剧一夏 & tag=集结吧光合创作者,behavior=effective_view,28,0.00027534664175435147,0.7368421052631579,1.017925196090348
age_group=46-60 & tag=教育,behavior=effective_view,28,0.00027534664175435147,0.7368421052631579,1.017925196090348
tag=创业 & tag=思维,behavior=effective_view,28,0.00027534664175435147,0.7368421052631579,1.017925196090348
tag=快招工 & theme=11,behavior=effective_view,28,0.00027534664175435147,0.7368421052631579,1.017925196090348
tag=台风 & theme=28,behavior=effective_view,28,0.00027534664175435147,0.7368421052631579,1.017925196090348
age_group=46-60 & tag=宝妈,behavior=effective_view,28,0.00027534664175435147,0.7368421052631579,1.017925196090348
tag=全网挑战最实在 & tag=实在人实在货实在价,behavior=effective_view,28,0.00027534664175435147,0.7368421052631579,1.017925196090348
tag=全网挑战最实在 & tag=快手616实在购物节,behavior=effective_view,28,0.00027534664175435147,0.7368421052631579,1.017925196090348
tag=全网挑战最实在 & theme=13,behavior=effective_view,28,0.00027534664175435147,0.7368421052631579,1.017925196090348
tag=实在人实在货实在价 & tag=快手616实在购物节,behavior=effective_view,28,0.00027534664175435147,0.7368421052631579,1.017925196090348
tag=快手616实在购物节 & theme=13,behavior=effective_view,28,0.00027534664175435147,0.7368421052631579,1.017925196090348
age_group=46-60 & tag=胖胖胖无名,behavior=effective_view,28,0.00027534664175435147,0.7368421052631579,1.017925196090348
city_level=二线城市 & tag=人类幼崽有多可爱,behavior=effective_view,28,0.00027534664175435147,0.7368421052631579,1.017925196090348
tag=日本 & theme=11,behavior=effective_view,28,0.00027534664175435147,0.7368421052631579,1.017925196090348
city_level=一线城市 & theme=20,behavior=effective_view,28,0.00027534664175435147,0.7368421052631579,1.017925196090348
age_group=19-25 & theme=3,behavior=effective_view,932,0.00916510964696627,0.7367588932806324,1.0178102412404226
age_group=46-60 & theme=25,behavior=effective_view,722,0.007100009833808634,0.736734693877551,1.0177768104932503
tag=家庭婚姻情感,behavior=effective_view,316,0.0031074835283705377,0.7365967365967366,1.0175862266610807
age_group=46-60 & tag=科普,behavior=effective_view,109,0.001071885141115154,0.7364864864864865,1.0174339194513085
age_group=36-45 & tag=快手创作者服务中心,behavior=effective_view,95,0.0009342118202379781,0.7364341085271318,1.017361560876566
city_level=三线城市 & tag=科普,behavior=effective_view,95,0.0009342118202379781,0.7364341085271318,1.017361560876566
age_group=36-45 & tag=热门,behavior=effective_view,95,0.0009342118202379781,0.7364341085271318,1.017361560876566
age_group=26-35 & gender=F,behavior=effective_view,5971,0.05871767135411545,0.7364331524420326,1.0173602400737711
age_group=60+ & city_level=四线城市,behavior=effective_view,4992,0.04909037270134723,0.7363917982003245,1.0173031104332426
tag=看一遍笑一遍 & theme=9,behavior=effective_view,81,0.0007965384993608024,0.7363636363636363,1.0172642057032764
tag=影视剪辑,behavior=effective_view,536,0.005270921427869013,0.7362637362637363,1.0171261967213605
city_level=二线城市 & theme=11,behavior=effective_view,748,0.007355688858294818,0.7362204724409449,1.0170664290520266
age_group=46-60 & tag=朝阳1号高端轮胎新标杆,behavior=effective_view,53,0.000521191857606451,0.7361111111111112,1.0169153496656553
gender=M & tag=奥特曼,behavior=effective_view,53,0.000521191857606451,0.7361111111111112,1.0169153496656553
city_level=三线城市 & tag=笑疯了老铁,behavior=effective_view,53,0.000521191857606451,0.7361111111111112,1.0169153496656553
gender=M & tag=跟着快手学做菜,behavior=effective_view,53,0.000521191857606451,0.7361111111111112,1.0169153496656553
gender=M & theme=19,behavior=effective_view,1665,0.01637329137574983,0.7360742705570292,1.016864455548761
city_level=三线城市 & theme=14,behavior=effective_view,92,0.0009047103943357263,0.736,1.016761853009102
tag=快手影视新热计划 & theme=39,behavior=effective_view,599,0.005890451371816305,0.7358722358722358,1.0165853507111486
age_group=46-60 & theme=7,behavior=effective_view,468,0.004602222440751303,0.7358490566037735,1.016553329249256
gender=M & tag=搞笑段子,behavior=effective_view,117,0.0011505556101878258,0.7358490566037735,1.016553329249256
tag=集结吧光合创作者 & theme=3,behavior=effective_view,78,0.0007670370734585505,0.7358490566037735,1.016553329249256
tag=加油季 & theme=39,behavior=effective_view,78,0.0007670370734585505,0.7358490566037735,1.016553329249256
tag=每天一个用车知识,behavior=effective_view,39,0.00038351853672927524,0.7358490566037735,1.016553329249256
tag=上学时代的我们,behavior=effective_view,39,0.00038351853672927524,0.7358490566037735,1.016553329249256
tag=解说,behavior=effective_view,39,0.00038351853672927524,0.7358490566037735,1.016553329249256
city_level=新一线城市 & tag=我是爆款王,behavior=effective_view,39,0.00038351853672927524,0.7358490566037735,1.016553329249256
tag=每天一个用车知识 & theme=18,behavior=effective_view,39,0.00038351853672927524,0.7358490566037735,1.016553329249256
tag=快手情感剧场 & tag=百亿剧好看计划,behavior=effective_view,39,0.00038351853672927524,0.7358490566037735,1.016553329249256
gender=M & tag=工厂管理,behavior=effective_view,39,0.00038351853672927524,0.7358490566037735,1.016553329249256
age_group=26-35 & tag=爱情,behavior=effective_view,39,0.00038351853672927524,0.7358490566037735,1.016553329249256
theme=30,behavior=effective_view,479,0.004710394335726227,0.7357910906298003,1.0164732510004673
age_group=36-45 & tag=快手放映室,behavior=effective_view,206,0.0020257645786213,0.7357142857142858,1.016367147320822
age_group=46-60 & theme=3,behavior=effective_view,501,0.0049267381256760745,0.73568281938326,1.016323677531364
gender=F & tag=影视解说,behavior=effective_view,192,0.0018880912577441244,0.735632183908046,1.016253726146029
tag=认知,behavior=effective_view,64,0.0006293637525813748,0.735632183908046,1.016253726146029
city_level=二线城市 & tag=我在快手追好剧,behavior=effective_view,473,0.0046513914839217225,0.7356143079315708,1.016229031022435
gender=M & tag=打工人,behavior=effective_view,89,0.0008752089684334743,0.7355371900826446,1.016122495034698
age_group=60+ & tag=快手热点,behavior=effective_view,203,0.001996263152719048,0.7355072463768116,1.0160811287061264
city_level=三线城市 & theme=15,behavior=effective_view,517,0.005084079063821418,0.7354196301564723,1.0159600895341891
tag=传递正能量 & theme=28,behavior=effective_view,100,0.000983380863408398,0.7352941176470589,1.015786697779234
gender=F & tag=今天拍点啥,behavior=effective_view,50,0.000491690431704199,0.7352941176470589,1.015786697779234
age_group=46-60 & tag=快手情侣日常,behavior=effective_view,50,0.000491690431704199,0.7352941176470589,1.015786697779234
tag=快手新光合计划,behavior=effective_view,25,0.0002458452158520995,0.7352941176470589,1.015786697779234
tag=和平精英科学之轮,behavior=effective_view,25,0.0002458452158520995,0.7352941176470589,1.015786697779234
tag=香肠派对,behavior=effective_view,25,0.0002458452158520995,0.7352941176470589,1.015786697779234
tag=逃不过相忘江湖之间,behavior=effective_view,25,0.0002458452158520995,0.7352941176470589,1.015786697779234
age_group=60+ & tag=打击拐卖,behavior=effective_view,25,0.0002458452158520995,0.7352941176470589,1.015786697779234
age_group=60+ & tag=邪不压正,behavior=effective_view,25,0.0002458452158520995,0.7352941176470589,1.015786697779234
tag=思维 & tag=生意,behavior=effective_view,25,0.0002458452158520995,0.7352941176470589,1.015786697779234
tag=和平精英科学之轮 & theme=3,behavior=effective_view,25,0.0002458452158520995,0.7352941176470589,1.015786697779234
age_group=46-60 & tag=见义勇为,behavior=effective_view,25,0.0002458452158520995,0.7352941176470589,1.015786697779234
age_group=60+ & tag=快手美食,behavior=effective_view,25,0.0002458452158520995,0.7352941176470589,1.015786697779234
age_group=46-60 & tag=快手美食家,behavior=effective_view,25,0.0002458452158520995,0.7352941176470589,1.015786697779234
tag=人间真实在快手 & theme=12,behavior=effective_view,25,0.0002458452158520995,0.7352941176470589,1.015786697779234
tag=巴基斯坦 & theme=11,behavior=effective_view,25,0.0002458452158520995,0.7352941176470589,1.015786697779234
city_level=四线城市 & tag=动画,behavior=effective_view,25,0.0002458452158520995,0.7352941176470589,1.015786697779234
city_level=四线城市 & tag=农村搞笑段子,behavior=effective_view,25,0.0002458452158520995,0.7352941176470589,1.015786697779234
tag=Vlog日常 & tag=闺蜜,behavior=effective_view,25,0.0002458452158520995,0.7352941176470589,1.015786697779234
tag=爱国拥军传递正能量 & theme=35,behavior=effective_view,25,0.0002458452158520995,0.7352941176470589,1.015786697779234
city_level=二线城市 & tag=寻找1000位科普达人,behavior=effective_view,25,0.0002458452158520995,0.7352941176470589,1.015786697779234
gender=M & tag=单机游戏,behavior=effective_view,25,0.0002458452158520995,0.7352941176470589,1.015786697779234
tag=快手娱乐星熠计划第七期 & tag=快手放映室,behavior=effective_view,25,0.0002458452158520995,0.7352941176470589,1.015786697779234
gender=F & tag=艾特TA分享快乐,behavior=effective_view,25,0.0002458452158520995,0.7352941176470589,1.015786697779234
city_level=一线城市 & tag=搞笑配音,behavior=effective_view,25,0.0002458452158520995,0.7352941176470589,1.015786697779234
city_level=四线城市 & tag=社会百态,behavior=effective_view,25,0.0002458452158520995,0.7352941176470589,1.015786697779234
age_group=19-25 & tag=快手鉴片官,behavior=effective_view,25,0.0002458452158520995,0.7352941176470589,1.015786697779234
tag=集结吧光合创作者 & theme=30,behavior=effective_view,25,0.0002458452158520995,0.7352941176470589,1.015786697779234
tag=逃不过相忘江湖之间 & theme=39,behavior=effective_view,25,0.0002458452158520995,0.7352941176470589,1.015786697779234
age_group=19-25 & theme=28,behavior=effective_view,258,0.002537122627593667,0.7350427350427351,1.0154394202757198
age_group=60+ & theme=14,behavior=effective_view,86,0.0008457075425312223,0.7350427350427351,1.0154394202757198
gender=F & tag=人类幼崽有多可爱,behavior=effective_view,97,0.0009538794375061461,0.7348484848484849,1.0151710694775495
city_level=三线城市 & tag=2022光合创作者大会,behavior=effective_view,399,0.003923689644999508,0.7348066298342542,1.01511324803485
tag=王者荣耀 & theme=3,behavior=effective_view,338,0.0033238273183203854,0.7347826086956522,1.0150800635546917
city_level=三线城市 & tag=记录生活,behavior=effective_view,108,0.0010620513324810699,0.7346938775510204,1.0149574841483937
tag=新光合计划 & tag=艾特你想艾特的人,behavior=effective_view,36,0.0003540171108270233,0.7346938775510204,1.0149574841483937
age_group=46-60 & tag=百善孝为先,behavior=effective_view,36,0.0003540171108270233,0.7346938775510204,1.0149574841483937
age_group=60+ & tag=原创作品,behavior=effective_view,36,0.0003540171108270233,0.7346938775510204,1.0149574841483937
city_level=三线城市 & tag=剧星大赛,behavior=effective_view,36,0.0003540171108270233,0.7346938775510204,1.0149574841483937
gender=M & tag=2022新光合计划,behavior=effective_view,36,0.0003540171108270233,0.7346938775510204,1.0149574841483937
tag=真人真事传递正能量 & tag=真人真事爱心传递,behavior=effective_view,36,0.0003540171108270233,0.7346938775510204,1.0149574841483937
gender=F & tag=人类幼崽成长记,behavior=effective_view,36,0.0003540171108270233,0.7346938775510204,1.0149574841483937
tag=小说推荐 & tag=每日推文,behavior=effective_view,36,0.0003540171108270233,0.7346938775510204,1.0149574841483937
city_level=三线城市 & tag=传递正能量,behavior=effective_view,155,0.001524240338283017,0.7345971563981043,1.0148238667860783
age_group=46-60 & theme=35,behavior=effective_view,155,0.001524240338283017,0.7345971563981043,1.0148238667860783
age_group=60+ & gender=M,behavior=effective_view,12303,0.12098534762513521,0.7345951755433484,1.014821130294839
city_level=五线城市 & tag=内容过于真实,behavior=effective_view,119,0.0011702232274559937,0.7345679012345679,1.0147834516579706
city_level=三线城市 & tag=创作灵感,behavior=effective_view,119,0.0011702232274559937,0.7345679012345679,1.0147834516579706
tag=看一遍笑一遍,behavior=effective_view,83,0.0008162061166289704,0.7345132743362832,1.0147079862417694
tag=快手短剧MCN影响力大赛 & theme=39,behavior=effective_view,83,0.0008162061166289704,0.7345132743362832,1.0147079862417694
gender=M & tag=汽车,behavior=effective_view,130,0.0012783951224309175,0.7344632768361582,1.0146389161998224
tag=快手剧好看,behavior=effective_view,47,0.0004621890058019471,0.734375,1.0145169644070098
tag=快手剧好看 & theme=39,behavior=effective_view,47,0.0004621890058019471,0.734375,1.0145169644070098
city_level=新一线城市 & theme=7,behavior=effective_view,210,0.0020650998131576358,0.7342657342657343,1.014366017083039
age_group=19-25 & theme=17,behavior=effective_view,268,0.0026354607139345066,0.7342465753424657,1.0143395496070553
city_level=四线城市 & tag=音乐,behavior=effective_view,116,0.0011407218015537417,0.7341772151898734,1.0142437306433667
city_level=新一线城市 & tag=传递正能量,behavior=effective_view,58,0.0005703609007768709,0.7341772151898734,1.0142437306433667
tag=新光合计划 & theme=25,behavior=effective_view,58,0.0005703609007768709,0.7341772151898734,1.0142437306433667
city_level=四线城市 & theme=25,behavior=effective_view,765,0.007522863605074245,0.7341650671785028,1.0142269485312043
city_level=四线城市 & tag=热门,behavior=effective_view,127,0.0012488936965286655,0.7341040462427746,1.014142649944678
city_level=五线城市 & tag=追剧一夏,behavior=effective_view,483,0.004749729570262562,0.7340425531914894,1.014057699144716
tag=艾特你想艾特的人,behavior=effective_view,276,0.0027141311830071787,0.7340425531914894,1.014057699144716
tag=真人真事爱心传递,behavior=effective_view,80,0.0007867046907267185,0.7339449541284404,1.0139228689759694
age_group=36-45 & tag=科普,behavior=effective_view,80,0.0007867046907267185,0.7339449541284404,1.0139228689759694
gender=F & tag=人间温暖,behavior=effective_view,80,0.0007867046907267185,0.7339449541284404,1.0139228689759694
tag=加油季,behavior=effective_view,499,0.004907070508407906,0.7338235294117647,1.0137551243836753
gender=M & tag=快手粉条,behavior=effective_view,124,0.0012193922706264136,0.7337278106508875,1.0136228917957988
city_level=三线城市 & tag=情侣日常,behavior=effective_view,110,0.001081718949749238,0.7333333333333333,1.0130779332518225
age_group=46-60 & tag=内容过于真实,behavior=effective_view,77,0.0007572032648244665,0.7333333333333333,1.0130779332518225
tag=家庭搞笑,behavior=effective_view,55,0.000540859474874619,0.7333333333333333,1.0130779332518225
tag=农村段子,behavior=effective_view,55,0.000540859474874619,0.7333333333333333,1.0130779332518225
tag=乡村爱情,behavior=effective_view,44,0.00043268757989969517,0.7333333333333333,1.0130779332518225
tag=每天搞笑视频不断,behavior=effective_view,44,0.00043268757989969517,0.7333333333333333,1.0130779332518225
age_group=60+ & tag=主播说新闻,behavior=effective_view,44,0.00043268757989969517,0.7333333333333333,1.0130779332518225
city_level=四线城市 & tag=熊出没,behavior=effective_view,44,0.00043268757989969517,0.7333333333333333,1.0130779332518225
tag=街头采访 & theme=9,behavior=effective_view,44,0.00043268757989969517,0.7333333333333333,1.0130779332518225
age_group=19-25 & tag=剧情,behavior=effective_view,44,0.00043268757989969517,0.7333333333333333,1.0130779332518225
tag=英语 & theme=14,behavior=effective_view,44,0.00043268757989969517,0.7333333333333333,1.0130779332518225
tag=吹糖人,behavior=effective_view,33,0.00032451568492477135,0.7333333333333333,1.0130779332518225
tag=校园爆梗季,behavior=effective_view,33,0.00032451568492477135,0.7333333333333333,1.0130779332518225
tag=江湖故事,behavior=effective_view,33,0.00032451568492477135,0.7333333333333333,1.0130779332518225
tag=热门 & theme=3,behavior=effective_view,33,0.00032451568492477135,0.7333333333333333,1.0130779332518225
age_group=36-45 & tag=专治各种不开心,behavior=effective_view,33,0.00032451568492477135,0.7333333333333333,1.0130779332518225
age_group=60+ & tag=篮球新世代,behavior=effective_view,33,0.00032451568492477135,0.7333333333333333,1.0130779332518225
gender=M & tag=快手情感剧场,behavior=effective_view,33,0.00032451568492477135,0.7333333333333333,1.0130779332518225
gender=M & tag=江湖故事,behavior=effective_view,33,0.00032451568492477135,0.7333333333333333,1.0130779332518225
gender=M & tag=致敬人民子弟兵,behavior=effective_view,33,0.00032451568492477135,0.7333333333333333,1.0130779332518225
tag=员工 & theme=6,behavior=effective_view,33,0.00032451568492477135,0.7333333333333333,1.0130779332518225
tag=老板 & theme=6,behavior=effective_view,33,0.00032451568492477135,0.7333333333333333,1.0130779332518225
gender=M & tag=美国,behavior=effective_view,33,0.00032451568492477135,0.7333333333333333,1.0130779332518225
age_group=19-25 & tag=笑疯了老铁,behavior=effective_view,33,0.00032451568492477135,0.7333333333333333,1.0130779332518225
tag=老北京 & theme=9,behavior=effective_view,33,0.00032451568492477135,0.7333333333333333,1.0130779332518225
tag=软糖,behavior=effective_view,22,0.00021634378994984759,0.7333333333333333,1.0130779332518225
tag=神奇动物在快手,behavior=effective_view,22,0.00021634378994984759,0.7333333333333333,1.0130779332518225
tag=致敬一代伟人,behavior=effective_view,22,0.00021634378994984759,0.7333333333333333,1.0130779332518225
tag=夫妻情感,behavior=effective_view,22,0.00021634378994984759,0.7333333333333333,1.0130779332518225
tag=长寿老人,behavior=effective_view,22,0.00021634378994984759,0.7333333333333333,1.0130779332518225
tag=拍戏现场,behavior=effective_view,22,0.00021634378994984759,0.7333333333333333,1.0130779332518225
tag=发现好玩的魔法表情,behavior=effective_view,22,0.00021634378994984759,0.7333333333333333,1.0130779332518225
tag=搞笑萌娃,behavior=effective_view,22,0.00021634378994984759,0.7333333333333333,1.0130779332518225
tag=持续更新下集,behavior=effective_view,22,0.00021634378994984759,0.7333333333333333,1.0130779332518225
tag=软糖 & theme=12,behavior=effective_view,22,0.00021634378994984759,0.7333333333333333,1.0130779332518225
age_group=46-60 & tag=传统文化,behavior=effective_view,22,0.00021634378994984759,0.7333333333333333,1.0130779332518225
city_level=四线城市 & tag=人间奇趣记录仪,behavior=effective_view,22,0.00021634378994984759,0.7333333333333333,1.0130779332518225
gender=M & tag=北京,behavior=effective_view,22,0.00021634378994984759,0.7333333333333333,1.0130779332518225
gender=M & tag=看世界,behavior=effective_view,22,0.00021634378994984759,0.7333333333333333,1.0130779332518225
gender=M & tag=姐弟情深,behavior=effective_view,22,0.00021634378994984759,0.7333333333333333,1.0130779332518225
city_level=四线城市 & tag=可爱的学生,behavior=effective_view,22,0.00021634378994984759,0.7333333333333333,1.0130779332518225
tag=生活小妙招 & tag=美食,behavior=effective_view,22,0.00021634378994984759,0.7333333333333333,1.0130779332518225
city_level=三线城市 & tag=快手光合作者助手,behavior=effective_view,22,0.00021634378994984759,0.7333333333333333,1.0130779332518225
age_group=26-35 & tag=家庭共情,behavior=effective_view,22,0.00021634378994984759,0.7333333333333333,1.0130779332518225
city_level=二线城市 & tag=小说,behavior=effective_view,22,0.00021634378994984759,0.7333333333333333,1.0130779332518225
city_level=三线城市 & tag=奥特曼,behavior=effective_view,22,0.00021634378994984759,0.7333333333333333,1.0130779332518225
tag=一分耕耘一分收获 & theme=13,behavior=effective_view,22,0.00021634378994984759,0.7333333333333333,1.0130779332518225
city_level=三线城市 & tag=快手宠物天团,behavior=effective_view,22,0.00021634378994984759,0.7333333333333333,1.0130779332518225
tag=和爸爸的亲子时光 & theme=25,behavior=effective_view,22,0.00021634378994984759,0.7333333333333333,1.0130779332518225
city_level=三线城市 & tag=减肥,behavior=effective_view,22,0.00021634378994984759,0.7333333333333333,1.0130779332518225
city_level=五线城市 & tag=监控下的一幕,behavior=effective_view,22,0.00021634378994984759,0.7333333333333333,1.0130779332518225
age_group=36-45 & tag=健美比赛,behavior=effective_view,22,0.00021634378994984759,0.7333333333333333,1.0130779332518225
tag=刀郎 & theme=6,behavior=effective_view,22,0.00021634378994984759,0.7333333333333333,1.0130779332518225
age_group=46-60 & tag=亲子,behavior=effective_view,22,0.00021634378994984759,0.7333333333333333,1.0130779332518225
age_group=26-35 & tag=家庭日常,behavior=effective_view,22,0.00021634378994984759,0.7333333333333333,1.0130779332518225
city_level=五线城市 & tag=保安,behavior=effective_view,22,0.00021634378994984759,0.7333333333333333,1.0130779332518225
age_group=60+ & theme=39,behavior=effective_view,3400,0.033434949355885535,0.733074601121173,1.0127205024862393
gender=M & tag=我的观影报告,behavior=effective_view,140,0.0013767332087717573,0.7329842931937173,1.012595744801917
age_group=26-35 & tag=快手影视高热计划,behavior=effective_view,247,0.002428950732618743,0.7329376854599406,1.0125313576201789
age_group=36-45 & city_level=三线城市,behavior=effective_view,3117,0.03065198151243977,0.7328944274629673,1.0124715979990373
tag=电影解说,behavior=effective_view,310,0.003048480676566034,0.7328605200945626,1.0124247559898936
city_level=三线城市 & gender=M,behavior=effective_view,10611,0.10434654341626512,0.7328038674033149,1.0123464920016723
tag=我在快手涨知识,behavior=effective_view,170,0.0016717474677942767,0.7327586206896551,1.012283985028271
gender=F & tag=家乡美食,behavior=effective_view,85,0.0008358737338971384,0.7327586206896551,1.012283985028271
gender=F & tag=快手影视高热计划,behavior=effective_view,370,0.0036385091946110728,0.7326732673267327,1.0121660719257632
age_group=19-25 & tag=王者荣耀,behavior=effective_view,137,0.0013472317828695053,0.732620320855615,1.0120929279691278
gender=F & theme=21,behavior=effective_view,63,0.0006195299439472907,0.7325581395348837,1.0120070263456367
tag=我在快手追综艺,behavior=effective_view,52,0.000511358048972367,0.7323943661971831,1.0117807784077102
age_group=60+ & tag=动物,behavior=effective_view,52,0.000511358048972367,0.7323943661971831,1.0117807784077102
age_group=26-35 & tag=打开弹幕看好剧,behavior=effective_view,52,0.000511358048972367,0.7323943661971831,1.0117807784077102
age_group=46-60 & gender=M,behavior=effective_view,10891,0.10710000983380863,0.7323650057158227,1.0117402177861976
tag=健康 & theme=16,behavior=effective_view,145,0.0014259022519421771,0.7323232323232324,1.0116825091013382
tag=2022光合创作者大会 & theme=39,behavior=effective_view,547,0.005379093322843937,0.7322623828647925,1.0115984474055257
age_group=60+ & theme=11,behavior=effective_view,1162,0.011426885632805585,0.7321991178323881,1.0115110486669685
age_group=19-25 & city_level=五线城市,behavior=effective_view,2545,0.02502704297374373,0.7321634062140391,1.0114617141408182
tag=带话题上热门,behavior=effective_view,41,0.0004031861539974432,0.7321428571428571,1.0114333262173227
tag=户外钓鱼,behavior=effective_view,41,0.0004031861539974432,0.7321428571428571,1.0114333262173227
tag=健美比赛 & tag=奥赛,behavior=effective_view,41,0.0004031861539974432,0.7321428571428571,1.0114333262173227
gender=F & tag=爆笑夏令营,behavior=effective_view,41,0.0004031861539974432,0.7321428571428571,1.0114333262173227
gender=M & tag=宝妈创业,behavior=effective_view,41,0.0004031861539974432,0.7321428571428571,1.0114333262173227
gender=M & tag=婆媳,behavior=effective_view,41,0.0004031861539974432,0.7321428571428571,1.0114333262173227
theme=19,behavior=effective_view,2645,0.02601042383715213,0.7320786050373651,1.0113445638669971
tag=新光和计划,behavior=effective_view,71,0.0006982004130199626,0.7319587628865979,1.0111790055418848
city_level=四线城市 & tag=二次元,behavior=effective_view,71,0.0006982004130199626,0.7319587628865979,1.0111790055418848
tag=持续关注持续精彩,behavior=effective_view,60,0.0005900285180450389,0.7317073170731707,1.0108316407168962
tag=西游摇,behavior=effective_view,30,0.00029501425902251943,0.7317073170731707,1.0108316407168962
tag=生意,behavior=effective_view,30,0.00029501425902251943,0.7317073170731707,1.0108316407168962
tag=仓鼠,behavior=effective_view,30,0.00029501425902251943,0.7317073170731707,1.0108316407168962
tag=荒野求生,behavior=effective_view,30,0.00029501425902251943,0.7317073170731707,1.0108316407168962
tag=拼多多推荐,behavior=effective_view,30,0.00029501425902251943,0.7317073170731707,1.0108316407168962
gender=M & tag=中国好儿郎,behavior=effective_view,30,0.00029501425902251943,0.7317073170731707,1.0108316407168962
city_level=二线城市 & tag=迷你世界,behavior=effective_view,30,0.00029501425902251943,0.7317073170731707,1.0108316407168962
city_level=四线城市 & tag=婆媳,behavior=effective_view,30,0.00029501425902251943,0.7317073170731707,1.0108316407168962
tag=动物 & tag=持续关注持续精彩,behavior=effective_view,30,0.00029501425902251943,0.7317073170731707,1.0108316407168962
tag=持续关注持续精彩 & theme=17,behavior=effective_view,30,0.00029501425902251943,0.7317073170731707,1.0108316407168962
age_group=36-45 & tag=快手粉条,behavior=effective_view,30,0.00029501425902251943,0.7317073170731707,1.0108316407168962
tag=仓鼠 & theme=17,behavior=effective_view,30,0.00029501425902251943,0.7317073170731707,1.0108316407168962
tag=人间温暖 & tag=大闸蟹,behavior=effective_view,30,0.00029501425902251943,0.7317073170731707,1.0108316407168962
tag=人间温暖 & tag=拼多多推荐,behavior=effective_view,30,0.00029501425902251943,0.7317073170731707,1.0108316407168962
tag=大闸蟹 & tag=拼多多推荐,behavior=effective_view,30,0.00029501425902251943,0.7317073170731707,1.0108316407168962
tag=大闸蟹 & theme=39,behavior=effective_view,30,0.00029501425902251943,0.7317073170731707,1.0108316407168962
tag=拼多多推荐 & theme=39,behavior=effective_view,30,0.00029501425902251943,0.7317073170731707,1.0108316407168962
city_level=三线城市 & tag=2022高考季,behavior=effective_view,30,0.00029501425902251943,0.7317073170731707,1.0108316407168962
gender=M & tag=揭秘,behavior=effective_view,30,0.00029501425902251943,0.7317073170731707,1.0108316407168962
gender=M & tag=你怎么看,behavior=effective_view,30,0.00029501425902251943,0.7317073170731707,1.0108316407168962
tag=情感 & theme=19,behavior=effective_view,537,0.005280755236503097,0.7316076294277929,1.0106939252345097
tag=手工 & theme=15,behavior=effective_view,79,0.0007768708820926344,0.7314814814814815,1.0105196556426008
age_group=26-35 & tag=内容过于真实,behavior=effective_view,128,0.0012587275051627496,0.7314285714285714,1.010446561996623
gender=M & tag=动画,behavior=effective_view,49,0.00048185662307011505,0.7313432835820896,1.0103287394031066
age_group=46-60 & tag=人类幼崽有多可爱,behavior=effective_view,49,0.00048185662307011505,0.7313432835820896,1.0103287394031066
age_group=60+ & tag=暑期不断片,behavior=effective_view,49,0.00048185662307011505,0.7313432835820896,1.0103287394031066
age_group=60+ & tag=集合吧光合计划创作者,behavior=effective_view,49,0.00048185662307011505,0.7313432835820896,1.0103287394031066
tag=生活,behavior=effective_view,117,0.0011505556101878258,0.73125,1.0101998709414481
city_level=三线城市 & theme=30,behavior=effective_view,117,0.0011505556101878258,0.73125,1.0101998709414481
tag=健康科普在快手,behavior=effective_view,185,0.0018192545973055364,0.7312252964426877,1.0101657437203764
city_level=二线城市 & theme=35,behavior=effective_view,68,0.0006686989871177107,0.7311827956989247,1.0101070302217587
city_level=三线城市 & theme=24,behavior=effective_view,87,0.0008555413511653063,0.7310924369747899,1.0099822023633525
gender=M & tag=影视剪辑,behavior=effective_view,375,0.0036876782377814926,0.7309941520467836,1.0098464246928056
gender=M & tag=天生我有戏,behavior=effective_view,956,0.009401121054184286,0.7308868501529052,1.009698190355236
age_group=26-35 & theme=15,behavior=effective_view,505,0.00496607336021241,0.7308248914616498,1.009612596287667
tag=儿童 & tag=热门,behavior=effective_view,57,0.0005605270921427869,0.7307692307692307,1.009535702715977
tag=乡村美食 & tag=记录我的农村生活,behavior=effective_view,57,0.0005605270921427869,0.7307692307692307,1.009535702715977
tag=夏日暴击 & theme=39,behavior=effective_view,57,0.0005605270921427869,0.7307692307692307,1.009535702715977
age_group=19-25 & theme=37,behavior=effective_view,57,0.0005605270921427869,0.7307692307692307,1.009535702715977
tag=钓鱼人的快乐,behavior=effective_view,38,0.0003736847280951913,0.7307692307692307,1.009535702715977
tag=钓鱼人的快乐 & theme=11,behavior=effective_view,38,0.0003736847280951913,0.7307692307692307,1.009535702715977
city_level=三线城市 & tag=寻找1000位科普达人,behavior=effective_view,38,0.0003736847280951913,0.7307692307692307,1.009535702715977
city_level=五线城市 & tag=搞笑段子,behavior=effective_view,38,0.0003736847280951913,0.7307692307692307,1.009535702715977
tag=生活 & theme=39,behavior=effective_view,38,0.0003736847280951913,0.7307692307692307,1.009535702715977
city_level=五线城市 & tag=儿童,behavior=effective_view,38,0.0003736847280951913,0.7307692307692307,1.009535702715977
city_level=三线城市 & tag=宝妈,behavior=effective_view,38,0.0003736847280951913,0.7307692307692307,1.009535702715977
city_level=一线城市 & tag=快手影视高热计划,behavior=effective_view,38,0.0003736847280951913,0.7307692307692307,1.009535702715977
city_level=四线城市 & theme=19,behavior=effective_view,624,0.006136296587668404,0.7306791569086651,1.00941126838802
tag=追剧一夏 & theme=39,behavior=effective_view,1313,0.012911790736552266,0.7306622148024485,1.009387863378087
gender=M & tag=感谢快手官大大每次热门推送,behavior=effective_view,301,0.002959976398859278,0.7305825242718447,1.0092777733080271
age_group=46-60 & theme=28,behavior=effective_view,564,0.005546268069623365,0.7305699481865285,1.0092603998245901
tag=快手影视高热计划 & tag=快手放映室,behavior=effective_view,84,0.0008260399252630544,0.7304347826086957,1.0090736726460843
gender=M & tag=剧情,behavior=effective_view,233,0.0022912774117415675,0.7304075235109718,1.0090360150228328
age_group=19-25 & tag=快手情侣日常,behavior=effective_view,65,0.0006391975612154587,0.7303370786516854,1.0089386975694863
age_group=60+ & tag=集结吧光合创作者,behavior=effective_view,655,0.006441144655325007,0.7302118171683389,1.008765652599489
tag=街头采访,behavior=effective_view,46,0.00045235519716786313,0.7301587301587301,1.0086923144931568
tag=夏日星光大赏 & theme=39,behavior=effective_view,46,0.00045235519716786313,0.7301587301587301,1.0086923144931568
gender=M & tag=影视,behavior=effective_view,46,0.00045235519716786313,0.7301587301587301,1.0086923144931568
tag=育儿,behavior=effective_view,173,0.0017012488936965287,0.729957805907173,1.008414743685646
city_level=四线城市 & tag=加油季,behavior=effective_view,127,0.0012488936965286655,0.7298850574712644,1.0083142439105133
gender=M & tag=快手放映厅,behavior=effective_view,154,0.001514406529648933,0.7298578199052133,1.0082766160326198
city_level=五线城市 & tag=快手影视新热计划,behavior=effective_view,135,0.0013275641656013374,0.7297297297297297,1.0080996633095531
gender=M & tag=正能量专递,behavior=effective_view,108,0.0010620513324810699,0.7297297297297297,1.0080996633095531
age_group=60+ & tag=人间温暖,behavior=effective_view,81,0.0007965384993608024,0.7297297297297297,1.0080996633095531
tag=快手影视创作者,behavior=effective_view,54,0.0005310256662405349,0.7297297297297297,1.0080996633095531
tag=天生我有戏 & tag=快手短剧MCN影响力大赛,behavior=effective_view,54,0.0005310256662405349,0.7297297297297297,1.0080996633095531
tag=女性安全,behavior=effective_view,27,0.00026551283312026746,0.7297297297297297,1.0080996633095531
tag=2022在快手看见交警,behavior=effective_view,27,0.00026551283312026746,0.7297297297297297,1.0080996633095531
tag=家庭 & theme=2,behavior=effective_view,27,0.00026551283312026746,0.7297297297297297,1.0080996633095531
tag=女人身材无敌年龄成迷 & tag=姐弟情深,behavior=effective_view,27,0.00026551283312026746,0.7297297297297297,1.0080996633095531
tag=女人身材无敌年龄成迷 & tag=拉丁舞,behavior=effective_view,27,0.00026551283312026746,0.7297297297297297,1.0080996633095531
tag=女人身材无敌年龄成迷 & theme=1,behavior=effective_view,27,0.00026551283312026746,0.7297297297297297,1.0080996633095531
tag=姐弟情深 & tag=拉丁舞,behavior=effective_view,27,0.00026551283312026746,0.7297297297297297,1.0080996633095531
tag=姐弟情深 & theme=1,behavior=effective_view,27,0.00026551283312026746,0.7297297297297297,1.0080996633095531
tag=校园爆梗季 & tag=笑点不打烊计划,behavior=effective_view,27,0.00026551283312026746,0.7297297297297297,1.0080996633095531
tag=校园爆梗季 & theme=9,behavior=effective_view,27,0.00026551283312026746,0.7297297297297297,1.0080996633095531
tag=麻将 & theme=11,behavior=effective_view,27,0.00026551283312026746,0.7297297297297297,1.0080996633095531
tag=我要拍爆款 & theme=36,behavior=effective_view,27,0.00026551283312026746,0.7297297297297297,1.0080996633095531
gender=M & tag=危险无处不在,behavior=effective_view,27,0.00026551283312026746,0.7297297297297297,1.0080996633095531
gender=F & tag=可爱的学生,behavior=effective_view,27,0.00026551283312026746,0.7297297297297297,1.0080996633095531
city_level=一线城市 & tag=美食,behavior=effective_view,27,0.00026551283312026746,0.7297297297297297,1.0080996633095531
city_level=四线城市 & tag=黎明破晓前,behavior=effective_view,27,0.00026551283312026746,0.7297297297297297,1.0080996633095531
age_group=46-60 & tag=无名健美健身,behavior=effective_view,27,0.00026551283312026746,0.7297297297297297,1.0080996633095531
city_level=四线城市 & tag=生活,behavior=effective_view,27,0.00026551283312026746,0.7297297297297297,1.0080996633095531
age_group=46-60 & tag=汽车知识,behavior=effective_view,27,0.00026551283312026746,0.7297297297297297,1.0080996633095531
tag=笑点不打烊计划 & tag=笑疯了老铁,behavior=effective_view,27,0.00026551283312026746,0.7297297297297297,1.0080996633095531
age_group=60+ & tag=农村美食,behavior=effective_view,27,0.00026551283312026746,0.7297297297297297,1.0080996633095531
gender=M & tag=交通安全知识点,behavior=effective_view,27,0.00026551283312026746,0.7297297297297297,1.0080996633095531
age_group=26-35 & theme=23,behavior=effective_view,27,0.00026551283312026746,0.7297297297297297,1.0080996633095531
city_level=三线城市 & theme=39,behavior=effective_view,3009,0.029589930179958698,0.729631425800194,1.0079638593889653
tag=人间温暖,behavior=effective_view,197,0.0019372603009145443,0.7296296296296296,1.0079613780333792
age_group=60+ & theme=3,behavior=effective_view,464,0.004562887206214967,0.7295597484276729,1.0078648392556726
gender=F & tag=新光合计划,behavior=effective_view,232,0.0022814436031074834,0.7295597484276729,1.0078648392556726
city_level=二线城市 & tag=快手创作者服务中心,behavior=effective_view,89,0.0008752089684334743,0.7295081967213115,1.0077936221245778
city_level=五线城市 & tag=家庭婚姻情感,behavior=effective_view,89,0.0008752089684334743,0.7295081967213115,1.0077936221245778
age_group=36-45 & theme=11,behavior=effective_view,809,0.00795555118497394,0.7294860234445446,1.0077629904099408
gender=F & theme=17,behavior=effective_view,604,0.005939620414986724,0.7294685990338164,1.0077389191108381
tag=对口型,behavior=effective_view,62,0.0006096961353132068,0.7294117647058823,1.007660404197
tag=寻找1000位科普达人,behavior=effective_view,159,0.001563575572819353,0.7293577981651376,1.0075858510448694
age_group=26-35 & theme=39,behavior=effective_view,2778,0.0273183203854853,0.7293252822263061,1.0075409312538115
gender=M & theme=39,behavior=effective_view,8441,0.08300717868030288,0.7291810642709053,1.0073416984880907
age_group=60+ & theme=24,behavior=effective_view,70,0.0006883666043858786,0.7291666666666666,1.0073218086310736
tag=医疗,behavior=effective_view,35,0.0003441833021929393,0.7291666666666666,1.0073218086310736
age_group=46-60 & tag=我在快手涨知识,behavior=effective_view,35,0.0003441833021929393,0.7291666666666666,1.0073218086310736
gender=M & tag=神奇动物,behavior=effective_view,35,0.0003441833021929393,0.7291666666666666,1.0073218086310736
gender=M & tag=孩子教育,behavior=effective_view,35,0.0003441833021929393,0.7291666666666666,1.0073218086310736
age_group=26-35 & tag=快手有戏精,behavior=effective_view,35,0.0003441833021929393,0.7291666666666666,1.0073218086310736
age_group=46-60 & tag=家乡美食,behavior=effective_view,35,0.0003441833021929393,0.7291666666666666,1.0073218086310736
gender=F & tag=快手幸福乡村带头人,behavior=effective_view,35,0.0003441833021929393,0.7291666666666666,1.0073218086310736
tag=农村美食 & tag=记录我的农村生活,behavior=effective_view,35,0.0003441833021929393,0.7291666666666666,1.0073218086310736
tag=2022高考季 & tag=爱音乐爱唱歌,behavior=effective_view,35,0.0003441833021929393,0.7291666666666666,1.0073218086310736
age_group=36-45 & tag=小说,behavior=effective_view,35,0.0003441833021929393,0.7291666666666666,1.0073218086310736
city_level=三线城市 & theme=19,behavior=effective_view,670,0.006588651784836267,0.7290533188248096,1.0071652219983003
tag=家庭共情 & tag=追剧一夏,behavior=effective_view,113,0.0011112203756514897,0.7290322580645161,1.0071361271916945
tag=电影解说 & theme=39,behavior=effective_view,304,0.0029894778247615303,0.7290167865707434,1.0071147537886007
age_group=60+ & theme=25,behavior=effective_view,885,0.008702920641164322,0.728995057660626,1.0070847359531185
age_group=46-60 & theme=39,behavior=effective_view,2860,0.028124692693480186,0.7288481141692151,1.006881737941414
tag=新光合计划 & theme=2,behavior=effective_view,86,0.0008457075425312223,0.7288135593220338,1.0068340014598236
tag=奥赛,behavior=effective_view,43,0.00042285377126561116,0.7288135593220338,1.0068340014598236
tag=奥赛 & tag=我在快手整活,behavior=effective_view,43,0.00042285377126561116,0.7288135593220338,1.0068340014598236
tag=奥赛 & theme=7,behavior=effective_view,43,0.00042285377126561116,0.7288135593220338,1.0068340014598236
gender=M & tag=乡村美食,behavior=effective_view,43,0.00042285377126561116,0.7288135593220338,1.0068340014598236
gender=M & tag=一定要看到最后,behavior=effective_view,43,0.00042285377126561116,0.7288135593220338,1.0068340014598236
gender=M & tag=狗狗,behavior=effective_view,43,0.00042285377126561116,0.7288135593220338,1.0068340014598236
city_level=三线城市 & tag=生活小妙招,behavior=effective_view,43,0.00042285377126561116,0.7288135593220338,1.0068340014598236
city_level=四线城市 & tag=好运1号更静音的高端轮胎,behavior=effective_view,43,0.00042285377126561116,0.7288135593220338,1.0068340014598236
city_level=二线城市 & tag=艾特你想艾特的人,behavior=effective_view,43,0.00042285377126561116,0.7288135593220338,1.0068340014598236
age_group=60+ & tag=生活,behavior=effective_view,43,0.00042285377126561116,0.7288135593220338,1.0068340014598236
age_group=46-60 & tag=手艺人,behavior=effective_view,43,0.00042285377126561116,0.7288135593220338,1.0068340014598236
age_group=36-45 & theme=1,behavior=effective_view,153,0.001504572721014849,0.7285714285714285,1.0064995051138237
gender=M & tag=认知,behavior=effective_view,51,0.0005015242403382831,0.7285714285714285,1.0064995051138237
tag=搞笑视频 & tag=笑点不打烊计划,behavior=effective_view,51,0.0005015242403382831,0.7285714285714285,1.0064995051138237
tag=搞笑 & tag=追剧一夏,behavior=effective_view,51,0.0005015242403382831,0.7285714285714285,1.0064995051138237
gender=F & tag=健康,behavior=effective_view,51,0.0005015242403382831,0.7285714285714285,1.0064995051138237
tag=育儿 & theme=25,behavior=effective_view,161,0.0015832431900875208,0.7285067873303167,1.0064102051843486
age_group=36-45 & tag=快手弹幕,behavior=effective_view,110,0.001081718949749238,0.7284768211920529,1.0063688078660489
city_level=一线城市 & theme=11,behavior=effective_view,169,0.0016619136591601927,0.728448275862069,1.006329373351634
gender=F & tag=我在快手追好剧,behavior=effective_view,912,0.00896843347428459,0.7284345047923323,1.0063103490331784
theme=34,behavior=effective_view,464,0.004562887206214967,0.728414442700157,1.0062826338565272
tag=道路千万条安全第一条,behavior=effective_view,59,0.0005801947094109549,0.7283950617283951,1.0062558596272313
tag=感谢官方大大让我上一次热门 & theme=39,behavior=effective_view,59,0.0005801947094109549,0.7283950617283951,1.0062558596272313
age_group=19-25 & tag=打开弹幕看好剧,behavior=effective_view,59,0.0005801947094109549,0.7283950617283951,1.0062558596272313
age_group=46-60 & tag=感谢快手官大大每次热门推送,behavior=effective_view,126,0.0012390598878945815,0.7283236994219653,1.006157274748263
theme=39,behavior=effective_view,13451,0.13227455993706363,0.72830147815258,1.0061265767332679
tag=我的世界 & theme=3,behavior=effective_view,67,0.0006588651784836267,0.7282608695652174,1.0060704771917803
tag=开学季,behavior=effective_view,75,0.0007375356475562985,0.7281553398058253,1.0059246910046782
age_group=46-60 & theme=37,behavior=effective_view,75,0.0007375356475562985,0.7281553398058253,1.0059246910046782
tag=生活小妙招 & theme=12,behavior=effective_view,75,0.0007375356475562985,0.7281553398058253,1.0059246910046782
city_level=二线城市 & gender=F,behavior=effective_view,3953,0.03887304553053397,0.7281267268373549,1.0058851630497299
gender=F & tag=宝妈,behavior=effective_view,83,0.0008162061166289704,0.7280701754385965,1.0058070389940346
age_group=36-45 & tag=加油季,behavior=effective_view,83,0.0008162061166289704,0.7280701754385965,1.0058070389940346
age_group=46-60 & tag=快手影视高热计划,behavior=effective_view,182,0.0017897531714032844,0.728,1.0057100937372638
gender=M & tag=记录我的农村生活,behavior=effective_view,289,0.0028419706952502706,0.7279596977329975,1.0056544173681363
age_group=46-60 & tag=加油季,behavior=effective_view,115,0.0011308879929196579,0.7278481012658228,1.005500250206786
gender=M & tag=集结吧光合创作者,behavior=effective_view,1397,0.01373783066181532,0.7276041666666667,1.0051632618982929
city_level=三线城市 & gender=F,behavior=effective_view,6851,0.06737142295210935,0.7275913338997451,1.0051455338169417
city_level=二线城市 & theme=39,behavior=effective_view,1955,0.019225095879634183,0.7275772236695199,1.0051260409584768
age_group=36-45 & gender=M,behavior=effective_view,8046,0.07912282426983971,0.7275522199113844,1.0050914990190012
age_group=60+ & theme=1,behavior=effective_view,267,0.002625626905300423,0.7275204359673024,1.0050475904566631
age_group=46-60 & theme=18,behavior=effective_view,339,0.0033336611269544694,0.7274678111587983,1.004974890867249
age_group=36-45 & city_level=四线城市,behavior=effective_view,3109,0.030573311043367097,0.7274216190921853,1.0049110779171895
age_group=36-45 & theme=39,behavior=effective_view,2411,0.023709312616776477,0.7273001508295626,1.0047432731674801
city_level=二线城市 & tag=正能量,behavior=effective_view,104,0.001022716097944734,0.7272727272727273,1.004705388348915
gender=M & tag=专治各种不开心,behavior=effective_view,104,0.001022716097944734,0.7272727272727273,1.004705388348915
gender=F & tag=泪目,behavior=effective_view,80,0.0007867046907267185,0.7272727272727273,1.004705388348915
age_group=19-25 & theme=29,behavior=effective_view,80,0.0007867046907267185,0.7272727272727273,1.004705388348915
gender=M & tag=一定要看到最后哦,behavior=effective_view,72,0.0007080342216540466,0.7272727272727273,1.004705388348915
city_level=二线城市 & tag=记录生活,behavior=effective_view,64,0.0006293637525813748,0.7272727272727273,1.004705388348915
age_group=46-60 & tag=健康,behavior=effective_view,56,0.0005506932835087029,0.7272727272727273,1.004705388348915
city_level=新一线城市 & theme=29,behavior=effective_view,56,0.0005506932835087029,0.7272727272727273,1.004705388348915
gender=M & tag=真功夫,behavior=effective_view,56,0.0005506932835087029,0.7272727272727273,1.004705388348915
city_level=二线城市 & tag=快影达人,behavior=effective_view,48,0.0004720228144360311,0.7272727272727273,1.004705388348915
tag=户外钓鱼 & theme=11,behavior=effective_view,40,0.00039335234536335925,0.7272727272727273,1.004705388348915
age_group=46-60 & tag=原创,behavior=effective_view,40,0.00039335234536335925,0.7272727272727273,1.004705388348915
gender=M & tag=可怜天下父母心,behavior=effective_view,40,0.00039335234536335925,0.7272727272727273,1.004705388348915
gender=M & tag=我在快手追综艺,behavior=effective_view,40,0.00039335234536335925,0.7272727272727273,1.004705388348915
tag=农村 & theme=13,behavior=effective_view,40,0.00039335234536335925,0.7272727272727273,1.004705388348915
city_level=五线城市 & tag=人生感悟,behavior=effective_view,40,0.00039335234536335925,0.7272727272727273,1.004705388348915
age_group=19-25 & tag=光合计划,behavior=effective_view,40,0.00039335234536335925,0.7272727272727273,1.004705388348915
tag=亲子教育,behavior=effective_view,32,0.0003146818762906874,0.7272727272727273,1.004705388348915
tag=极限运动,behavior=effective_view,32,0.0003146818762906874,0.7272727272727273,1.004705388348915
tag=学生会,behavior=effective_view,32,0.0003146818762906874,0.7272727272727273,1.004705388348915
tag=兄妹情深亲情最可贵,behavior=effective_view,32,0.0003146818762906874,0.7272727272727273,1.004705388348915
tag=地震 & theme=28,behavior=effective_view,32,0.0003146818762906874,0.7272727272727273,1.004705388348915
city_level=五线城市 & tag=农村,behavior=effective_view,32,0.0003146818762906874,0.7272727272727273,1.004705388348915
city_level=四线城市 & tag=专治不开心,behavior=effective_view,32,0.0003146818762906874,0.7272727272727273,1.004705388348915
gender=M & tag=二婚家庭,behavior=effective_view,32,0.0003146818762906874,0.7272727272727273,1.004705388348915
tag=军旅人生第一步 & theme=11,behavior=effective_view,32,0.0003146818762906874,0.7272727272727273,1.004705388348915
gender=M & tag=育儿正能量分享,behavior=effective_view,32,0.0003146818762906874,0.7272727272727273,1.004705388348915
tag=可爱的学生 & tag=学生会,behavior=effective_view,32,0.0003146818762906874,0.7272727272727273,1.004705388348915
tag=可爱的学生 & tag=青春校园,behavior=effective_view,32,0.0003146818762906874,0.7272727272727273,1.004705388348915
tag=学生会 & tag=青春校园,behavior=effective_view,32,0.0003146818762906874,0.7272727272727273,1.004705388348915
tag=学生会 & theme=9,behavior=effective_view,32,0.0003146818762906874,0.7272727272727273,1.004705388348915
tag=青春校园 & theme=9,behavior=effective_view,32,0.0003146818762906874,0.7272727272727273,1.004705388348915
age_group=46-60 & tag=爱情,behavior=effective_view,32,0.0003146818762906874,0.7272727272727273,1.004705388348915
tag=姐弟恋,behavior=effective_view,24,0.00023601140721801555,0.7272727272727273,1.004705388348915
tag=国是论坛,behavior=effective_view,24,0.00023601140721801555,0.7272727272727273,1.004705388348915
tag=快手搞笑达人,behavior=effective_view,24,0.00023601140721801555,0.7272727272727273,1.004705388348915
tag=美食教程,behavior=effective_view,24,0.00023601140721801555,0.7272727272727273,1.004705388348915
tag=律师免费法律咨询,behavior=effective_view,24,0.00023601140721801555,0.7272727272727273,1.004705388348915
tag=二婚,behavior=effective_view,24,0.00023601140721801555,0.7272727272727273,1.004705388348915
age_group=26-35 & tag=感谢快手平台推荐我要上热门,behavior=effective_view,24,0.00023601140721801555,0.7272727272727273,1.004705388348915
gender=M & tag=电子厂小姐姐,behavior=effective_view,24,0.00023601140721801555,0.7272727272727273,1.004705388348915
tag=国是论坛 & theme=28,behavior=effective_view,24,0.00023601140721801555,0.7272727272727273,1.004705388348915
age_group=46-60 & tag=百亿剧好看计划,behavior=effective_view,24,0.00023601140721801555,0.7272727272727273,1.004705388348915
city_level=三线城市 & tag=今天拍点啥,behavior=effective_view,24,0.00023601140721801555,0.7272727272727273,1.004705388348915
age_group=36-45 & tag=找工作,behavior=effective_view,24,0.00023601140721801555,0.7272727272727273,1.004705388348915
tag=小舞 & theme=3,behavior=effective_view,24,0.00023601140721801555,0.7272727272727273,1.004705388348915
city_level=四线城市 & tag=人性,behavior=effective_view,24,0.00023601140721801555,0.7272727272727273,1.004705388348915
tag=内容过于真实 & tag=追剧一夏,behavior=effective_view,24,0.00023601140721801555,0.7272727272727273,1.004705388348915
tag=美食教程 & theme=12,behavior=effective_view,24,0.00023601140721801555,0.7272727272727273,1.004705388348915
age_group=60+ & tag=专治不开心,behavior=effective_view,24,0.00023601140721801555,0.7272727272727273,1.004705388348915
age_group=60+ & tag=农村段子,behavior=effective_view,24,0.00023601140721801555,0.7272727272727273,1.004705388348915
city_level=二线城市 & tag=我妈给我一个大碧斗,behavior=effective_view,24,0.00023601140721801555,0.7272727272727273,1.004705388348915
gender=M & tag=嘎嘎板正,behavior=effective_view,24,0.00023601140721801555,0.7272727272727273,1.004705388348915
gender=M & tag=板正龙,behavior=effective_view,24,0.00023601140721801555,0.7272727272727273,1.004705388348915
tag=律师免费法律咨询 & theme=30,behavior=effective_view,24,0.00023601140721801555,0.7272727272727273,1.004705388348915
tag=香肠派对 & theme=3,behavior=effective_view,24,0.00023601140721801555,0.7272727272727273,1.004705388348915
age_group=36-45 & tag=儿童,behavior=effective_view,24,0.00023601140721801555,0.7272727272727273,1.004705388348915
city_level=五线城市 & tag=快手热点,behavior=effective_view,181,0.0017799193627692006,0.7269076305220884,1.004201018174041
gender=F & theme=39,behavior=effective_view,5010,0.049267381256760744,0.7268243145219788,1.0040859196269531
age_group=26-35 & theme=16,behavior=effective_view,133,0.0013078965483331695,0.726775956284153,1.0040191141765455
age_group=46-60 & theme=17,behavior=effective_view,351,0.0034516668305634773,0.7267080745341615,1.0039253375815633
gender=M & tag=人间温暖,behavior=effective_view,117,0.0011505556101878258,0.7267080745341615,1.0039253375815633
age_group=36-45 & tag=我在快手追好剧,behavior=effective_view,561,0.005516766643721113,0.7266839378238342,1.0038919934425445
city_level=五线城市 & theme=3,behavior=effective_view,696,0.00684433080932245,0.7265135699373695,1.003656635333937
gender=F & theme=1,behavior=effective_view,425,0.004179368669485692,0.7264957264957265,1.0036319851562345
tag=暑期不断片,behavior=effective_view,308,0.003028813059297866,0.7264150943396226,1.0035205942588807
age_group=60+ & tag=好物分享,behavior=effective_view,77,0.0007572032648244665,0.7264150943396226,1.0035205942588807
tag=家庭婚姻情感 & tag=情感,behavior=effective_view,69,0.0006785327957517947,0.7263157894736842,1.0033834075747718
tag=人性 & theme=19,behavior=effective_view,69,0.0006785327957517947,0.7263157894736842,1.0033834075747718
tag=追剧一夏 & theme=12,behavior=effective_view,45,0.0004425213885337791,0.7258064516129032,1.0026797726465986
gender=F & tag=军训,behavior=effective_view,45,0.0004425213885337791,0.7258064516129032,1.0026797726465986
city_level=新一线城市 & tag=内容过于真实,behavior=effective_view,45,0.0004425213885337791,0.7258064516129032,1.0026797726465986
city_level=五线城市 & gender=F,behavior=effective_view,6493,0.06385091946110728,0.725799239883747,1.0026698098597775
city_level=三线城市 & theme=22,behavior=effective_view,172,0.0016914150850624447,0.7257383966244726,1.0025857567279257
age_group=36-45 & city_level=新一线城市,behavior=effective_view,1508,0.014829383420198643,0.7256977863330125,1.0025296548322788
tag=快手影视高热计划,behavior=effective_view,1074,0.010561510473006195,0.7256756756756757,1.0024991096245002
age_group=46-60 & tag=快手热点,behavior=effective_view,201,0.00197659553545088,0.7256317689530686,1.0024384538084166
tag=情感 & theme=39,behavior=effective_view,267,0.002625626905300423,0.7255434782608695,1.0023164828739006
gender=F & theme=18,behavior=effective_view,296,0.002910807355688858,0.7254901960784313,1.0022428751421775
tag=快手宠物天团 & theme=17,behavior=effective_view,74,0.0007277018389222146,0.7254901960784313,1.0022428751421775
tag=情感 & tag=集结吧光合创作者,behavior=effective_view,37,0.0003638509194611073,0.7254901960784313,1.0022428751421775
tag=家庭共情 & tag=家庭百态,behavior=effective_view,37,0.0003638509194611073,0.7254901960784313,1.0022428751421775
tag=家庭百态 & tag=追剧一夏,behavior=effective_view,37,0.0003638509194611073,0.7254901960784313,1.0022428751421775
tag=艾特你想艾特的人 & theme=9,behavior=effective_view,37,0.0003638509194611073,0.7254901960784313,1.0022428751421775
city_level=四线城市 & theme=38,behavior=effective_view,214,0.002104435047693972,0.7254237288135593,1.0021510526158246
gender=F & theme=19,behavior=effective_view,980,0.009637132461402301,0.7253886010362695,1.0021025246485293
tag=家庭教育 & theme=25,behavior=effective_view,103,0.00101288228931065,0.7253521126760564,1.0020521170768668
tag=暑期不断片 & theme=39,behavior=effective_view,301,0.002959976398859278,0.7253012048192771,1.0019817894045955
age_group=26-35 & tag=天生我有戏,behavior=effective_view,256,0.002517455010325499,0.7252124645892352,1.0018591974470767
city_level=二线城市 & tag=情感,behavior=effective_view,153,0.001504572721014849,0.7251184834123223,1.0017293652791612
tag=健康科普在快手 & theme=16,behavior=effective_view,174,0.0017110827023306126,0.725,1.0015656840103246
gender=M & tag=快手音乐人,behavior=effective_view,87,0.0008555413511653063,0.725,1.0015656840103246
city_level=二线城市 & tag=创作灵感,behavior=effective_view,87,0.0008555413511653063,0.725,1.0015656840103246
age_group=60+ & tag=快手音乐人,behavior=effective_view,58,0.0005703609007768709,0.725,1.0015656840103246
tag=光合创作者激励计划,behavior=effective_view,29,0.0002851804503884354,0.725,1.0015656840103246
tag=台风,behavior=effective_view,29,0.0002851804503884354,0.725,1.0015656840103246
tag=王者荣耀二次元激励计划,behavior=effective_view,29,0.0002851804503884354,0.725,1.0015656840103246
tag=天生我有戏 & tag=家庭共情,behavior=effective_view,29,0.0002851804503884354,0.725,1.0015656840103246
gender=M & tag=家常美食,behavior=effective_view,29,0.0002851804503884354,0.725,1.0015656840103246
gender=M & tag=炸丸子,behavior=effective_view,29,0.0002851804503884354,0.725,1.0015656840103246
city_level=四线城市 & tag=乡村美食,behavior=effective_view,29,0.0002851804503884354,0.725,1.0015656840103246
city_level=四线城市 & tag=人类幼崽到底有多可爱,behavior=effective_view,29,0.0002851804503884354,0.725,1.0015656840103246
gender=M & tag=同路人宝哥团队,behavior=effective_view,29,0.0002851804503884354,0.725,1.0015656840103246
tag=动画解说 & theme=20,behavior=effective_view,29,0.0002851804503884354,0.725,1.0015656840103246
city_level=新一线城市 & tag=笑点不打烊计划,behavior=effective_view,29,0.0002851804503884354,0.725,1.0015656840103246
tag=王者荣耀二次元激励计划 & theme=20,behavior=effective_view,29,0.0002851804503884354,0.725,1.0015656840103246
age_group=26-35 & tag=历史,behavior=effective_view,29,0.0002851804503884354,0.725,1.0015656840103246
city_level=五线城市 & theme=28,behavior=effective_view,477,0.004690726718458059,0.7249240121580547,1.0014607090932288
tag=新农人计划2022,behavior=effective_view,195,0.0019175926836463761,0.724907063197026,1.0014372946135792
city_level=五线城市 & tag=传递正能量,behavior=effective_view,158,0.0015537417641852689,0.7247706422018348,1.0012488331137697
city_level=三线城市 & tag=快手创作者服务中心,behavior=effective_view,129,0.0012685613137968334,0.7247191011235955,1.0011776306651057
age_group=46-60 & theme=20,behavior=effective_view,229,0.0022519421772052317,0.7246835443037974,1.0011285099884957
city_level=一线城市 & tag=我在快手追好剧,behavior=effective_view,100,0.000983380863408398,0.7246376811594203,1.0010651514346074
tag=工厂正能量,behavior=effective_view,50,0.000491690431704199,0.7246376811594203,1.0010651514346074
city_level=五线城市 & tag=农村生活,behavior=effective_view,50,0.000491690431704199,0.7246376811594203,1.0010651514346074
tag=工厂正能量 & theme=11,behavior=effective_view,50,0.000491690431704199,0.7246376811594203,1.0010651514346074
tag=快手热点,behavior=effective_view,813,0.007994886419510277,0.7245989304812834,1.0010116185388087
gender=M & tag=正能量,behavior=effective_view,455,0.004474382928508211,0.7245222929936306,1.0009057461557165
tag=搞笑 & tag=笑点不打烊计划,behavior=effective_view,71,0.0006982004130199626,0.7244897959183674,1.0008608524241105
gender=M & tag=追剧一夏,behavior=effective_view,886,0.008712754449798406,0.7244480784955029,1.000803221059743
tag=正能量,behavior=effective_view,720,0.007080342216540466,0.7243460764587525,1.0006623083153177
city_level=新一线城市 & theme=3,behavior=effective_view,289,0.0028419706952502706,0.7243107769423559,1.0006135430956142
age_group=60+ & tag=我在快手追好剧,behavior=effective_view,588,0.005782279476841381,0.7241379310344828,1.0003747616749972
city_level=五线城市 & tag=感谢快手官大大每次热门推送,behavior=effective_view,105,0.0010325499065788179,0.7241379310344828,1.0003747616749972
gender=F & theme=30,behavior=effective_view,84,0.0008260399252630544,0.7241379310344828,1.0003747616749972
tag=快手小剧场 & tag=正能量短剧,behavior=effective_view,42,0.0004130199626315272,0.7241379310344828,1.0003747616749972
gender=F & tag=真人真事传递正能量,behavior=effective_view,42,0.0004130199626315272,0.7241379310344828,1.0003747616749972
tag=寻找1000位科普达人 & theme=28,behavior=effective_view,42,0.0004130199626315272,0.7241379310344828,1.0003747616749972
tag=萌娃搞笑,behavior=effective_view,21,0.0002065099813157636,0.7241379310344828,1.0003747616749972
tag=渔民生活实拍,behavior=effective_view,21,0.0002065099813157636,0.7241379310344828,1.0003747616749972
tag=清唱,behavior=effective_view,21,0.0002065099813157636,0.7241379310344828,1.0003747616749972
tag=天生我有戏 & tag=家庭,behavior=effective_view,21,0.0002065099813157636,0.7241379310344828,1.0003747616749972
gender=M & tag=渔民生活实拍,behavior=effective_view,21,0.0002065099813157636,0.7241379310344828,1.0003747616749972
gender=M & tag=和爸爸的亲子时光,behavior=effective_view,21,0.0002065099813157636,0.7241379310344828,1.0003747616749972
age_group=36-45 & tag=寻找快手科普达人,behavior=effective_view,21,0.0002065099813157636,0.7241379310344828,1.0003747616749972
tag=长沙 & theme=11,behavior=effective_view,21,0.0002065099813157636,0.7241379310344828,1.0003747616749972
gender=F & tag=青春校园,behavior=effective_view,21,0.0002065099813157636,0.7241379310344828,1.0003747616749972
city_level=三线城市 & tag=萌娃搞笑瞬间,behavior=effective_view,21,0.0002065099813157636,0.7241379310344828,1.0003747616749972
city_level=二线城市 & tag=农村,behavior=effective_view,21,0.0002065099813157636,0.7241379310344828,1.0003747616749972
city_level=四线城市 & tag=小飞棍来咯,behavior=effective_view,21,0.0002065099813157636,0.7241379310344828,1.0003747616749972
city_level=五线城市 & tag=导游带你游中国,behavior=effective_view,21,0.0002065099813157636,0.7241379310344828,1.0003747616749972
tag=西游摇 & theme=1,behavior=effective_view,21,0.0002065099813157636,0.7241379310344828,1.0003747616749972
age_group=36-45 & tag=记录真实生活,behavior=effective_view,21,0.0002065099813157636,0.7241379310344828,1.0003747616749972
city_level=二线城市 & tag=我的乡村生活,behavior=effective_view,21,0.0002065099813157636,0.7241379310344828,1.0003747616749972
gender=M & tag=律师免费法律咨询,behavior=effective_view,21,0.0002065099813157636,0.7241379310344828,1.0003747616749972
tag=清唱 & theme=2,behavior=effective_view,21,0.0002065099813157636,0.7241379310344828,1.0003747616749972
tag=校园 & tag=校园生活,behavior=effective_view,21,0.0002065099813157636,0.7241379310344828,1.0003747616749972
tag=校园 & theme=11,behavior=effective_view,21,0.0002065099813157636,0.7241379310344828,1.0003747616749972
tag=道路千万条安全第一条 & theme=37,behavior=effective_view,21,0.0002065099813157636,0.7241379310344828,1.0003747616749972
age_group=26-35 & tag=原创搞笑,behavior=effective_view,21,0.0002065099813157636,0.7241379310344828,1.0003747616749972
age_group=36-45 & tag=泪目,behavior=effective_view,21,0.0002065099813157636,0.7241379310344828,1.0003747616749972
age_group=36-45 & tag=怀旧动画,behavior=effective_view,21,0.0002065099813157636,0.7241379310344828,1.0003747616749972
tag=快手放映厅 & tag=星熠萌新计划,behavior=effective_view,21,0.0002065099813157636,0.7241379310344828,1.0003747616749972
gender=F & tag=老北京,behavior=effective_view,21,0.0002065099813157636,0.7241379310344828,1.0003747616749972
age_group=36-45 & tag=快手创作者中心,behavior=effective_view,21,0.0002065099813157636,0.7241379310344828,1.0003747616749972
gender=F & tag=正能量,behavior=effective_view,265,0.002605959288032255,0.7240437158469946,1.0002446062285135
tag=打工人,behavior=effective_view,118,0.0011603894188219098,0.7239263803680982,1.0000825107951623
gender=F & tag=非凡十年,behavior=effective_view,97,0.0009538794375061461,0.7238805970149254,1.0000192624704218
tag=娱你星动计划第一期 & theme=6,behavior=effective_view,97,0.0009538794375061461,0.7238805970149254,1.0000192624704218
age_group=36-45 & tag=情侣日常,behavior=effective_view,76,0.0007473694561903826,0.7238095238095238,0.9999210769758249
gender=M & tag=员工,behavior=effective_view,55,0.000540859474874619,0.7236842105263158,0.9997479604458777
gender=M & tag=道路千万条安全第一条,behavior=effective_view,55,0.000540859474874619,0.7236842105263158,0.9997479604458777
gender=M & tag=看一遍笑一遍,behavior=effective_view,55,0.000540859474874619,0.7236842105263158,0.9997479604458777
age_group=46-60 & tag=天生我有戏,behavior=effective_view,453,0.004454715311240043,0.7236421725239617,0.9996898862105917
tag=热门,behavior=effective_view,521,0.005123414298357754,0.7236111111111111,0.9996469758034083
age_group=26-35 & tag=正能量,behavior=effective_view,123,0.0012095584619923297,0.7235294117647059,0.9995341106147662
tag=夏日星光大赏,behavior=effective_view,68,0.0006686989871177107,0.723404255319149,0.9993612107513145
tag=军旅人生第一步,behavior=effective_view,34,0.00033434949355885536,0.723404255319149,0.9993612107513145
tag=糍粑,behavior=effective_view,34,0.00033434949355885536,0.723404255319149,0.9993612107513145
tag=美国,behavior=effective_view,34,0.00033434949355885536,0.723404255319149,0.9993612107513145
tag=王者,behavior=effective_view,34,0.00033434949355885536,0.723404255319149,0.9993612107513145
tag=搞笑动画 & tag=粉红豹,behavior=effective_view,34,0.00033434949355885536,0.723404255319149,0.9993612107513145
gender=F & tag=反转,behavior=effective_view,34,0.00033434949355885536,0.723404255319149,0.9993612107513145
tag=好物分享 & tag=生活小妙招,behavior=effective_view,34,0.00033434949355885536,0.723404255319149,0.9993612107513145
city_level=五线城市 & tag=健康,behavior=effective_view,34,0.00033434949355885536,0.723404255319149,0.9993612107513145
tag=快手情侣日常 & tag=我在快手追好剧,behavior=effective_view,34,0.00033434949355885536,0.723404255319149,0.9993612107513145
tag=糍粑 & tag=美食,behavior=effective_view,34,0.00033434949355885536,0.723404255319149,0.9993612107513145
tag=糍粑 & theme=12,behavior=effective_view,34,0.00033434949355885536,0.723404255319149,0.9993612107513145
age_group=36-45 & tag=我的观影报告,behavior=effective_view,34,0.00033434949355885536,0.723404255319149,0.9993612107513145
age_group=46-60 & tag=剧星计划,behavior=effective_view,34,0.00033434949355885536,0.723404255319149,0.9993612107513145
city_level=二线城市 & tag=打开弹幕看好剧,behavior=effective_view,34,0.00033434949355885536,0.723404255319149,0.9993612107513145
age_group=26-35 & city_level=三线城市,behavior=effective_view,3452,0.0339463074048579,0.7233864207879296,0.9993365728830941
city_level=三线城市 & tag=集结吧光合创作者,behavior=effective_view,460,0.0045235519716786314,0.7232704402515723,0.9991763492620891
age_group=46-60 & city_level=二线城市,behavior=effective_view,2148,0.02112302094601239,0.7232323232323232,0.9991236917469766
tag=追剧一夏,behavior=effective_view,1674,0.016461795653456585,0.723110151187905,0.9989549147438943
age_group=26-35 & tag=影视解说,behavior=effective_view,141,0.0013865670174058413,0.7230769230769231,0.9989090111084404
tag=满级人类,behavior=effective_view,47,0.0004621890058019471,0.7230769230769231,0.9989090111084404
age_group=46-60 & tag=好运1号更静音的高端轮胎,behavior=effective_view,47,0.0004621890058019471,0.7230769230769231,0.9989090111084404
age_group=46-60 & tag=农村生活,behavior=effective_view,47,0.0004621890058019471,0.7230769230769231,0.9989090111084404
tag=反转 & theme=39,behavior=effective_view,47,0.0004621890058019471,0.7230769230769231,0.9989090111084404
age_group=46-60 & tag=热爱快手支持正能量,behavior=effective_view,47,0.0004621890058019471,0.7230769230769231,0.9989090111084404
gender=M & tag=快手影视新热计划,behavior=effective_view,415,0.004081030583144852,0.7229965156794426,0.9987979307083618
tag=记录农村美好生活,behavior=effective_view,120,0.0011800570360900777,0.7228915662650602,0.9986529462504276
tag=同城热点,behavior=effective_view,60,0.0005900285180450389,0.7228915662650602,0.9986529462504276
tag=家庭百态 & theme=39,behavior=effective_view,60,0.0005900285180450389,0.7228915662650602,0.9986529462504276
tag=涨知识 & theme=29,behavior=effective_view,60,0.0005900285180450389,0.7228915662650602,0.9986529462504276
tag=记录农村美好生活 & theme=12,behavior=effective_view,60,0.0005900285180450389,0.7228915662650602,0.9986529462504276
age_group=60+ & tag=天生我有戏,behavior=effective_view,553,0.0054380961746484414,0.722875816993464,0.9986311891056291
tag=支持快手传递正能量,behavior=effective_view,73,0.0007178680302881306,0.7227722772277227,0.9984881520348746
theme=1,behavior=effective_view,965,0.009489625331891042,0.7223053892215568,0.9978431603034928
city_level=五线城市 & theme=16,behavior=effective_view,247,0.002428950732618743,0.7222222222222222,0.9977282675964919
age_group=26-35 & tag=美食,behavior=effective_view,130,0.0012783951224309175,0.7222222222222222,0.9977282675964919
tag=儿童 & theme=25,behavior=effective_view,78,0.0007670370734585505,0.7222222222222222,0.9977282675964919
age_group=26-35 & tag=电影解说,behavior=effective_view,65,0.0006391975612154587,0.7222222222222222,0.9977282675964919
tag=经典老剧,behavior=effective_view,52,0.000511358048972367,0.7222222222222222,0.9977282675964919
tag=快手晚安小助手,behavior=effective_view,39,0.00038351853672927524,0.7222222222222222,0.9977282675964919
tag=正能量专递 & theme=9,behavior=effective_view,39,0.00038351853672927524,0.7222222222222222,0.9977282675964919
city_level=四线城市 & tag=正能量短剧,behavior=effective_view,39,0.00038351853672927524,0.7222222222222222,0.9977282675964919
tag=快手晚安小助手 & theme=6,behavior=effective_view,39,0.00038351853672927524,0.7222222222222222,0.9977282675964919
tag=影视解说 & tag=快手影视高热计划,behavior=effective_view,39,0.00038351853672927524,0.7222222222222222,0.9977282675964919
tag=荣耀萤火计划 & theme=3,behavior=effective_view,39,0.00038351853672927524,0.7222222222222222,0.9977282675964919
tag=魔术 & tag=魔术教学,behavior=effective_view,39,0.00038351853672927524,0.7222222222222222,0.9977282675964919
tag=北京,behavior=effective_view,26,0.0002556790244861835,0.7222222222222222,0.9977282675964919
tag=养殖,behavior=effective_view,26,0.0002556790244861835,0.7222222222222222,0.9977282675964919
tag=关爱儿童防拐,behavior=effective_view,26,0.0002556790244861835,0.7222222222222222,0.9977282675964919
tag=今天有什么好笑的,behavior=effective_view,26,0.0002556790244861835,0.7222222222222222,0.9977282675964919
tag=一分耕耘一分收获,behavior=effective_view,26,0.0002556790244861835,0.7222222222222222,0.9977282675964919
tag=人性 & tag=生活,behavior=effective_view,26,0.0002556790244861835,0.7222222222222222,0.9977282675964919
tag=人性 & theme=2,behavior=effective_view,26,0.0002556790244861835,0.7222222222222222,0.9977282675964919
tag=家庭 & tag=生活,behavior=effective_view,26,0.0002556790244861835,0.7222222222222222,0.9977282675964919
tag=生活 & theme=2,behavior=effective_view,26,0.0002556790244861835,0.7222222222222222,0.9977282675964919
gender=M & tag=进厂打工,behavior=effective_view,26,0.0002556790244861835,0.7222222222222222,0.9977282675964919
tag=奇闻异事 & theme=37,behavior=effective_view,26,0.0002556790244861835,0.7222222222222222,0.9977282675964919
tag=感谢快手平台推荐我要上热门 & theme=12,behavior=effective_view,26,0.0002556790244861835,0.7222222222222222,0.9977282675964919
gender=M & tag=医疗,behavior=effective_view,26,0.0002556790244861835,0.7222222222222222,0.9977282675964919
city_level=五线城市 & tag=手机摄影,behavior=effective_view,26,0.0002556790244861835,0.7222222222222222,0.9977282675964919
age_group=60+ & tag=人类幼崽到底有多可爱,behavior=effective_view,26,0.0002556790244861835,0.7222222222222222,0.9977282675964919
gender=F & tag=变美,behavior=effective_view,26,0.0002556790244861835,0.7222222222222222,0.9977282675964919
tag=关爱儿童防拐 & tag=追剧一夏,behavior=effective_view,26,0.0002556790244861835,0.7222222222222222,0.9977282675964919
tag=关爱儿童防拐 & tag=集结吧光合作创作者,behavior=effective_view,26,0.0002556790244861835,0.7222222222222222,0.9977282675964919
tag=关爱儿童防拐 & theme=39,behavior=effective_view,26,0.0002556790244861835,0.7222222222222222,0.9977282675964919
tag=追剧一夏 & tag=集结吧光合作创作者,behavior=effective_view,26,0.0002556790244861835,0.7222222222222222,0.9977282675964919
gender=F & tag=明星故事,behavior=effective_view,26,0.0002556790244861835,0.7222222222222222,0.9977282675964919
city_level=一线城市 & tag=传递正能量,behavior=effective_view,26,0.0002556790244861835,0.7222222222222222,0.9977282675964919
age_group=36-45 & tag=快手光合计划,behavior=effective_view,26,0.0002556790244861835,0.7222222222222222,0.9977282675964919
tag=人间温暖 & theme=12,behavior=effective_view,26,0.0002556790244861835,0.7222222222222222,0.9977282675964919
tag=传统文化 & tag=国学智慧,behavior=effective_view,26,0.0002556790244861835,0.7222222222222222,0.9977282675964919
tag=致敬经典怀旧金曲 & theme=2,behavior=effective_view,26,0.0002556790244861835,0.7222222222222222,0.9977282675964919
city_level=二线城市 & tag=闺蜜,behavior=effective_view,26,0.0002556790244861835,0.7222222222222222,0.9977282675964919
tag=我在快手追好剧,behavior=effective_view,2891,0.02842954076113679,0.7222083437421933,0.9977090948939497
tag=天生我有戏,behavior=effective_view,1624,0.015970105221752386,0.7220987105380169,0.9975576399213549
gender=M & tag=快手影视高热计划,behavior=effective_view,704,0.006923001278395123,0.7220512820512821,0.9974921188941024
gender=F & tag=笑点不打烊计划,behavior=effective_view,109,0.001071885141115154,0.7218543046357616,0.9972200005218121
city_level=三线城市 & theme=37,behavior=effective_view,96,0.0009440456288720622,0.7218045112781954,0.9971512124966675
tag=快手热点 & tag=集结吧光合创作者,behavior=effective_view,83,0.0008162061166289704,0.7217391304347827,0.997060890828869
tag=集结吧光合创作者,behavior=effective_view,2067,0.020326482446651587,0.721717877094972,0.9970315299794553
tag=我的乡村生活,behavior=effective_view,153,0.001504572721014849,0.7216981132075472,0.9970042267636934
age_group=36-45 & theme=37,behavior=effective_view,70,0.0006883666043858786,0.7216494845360825,0.9969370477173513
gender=F & tag=追剧一夏,behavior=effective_view,788,0.007749041203658177,0.7216117216117216,0.9968848793736715
tag=集结吧光合创作者 & theme=19,behavior=effective_view,101,0.000993214672042482,0.7214285714285714,0.9966318629068255
city_level=五线城市 & tag=天生我有戏,behavior=effective_view,479,0.004710394335726227,0.7213855421686747,0.9965724192790725
age_group=26-35 & tag=2022光合创作者大会,behavior=effective_view,352,0.0034615006391975614,0.7213114754098361,0.9964700982804813
city_level=五线城市 & tag=记录我的农村生活,behavior=effective_view,132,0.0012980627396990854,0.7213114754098361,0.9964700982804813
gender=F & tag=王者荣耀,behavior=effective_view,88,0.0008653751597993903,0.7213114754098361,0.9964700982804813
gender=M & tag=快手鉴片官,behavior=effective_view,44,0.00043268757989969517,0.7213114754098361,0.9964700982804813
age_group=36-45 & tag=好剧推荐,behavior=effective_view,44,0.00043268757989969517,0.7213114754098361,0.9964700982804813
age_group=26-35 & tag=专治不开心,behavior=effective_view,44,0.00043268757989969517,0.7213114754098361,0.9964700982804813
tag=快影 & theme=39,behavior=effective_view,44,0.00043268757989969517,0.7213114754098361,0.9964700982804813
city_level=三线城市 & tag=加油季,behavior=effective_view,119,0.0011702232274559937,0.7212121212121212,0.9963328434460074
age_group=26-35 & tag=快手放映室,behavior=effective_view,225,0.002212606942668896,0.7211538461538461,0.9962523382065563
tag=快手热点 & theme=39,behavior=effective_view,331,0.003254990657881798,0.7211328976034859,0.9962233984145968
age_group=26-35 & tag=影视剪辑,behavior=effective_view,106,0.001042383715212902,0.7210884353741497,0.9961619751826828
age_group=60+ & tag=加油季,behavior=effective_view,137,0.0013472317828695053,0.7210526315789474,0.9961125133169835
gender=M & tag=农村搞笑段子,behavior=effective_view,93,0.0009145442029698102,0.7209302325581395,0.9959434227528488
tag=重温经典老剧,behavior=effective_view,31,0.0003048480676566034,0.7209302325581395,0.9959434227528488
tag=生活小妙招 & tag=生活小技巧,behavior=effective_view,31,0.0003048480676566034,0.7209302325581395,0.9959434227528488
city_level=四线城市 & tag=专治各种不开心,behavior=effective_view,31,0.0003048480676566034,0.7209302325581395,0.9959434227528488
age_group=26-35 & tag=搞笑段子,behavior=effective_view,31,0.0003048480676566034,0.7209302325581395,0.9959434227528488
age_group=60+ & tag=跟着快手学做菜,behavior=effective_view,31,0.0003048480676566034,0.7209302325581395,0.9959434227528488
age_group=60+ & tag=户外,behavior=effective_view,31,0.0003048480676566034,0.7209302325581395,0.9959434227528488
tag=重温经典老剧 & theme=39,behavior=effective_view,31,0.0003048480676566034,0.7209302325581395,0.9959434227528488
gender=M & tag=新光和计划,behavior=effective_view,31,0.0003048480676566034,0.7209302325581395,0.9959434227528488
tag=内容过于真实 & tag=搞笑视频,behavior=effective_view,31,0.0003048480676566034,0.7209302325581395,0.9959434227528488
gender=F & tag=精选,behavior=effective_view,31,0.0003048480676566034,0.7209302325581395,0.9959434227528488
tag=我在快手追好剧 & theme=39,behavior=effective_view,2813,0.02766250368767824,0.720912352639672,0.995918722183511
gender=F & theme=15,behavior=effective_view,883,0.008683253023896154,0.7208163265306122,0.9957860650033685
gender=M & tag=熊出没,behavior=effective_view,111,0.0010915527583833218,0.7207792207792207,0.995734804524371
gender=M & tag=2022高考季,behavior=effective_view,80,0.0007867046907267185,0.7207207207207207,0.9956539884538796
gender=M & tag=2022光合创作者大会,behavior=effective_view,1104,0.010856524732028715,0.720626631853786,0.9955240075154393
age_group=46-60 & city_level=三线城市,behavior=effective_view,4186,0.041164322942275546,0.7206059562747461,0.9954954448251451
city_level=二线城市 & tag=快手影视新热计划,behavior=effective_view,98,0.0009637132461402301,0.7205882352941176,0.9954709638236492
tag=人物故事,behavior=effective_view,49,0.00048185662307011505,0.7205882352941176,0.9954709638236492
tag=工厂管理,behavior=effective_view,49,0.00048185662307011505,0.7205882352941176,0.9954709638236492
tag=工厂正能量 & tag=工厂管理,behavior=effective_view,49,0.00048185662307011505,0.7205882352941176,0.9954709638236492
tag=工厂正能量 & tag=集结吧光合创作者,behavior=effective_view,49,0.00048185662307011505,0.7205882352941176,0.9954709638236492
tag=工厂管理 & tag=集结吧光合创作者,behavior=effective_view,49,0.00048185662307011505,0.7205882352941176,0.9954709638236492
tag=工厂管理 & theme=11,behavior=effective_view,49,0.00048185662307011505,0.7205882352941176,0.9954709638236492
tag=正能量 & theme=28,behavior=effective_view,116,0.0011407218015537417,0.7204968944099379,0.9953447791406953
tag=快手影视高热计划 & theme=39,behavior=effective_view,987,0.009705969121840888,0.7204379562043796,0.9952633577832272
age_group=60+ & tag=三农,behavior=effective_view,134,0.0013177303569672533,0.7204301075268817,0.9952525150714386
tag=监控下的一幕,behavior=effective_view,85,0.0008358737338971384,0.7203389830508474,0.9951266293498258
gender=M & tag=装修,behavior=effective_view,85,0.0008358737338971384,0.7203389830508474,0.9951266293498258
city_level=新一线城市 & theme=9,behavior=effective_view,829,0.00815222735765562,0.7202432667245873,0.9949944001252993
age_group=26-35 & city_level=四线城市,behavior=effective_view,3390,0.033336611269544694,0.7200509770603228,0.9947287577403101
city_level=三线城市 & tag=内容过于真实,behavior=effective_view,126,0.0012390598878945815,0.72,0.9946583344654258
city_level=二线城市 & theme=37,behavior=effective_view,54,0.0005310256662405349,0.72,0.9946583344654258
city_level=五线城市 & tag=非凡十年,behavior=effective_view,54,0.0005310256662405349,0.72,0.9946583344654258
age_group=19-25 & tag=快手创作者服务中心,behavior=effective_view,54,0.0005310256662405349,0.72,0.9946583344654258
tag=粉红豹,behavior=effective_view,36,0.0003540171108270233,0.72,0.9946583344654258
tag=快看影视计划,behavior=effective_view,36,0.0003540171108270233,0.72,0.9946583344654258
tag=恩恩姥姥,behavior=effective_view,36,0.0003540171108270233,0.72,0.9946583344654258
age_group=26-35 & tag=快手小剧场,behavior=effective_view,36,0.0003540171108270233,0.72,0.9946583344654258
tag=粉红豹 & theme=20,behavior=effective_view,36,0.0003540171108270233,0.72,0.9946583344654258
city_level=三线城市 & tag=记录真实生活,behavior=effective_view,36,0.0003540171108270233,0.72,0.9946583344654258
city_level=三线城市 & tag=沙雕,behavior=effective_view,36,0.0003540171108270233,0.72,0.9946583344654258
tag=恩恩姥姥 & tag=英语,behavior=effective_view,36,0.0003540171108270233,0.72,0.9946583344654258
city_level=三线城市 & theme=13,behavior=effective_view,447,0.0043957124594355395,0.7198067632850241,0.9943913837583765
age_group=60+ & gender=F,behavior=effective_view,6175,0.06072376831546858,0.7197808602401212,0.9943555994812923
gender=M & tag=情感,behavior=effective_view,683,0.006716491297079359,0.7197049525816649,0.9942507353352737
city_level=五线城市 & theme=18,behavior=effective_view,390,0.0038351853672927523,0.7195571955719557,0.9940466134725197
city_level=五线城市 & theme=39,behavior=effective_view,3440,0.03382830170124889,0.719514745869065,0.993987970485331
city_level=二线城市 & tag=科普,behavior=effective_view,59,0.0005801947094109549,0.7195121951219512,0.9939844467049479
gender=M & theme=11,behavior=effective_view,3106,0.030543809617464845,0.719481121148946,0.9939415189462888
age_group=46-60 & theme=13,behavior=effective_view,605,0.005949454223620808,0.7193816884661117,0.9938041556869841
gender=M & tag=我在快手追好剧,behavior=effective_view,1979,0.019461107286852197,0.7193747728098873,0.9937946019160091
age_group=19-25 & theme=39,behavior=effective_view,2002,0.01968728488543613,0.7193675889328063,0.993784677605992
age_group=26-35 & tag=放映厅免费看大片,behavior=effective_view,82,0.0008063723079948864,0.7192982456140351,0.9936888818977208
gender=F & tag=减肥,behavior=effective_view,41,0.0004031861539974432,0.7192982456140351,0.9936888818977208
age_group=26-35 & tag=儿童,behavior=effective_view,41,0.0004031861539974432,0.7192982456140351,0.9936888818977208
city_level=三线城市 & tag=手艺人,behavior=effective_view,41,0.0004031861539974432,0.7192982456140351,0.9936888818977208
city_level=四线城市 & tag=手艺人,behavior=effective_view,41,0.0004031861539974432,0.7192982456140351,0.9936888818977208
theme=38,behavior=effective_view,761,0.007483528370537909,0.719281663516068,0.9936659742283516
city_level=三线城市 & tag=我在快手追好剧,behavior=effective_view,625,0.006146130396302488,0.7192174913693901,0.9935773223387212
theme=11,behavior=effective_view,4529,0.04453731930376635,0.719117180057161,0.9934387452793465
city_level=新一线城市 & theme=6,behavior=effective_view,279,0.0027436326089094304,0.7190721649484536,0.9933765582612178
gender=M & theme=1,behavior=effective_view,540,0.0053102566624053495,0.7190412782956058,0.9933338892797196
gender=M & tag=找工作,behavior=effective_view,87,0.0008555413511653063,0.71900826446281,0.993288281663132
age_group=26-35 & theme=11,behavior=effective_view,943,0.009273281541941195,0.71875,0.9929314970792011
tag=影视剪辑 & tag=我在快手追好剧,behavior=effective_view,138,0.0013570655915035893,0.71875,0.9929314970792011
tag=家庭百态,behavior=effective_view,69,0.0006785327957517947,0.71875,0.9929314970792011
tag=情感共鸣,behavior=effective_view,46,0.00045235519716786313,0.71875,0.9929314970792011
age_group=46-60 & tag=农村,behavior=effective_view,46,0.00045235519716786313,0.71875,0.9929314970792011
tag=快手影视创作者 & theme=39,behavior=effective_view,46,0.00045235519716786313,0.71875,0.9929314970792011
tag=满级人类 & theme=9,behavior=effective_view,46,0.00045235519716786313,0.71875,0.9929314970792011
gender=M & tag=今日份的自拍,behavior=effective_view,46,0.00045235519716786313,0.71875,0.9929314970792011
tag=军训进行时 & theme=11,behavior=effective_view,46,0.00045235519716786313,0.71875,0.9929314970792011
tag=打工人 & tag=找工作,behavior=effective_view,46,0.00045235519716786313,0.71875,0.9929314970792011
city_level=三线城市 & tag=人间温暖,behavior=effective_view,46,0.00045235519716786313,0.71875,0.9929314970792011
tag=老师,behavior=effective_view,23,0.00022617759858393157,0.71875,0.9929314970792011
tag=危险瞬间,behavior=effective_view,23,0.00022617759858393157,0.71875,0.9929314970792011
tag=作品推荐,behavior=effective_view,23,0.00022617759858393157,0.71875,0.9929314970792011
tag=樱花校园模拟器拍剧,behavior=effective_view,23,0.00022617759858393157,0.71875,0.9929314970792011
age_group=26-35 & tag=爱音乐爱唱歌,behavior=effective_view,23,0.00022617759858393157,0.71875,0.9929314970792011
gender=F & tag=儿童教育,behavior=effective_view,23,0.00022617759858393157,0.71875,0.9929314970792011
gender=M & tag=手势舞,behavior=effective_view,23,0.00022617759858393157,0.71875,0.9929314970792011
age_group=60+ & tag=萌娃搞笑瞬间,behavior=effective_view,23,0.00022617759858393157,0.71875,0.9929314970792011
age_group=46-60 & tag=怀旧经典影视,behavior=effective_view,23,0.00022617759858393157,0.71875,0.9929314970792011
city_level=三线城市 & tag=保安,behavior=effective_view,23,0.00022617759858393157,0.71875,0.9929314970792011
gender=M & tag=精彩影视剪辑,behavior=effective_view,23,0.00022617759858393157,0.71875,0.9929314970792011
tag=夫妻 & theme=9,behavior=effective_view,23,0.00022617759858393157,0.71875,0.9929314970792011
tag=快手热点 & theme=3,behavior=effective_view,23,0.00022617759858393157,0.71875,0.9929314970792011
tag=怀旧动画片 & theme=20,behavior=effective_view,23,0.00022617759858393157,0.71875,0.9929314970792011
tag=快手短剧MCN影响力大赛 & tag=暑期防溺水,behavior=effective_view,23,0.00022617759858393157,0.71875,0.9929314970792011
city_level=三线城市 & theme=18,behavior=effective_view,360,0.003540171108270233,0.718562874251497,0.992672988488449
tag=美食探店 & theme=12,behavior=effective_view,97,0.0009538794375061461,0.7185185185185186,0.9926117123780485
city_level=二线城市 & tag=快手影视高热计划,behavior=effective_view,171,0.0016815812764283608,0.7184873949579832,0.9925687161157085
gender=F & theme=11,behavior=effective_view,1423,0.013993509686301505,0.718324078748107,0.992343099686116
city_level=四线城市 & gender=F,behavior=effective_view,6472,0.06364440947979152,0.7183129855715871,0.9923277747965586
age_group=46-60 & tag=泪目,behavior=effective_view,51,0.0005015242403382831,0.7183098591549296,0.9923234557460235
gender=M & tag=快手短剧MCN影响力大赛,behavior=effective_view,51,0.0005015242403382831,0.7183098591549296,0.9923234557460235
city_level=四线城市 & tag=非凡十年,behavior=effective_view,51,0.0005015242403382831,0.7183098591549296,0.9923234557460235
gender=M & tag=同城,behavior=effective_view,51,0.0005015242403382831,0.7183098591549296,0.9923234557460235
age_group=19-25 & tag=电影解说,behavior=effective_view,51,0.0005015242403382831,0.7183098591549296,0.9923234557460235
tag=新光合创作者计划,behavior=effective_view,79,0.0007768708820926344,0.7181818181818181,0.9921465709945535
city_level=新一线城市 & tag=影视解说,behavior=effective_view,79,0.0007768708820926344,0.7181818181818181,0.9921465709945535
tag=熊出没 & theme=20,behavior=effective_view,163,0.001602910807355689,0.7180616740088106,0.9919805954348043
city_level=四线城市 & tag=情感,behavior=effective_view,275,0.0027042973743730946,0.7180156657963447,0.9919170364737168
tag=集结吧光合创作者 & theme=1,behavior=effective_view,56,0.0005506932835087029,0.717948717948718,0.9918245500367494
tag=加油季 & theme=12,behavior=effective_view,56,0.0005506932835087029,0.717948717948718,0.9918245500367494
age_group=60+ & tag=今天拍点啥,behavior=effective_view,56,0.0005506932835087029,0.717948717948718,0.9918245500367494
city_level=二线城市 & tag=放映厅免费看大片,behavior=effective_view,56,0.0005506932835087029,0.717948717948718,0.9918245500367494
tag=宝妈生活记录带娃日常,behavior=effective_view,28,0.00027534664175435147,0.717948717948718,0.9918245500367494
tag=电子厂小姐姐,behavior=effective_view,28,0.00027534664175435147,0.717948717948718,0.9918245500367494
tag=吃货,behavior=effective_view,28,0.00027534664175435147,0.717948717948718,0.9918245500367494
tag=ins特效,behavior=effective_view,28,0.00027534664175435147,0.717948717948718,0.9918245500367494
city_level=三线城市 & tag=快手光合计划,behavior=effective_view,28,0.00027534664175435147,0.717948717948718,0.9918245500367494
tag=创业 & tag=生意,behavior=effective_view,28,0.00027534664175435147,0.717948717948718,0.9918245500367494
tag=生意 & theme=22,behavior=effective_view,28,0.00027534664175435147,0.717948717948718,0.9918245500367494
tag=宝妈生活记录带娃日常 & theme=25,behavior=effective_view,28,0.00027534664175435147,0.717948717948718,0.9918245500367494
age_group=60+ & tag=伤感音乐,behavior=effective_view,28,0.00027534664175435147,0.717948717948718,0.9918245500367494
tag=政务短视频原创计划 & theme=28,behavior=effective_view,28,0.00027534664175435147,0.717948717948718,0.9918245500367494
city_level=三线城市 & tag=在快手看世界,behavior=effective_view,28,0.00027534664175435147,0.717948717948718,0.9918245500367494
tag=2022财是机会 & tag=财富密码在人间,behavior=effective_view,28,0.00027534664175435147,0.717948717948718,0.9918245500367494
age_group=60+ & tag=打开弹幕看好剧,behavior=effective_view,28,0.00027534664175435147,0.717948717948718,0.9918245500367494
city_level=三线城市 & tag=美食探店,behavior=effective_view,28,0.00027534664175435147,0.717948717948718,0.9918245500367494
gender=F & tag=我的世界,behavior=effective_view,28,0.00027534664175435147,0.717948717948718,0.9918245500367494
city_level=五线城市 & tag=搞笑视频,behavior=effective_view,397,0.0039040220277313403,0.7179023508137432,0.9917604952350162
city_level=一线城市 & theme=39,behavior=effective_view,369,0.0036286753859769887,0.7178988326848249,0.9917556350457797
tag=剧情,behavior=effective_view,402,0.00395319107090176,0.7178571428571429,0.9916980418033263
age_group=36-45 & theme=13,behavior=effective_view,290,0.0028518045038843543,0.7178217821782178,0.9916491920894303
age_group=46-60 & tag=创作灵感,behavior=effective_view,122,0.0011997246533582456,0.7176470588235294,0.9914078170325323
age_group=19-25 & tag=快手影视新热计划,behavior=effective_view,122,0.0011997246533582456,0.7176470588235294,0.9914078170325323
city_level=新一线城市 & tag=夏日暴击,behavior=effective_view,61,0.0005998623266791228,0.7176470588235294,0.9914078170325323
age_group=26-35 & tag=我在快手追好剧,behavior=effective_view,663,0.00651981512439768,0.7175324675324676,0.9912495126120993
city_level=四线城市 & tag=我在快手追好剧,behavior=effective_view,683,0.006716491297079359,0.717436974789916,0.9911175922617382
age_group=26-35 & tag=集结吧光合创作者,behavior=effective_view,363,0.003569672534172485,0.717391304347826,0.9910544999202612
tag=游戏,behavior=effective_view,231,0.0022716097944733993,0.717391304347826,0.9910544999202612
gender=M & tag=防身术,behavior=effective_view,66,0.0006490313698495427,0.717391304347826,0.9910544999202612
tag=农村美食 & theme=12,behavior=effective_view,66,0.0006490313698495427,0.717391304347826,0.9910544999202612
tag=儿童教育,behavior=effective_view,33,0.00032451568492477135,0.717391304347826,0.9910544999202612
tag=动画解说,behavior=effective_view,33,0.00032451568492477135,0.717391304347826,0.9910544999202612
age_group=60+ & tag=乡村爱情喜剧,behavior=effective_view,33,0.00032451568492477135,0.717391304347826,0.9910544999202612
gender=M & tag=未解之谜,behavior=effective_view,33,0.00032451568492477135,0.717391304347826,0.9910544999202612
city_level=四线城市 & tag=快手音乐人,behavior=effective_view,33,0.00032451568492477135,0.717391304347826,0.9910544999202612
tag=明星娱乐 & theme=6,behavior=effective_view,33,0.00032451568492477135,0.717391304347826,0.9910544999202612
tag=新热征稿活动 & theme=39,behavior=effective_view,33,0.00032451568492477135,0.717391304347826,0.9910544999202612
city_level=二线城市 & tag=快手小剧场,behavior=effective_view,33,0.00032451568492477135,0.717391304347826,0.9910544999202612
gender=M & tag=感谢官方大大让我上一次热门,behavior=effective_view,236,0.0023207788376438197,0.7173252279635258,0.9909632173836562
age_group=26-35 & tag=记录我的农村生活,behavior=effective_view,71,0.0006982004130199626,0.7171717171717171,0.9907511468440688
gender=M & tag=寻找快手科普达人,behavior=effective_view,71,0.0006982004130199626,0.7171717171717171,0.9907511468440688
age_group=36-45 & city_level=一线城市,behavior=effective_view,786,0.007729373586390009,0.7171532846715328,0.9907256828997171
tag=正能量专递 & theme=39,behavior=effective_view,109,0.001071885141115154,0.7171052631578947,0.9906593426236423
city_level=三线城市 & tag=快手影视高热计划,behavior=effective_view,223,0.0021929393254007277,0.7170418006430869,0.9905716710690871
city_level=二线城市 & tag=影视剪辑,behavior=effective_view,76,0.0007473694561903826,0.7169811320754716,0.9904878592685058
tag=号手就位,behavior=effective_view,38,0.0003736847280951913,0.7169811320754716,0.9904878592685058
gender=M & tag=开学季,behavior=effective_view,38,0.0003736847280951913,0.7169811320754716,0.9904878592685058
tag=情感 & theme=38,behavior=effective_view,38,0.0003736847280951913,0.7169811320754716,0.9904878592685058
tag=男人 & theme=19,behavior=effective_view,38,0.0003736847280951913,0.7169811320754716,0.9904878592685058
tag=号手就位 & tag=我在快手追好剧,behavior=effective_view,38,0.0003736847280951913,0.7169811320754716,0.9904878592685058
tag=号手就位 & theme=39,behavior=effective_view,38,0.0003736847280951913,0.7169811320754716,0.9904878592685058
gender=M & tag=集结吧光合作创作者,behavior=effective_view,38,0.0003736847280951913,0.7169811320754716,0.9904878592685058
tag=影视剪辑 & tag=快手放映厅,behavior=effective_view,38,0.0003736847280951913,0.7169811320754716,0.9904878592685058
gender=M & tag=对口型,behavior=effective_view,38,0.0003736847280951913,0.7169811320754716,0.9904878592685058
age_group=36-45 & tag=打开弹幕看好剧,behavior=effective_view,38,0.0003736847280951913,0.7169811320754716,0.9904878592685058
gender=F & tag=英语,behavior=effective_view,38,0.0003736847280951913,0.7169811320754716,0.9904878592685058
tag=今天拍点啥,behavior=effective_view,119,0.0011702232274559937,0.7168674698795181,0.9903308383650073
gender=F & tag=正能量短剧,behavior=effective_view,81,0.0007965384993608024,0.7168141592920354,0.99025719139257
city_level=五线城市 & tag=情感,behavior=effective_view,291,0.0028616383125184383,0.7167487684729064,0.9901668559436196
age_group=60+ & tag=搞笑段子,behavior=effective_view,43,0.00042285377126561116,0.7166666666666667,0.9900534347688267
tag=剧情 & tag=天生我有戏,behavior=effective_view,43,0.00042285377126561116,0.7166666666666667,0.9900534347688267
city_level=五线城市 & tag=2022光合创作者大会,behavior=effective_view,435,0.004277706755826532,0.7166392092257001,0.9900155031403538
city_level=二线城市 & tag=美食,behavior=effective_view,91,0.0008948765857016422,0.7165354330708661,0.9898721395051809
age_group=26-35 & gender=M,behavior=effective_view,9573,0.09413905005408595,0.7164882868048799,0.9898070083574002
tag=老有所依 & theme=39,behavior=effective_view,48,0.0004720228144360311,0.7164179104477612,0.9897097855377371
age_group=60+ & tag=2022高考季,behavior=effective_view,48,0.0004720228144360311,0.7164179104477612,0.9897097855377371
tag=明星故事 & theme=6,behavior=effective_view,48,0.0004720228144360311,0.7164179104477612,0.9897097855377371
gender=F & tag=快手宠物天团,behavior=effective_view,48,0.0004720228144360311,0.7164179104477612,0.9897097855377371
age_group=60+ & theme=13,behavior=effective_view,730,0.007178680302881306,0.7163886162904809,0.9896693165409455
tag=专治各种不开心,behavior=effective_view,149,0.0014652374864785132,0.7163461538461539,0.9896106559518459
age_group=19-25 & city_level=三线城市,behavior=effective_view,2245,0.022076900383518536,0.7163369495851947,0.9895979405422964
tag=农村搞笑段子 & theme=9,behavior=effective_view,101,0.000993214672042482,0.7163120567375887,0.98956355182238
age_group=60+ & theme=27,behavior=effective_view,53,0.000521191857606451,0.7162162162162162,0.989431151026043
tag=记录生活 & theme=11,behavior=effective_view,53,0.000521191857606451,0.7162162162162162,0.989431151026043
age_group=60+ & tag=热门,behavior=effective_view,111,0.0010915527583833218,0.7161290322580646,0.9893107090113107
gender=M & tag=美食,behavior=effective_view,348,0.003422165404661225,0.7160493827160493,0.9892006755657526
age_group=46-60 & tag=精彩片段,behavior=effective_view,58,0.0005703609007768709,0.7160493827160493,0.9892006755657526
city_level=新一线城市 & theme=13,behavior=effective_view,179,0.0017602517455010327,0.716,0.9891324548295067
age_group=36-45 & tag=快手热点,behavior=effective_view,121,0.0011898908447241616,0.7159763313609467,0.9890997573168683
age_group=36-45 & gender=F,behavior=effective_view,5079,0.04994591405251254,0.7159571468846913,0.9890732545402018
tag=传统文化,behavior=effective_view,63,0.0006195299439472907,0.7159090909090909,0.9890068666559633
age_group=60+ & tag=剧情,behavior=effective_view,131,0.0012882289310650016,0.7158469945355191,0.988921082384417
tag=快手幸福乡村带头人,behavior=effective_view,73,0.0007178680302881306,0.7156862745098039,0.988699052505121
age_group=36-45 & tag=快手影视高热计划,behavior=effective_view,229,0.0022519421772052317,0.715625,0.9886144036136394
city_level=五线城市 & tag=快手放映室,behavior=effective_view,234,0.0023011112203756515,0.7155963302752294,0.98857479725157
city_level=四线城市 & theme=15,behavior=effective_view,586,0.005762611859573213,0.7155067155067155,0.988450997145468
gender=F & tag=集合吧光合创作者,behavior=effective_view,176,0.0017307503195987807,0.7154471544715447,0.9883687153676318
tag=打工人 & theme=11,behavior=effective_view,93,0.0009145442029698102,0.7153846153846154,0.988282319500904
age_group=60+ & tag=我是爆款王,behavior=effective_view,98,0.0009637132461402301,0.7153284671532847,0.9882047524088781
city_level=四线城市 & tag=王者荣耀,behavior=effective_view,98,0.0009637132461402301,0.7153284671532847,0.9882047524088781
tag=奥特曼,behavior=effective_view,103,0.00101288228931065,0.7152777777777778,0.9881347265619104
city_level=四线城市 & tag=三农,behavior=effective_view,108,0.0010620513324810699,0.7152317880794702,0.9880711931775753
city_level=三线城市 & theme=11,behavior=effective_view,1043,0.010256662405349592,0.7148732008224812,0.9875758156723015
city_level=新一线城市 & theme=15,behavior=effective_view,203,0.001996263152719048,0.7147887323943662,0.9874591250806019
tag=情感,behavior=effective_view,1129,0.011102369947880815,0.7145569620253165,0.9871389412899665
age_group=60+ & tag=追剧一夏,behavior=effective_view,525,0.00516274953289409,0.7142857142857143,0.9867642206998273
gender=M & theme=34,behavior=effective_view,255,0.002507621201691415,0.7142857142857143,0.9867642206998273
gender=F & tag=我是爆款王,behavior=effective_view,185,0.0018192545973055364,0.7142857142857143,0.9867642206998273
age_group=60+ & tag=创作灵感,behavior=effective_view,135,0.0013275641656013374,0.7142857142857143,0.9867642206998273
tag=一定要看到最后哦,behavior=effective_view,115,0.0011308879929196579,0.7142857142857143,0.9867642206998273
age_group=26-35 & tag=集合吧光合创作者,behavior=effective_view,95,0.0009342118202379781,0.7142857142857143,0.9867642206998273
city_level=五线城市 & theme=37,behavior=effective_view,85,0.0008358737338971384,0.7142857142857143,0.9867642206998273
city_level=二线城市 & tag=记录我的农村生活,behavior=effective_view,75,0.0007375356475562985,0.7142857142857143,0.9867642206998273
gender=M & tag=医学科普,behavior=effective_view,75,0.0007375356475562985,0.7142857142857143,0.9867642206998273
city_level=二线城市 & theme=30,behavior=effective_view,65,0.0006391975612154587,0.7142857142857143,0.9867642206998273
age_group=36-45 & tag=放映厅免费看大片,behavior=effective_view,65,0.0006391975612154587,0.7142857142857143,0.9867642206998273
gender=F & tag=生活,behavior=effective_view,55,0.000540859474874619,0.7142857142857143,0.9867642206998273
tag=运动一夏 & theme=7,behavior=effective_view,55,0.000540859474874619,0.7142857142857143,0.9867642206998273
tag=涨知识 & theme=16,behavior=effective_view,55,0.000540859474874619,0.7142857142857143,0.9867642206998273
tag=老有所依,behavior=effective_view,50,0.000491690431704199,0.7142857142857143,0.9867642206998273
tag=经典老剧 & theme=39,behavior=effective_view,50,0.000491690431704199,0.7142857142857143,0.9867642206998273
tag=爱情 & theme=19,behavior=effective_view,50,0.000491690431704199,0.7142857142857143,0.9867642206998273
age_group=60+ & tag=夫妻,behavior=effective_view,50,0.000491690431704199,0.7142857142857143,0.9867642206998273
age_group=60+ & tag=笑点不打烊计划,behavior=effective_view,45,0.0004425213885337791,0.7142857142857143,0.9867642206998273
gender=M & tag=经典老剧,behavior=effective_view,45,0.0004425213885337791,0.7142857142857143,0.9867642206998273
age_group=60+ & tag=员工,behavior=effective_view,45,0.0004425213885337791,0.7142857142857143,0.9867642206998273
tag=感谢官方大大让我上一次热门 & tag=感谢快手官大大每次热门推送,behavior=effective_view,45,0.0004425213885337791,0.7142857142857143,0.9867642206998273
age_group=46-60 & tag=健美比赛,behavior=effective_view,40,0.00039335234536335925,0.7142857142857143,0.9867642206998273
tag=短剧有好货 & tag=追剧一夏,behavior=effective_view,40,0.00039335234536335925,0.7142857142857143,0.9867642206998273
gender=M & tag=关爱老人,behavior=effective_view,40,0.00039335234536335925,0.7142857142857143,0.9867642206998273
city_level=四线城市 & tag=跟着快手学做菜,behavior=effective_view,40,0.00039335234536335925,0.7142857142857143,0.9867642206998273
gender=F & tag=大实话,behavior=effective_view,40,0.00039335234536335925,0.7142857142857143,0.9867642206998273
age_group=19-25 & tag=学生党,behavior=effective_view,40,0.00039335234536335925,0.7142857142857143,0.9867642206998273
tag=农业种植,behavior=effective_view,35,0.0003441833021929393,0.7142857142857143,0.9867642206998273
age_group=46-60 & tag=全诺1号更静音的高端轮胎,behavior=effective_view,35,0.0003441833021929393,0.7142857142857143,0.9867642206998273
age_group=46-60 & tag=全诺轮胎一路无忧,behavior=effective_view,35,0.0003441833021929393,0.7142857142857143,0.9867642206998273
tag=快手热度 & theme=20,behavior=effective_view,35,0.0003441833021929393,0.7142857142857143,0.9867642206998273
tag=农业种植 & theme=13,behavior=effective_view,35,0.0003441833021929393,0.7142857142857143,0.9867642206998273
gender=F & tag=作品推广,behavior=effective_view,35,0.0003441833021929393,0.7142857142857143,0.9867642206998273
age_group=46-60 & tag=电视剧解说,behavior=effective_view,35,0.0003441833021929393,0.7142857142857143,0.9867642206998273
tag=大闸蟹,behavior=effective_view,30,0.00029501425902251943,0.7142857142857143,0.9867642206998273
gender=M & tag=钓鱼人的快乐,behavior=effective_view,30,0.00029501425902251943,0.7142857142857143,0.9867642206998273
gender=F & tag=家有萌娃,behavior=effective_view,30,0.00029501425902251943,0.7142857142857143,0.9867642206998273
gender=M & tag=新乌龙院之笑闹江湖,behavior=effective_view,30,0.00029501425902251943,0.7142857142857143,0.9867642206998273
age_group=36-45 & tag=萌宠,behavior=effective_view,30,0.00029501425902251943,0.7142857142857143,0.9867642206998273
age_group=46-60 & tag=Vlog日常,behavior=effective_view,30,0.00029501425902251943,0.7142857142857143,0.9867642206998273
tag=导游带你游中国 & theme=21,behavior=effective_view,30,0.00029501425902251943,0.7142857142857143,0.9867642206998273
city_level=二线城市 & tag=家乡美食,behavior=effective_view,30,0.00029501425902251943,0.7142857142857143,0.9867642206998273
city_level=三线城市 & tag=装修,behavior=effective_view,30,0.00029501425902251943,0.7142857142857143,0.9867642206998273
age_group=46-60 & tag=跟着快手学做菜,behavior=effective_view,30,0.00029501425902251943,0.7142857142857143,0.9867642206998273
age_group=36-45 & tag=集合吧光合计划创作者,behavior=effective_view,30,0.00029501425902251943,0.7142857142857143,0.9867642206998273
age_group=36-45 & tag=笑疯了老铁,behavior=effective_view,30,0.00029501425902251943,0.7142857142857143,0.9867642206998273
gender=M & tag=王者,behavior=effective_view,30,0.00029501425902251943,0.7142857142857143,0.9867642206998273
tag=一起追剧,behavior=effective_view,25,0.0002458452158520995,0.7142857142857143,0.9867642206998273
tag=历史影像,behavior=effective_view,25,0.0002458452158520995,0.7142857142857143,0.9867642206998273
age_group=46-60 & tag=支持快手传递正能量,behavior=effective_view,25,0.0002458452158520995,0.7142857142857143,0.9867642206998273
city_level=四线城市 & tag=记录真实生活,behavior=effective_view,25,0.0002458452158520995,0.7142857142857143,0.9867642206998273
age_group=26-35 & tag=学生时代,behavior=effective_view,25,0.0002458452158520995,0.7142857142857143,0.9867642206998273
age_group=46-60 & tag=恋爱,behavior=effective_view,25,0.0002458452158520995,0.7142857142857143,0.9867642206998273
tag=一起追剧 & theme=39,behavior=effective_view,25,0.0002458452158520995,0.7142857142857143,0.9867642206998273
tag=人物故事 & tag=历史影像,behavior=effective_view,25,0.0002458452158520995,0.7142857142857143,0.9867642206998273
tag=人物故事 & tag=历史故事,behavior=effective_view,25,0.0002458452158520995,0.7142857142857143,0.9867642206998273
tag=历史影像 & tag=历史故事,behavior=effective_view,25,0.0002458452158520995,0.7142857142857143,0.9867642206998273
tag=历史影像 & theme=21,behavior=effective_view,25,0.0002458452158520995,0.7142857142857143,0.9867642206998273
age_group=46-60 & tag=打工人,behavior=effective_view,25,0.0002458452158520995,0.7142857142857143,0.9867642206998273
tag=搞笑 & theme=28,behavior=effective_view,25,0.0002458452158520995,0.7142857142857143,0.9867642206998273
gender=M & tag=外国人真会玩,behavior=effective_view,25,0.0002458452158520995,0.7142857142857143,0.9867642206998273
tag=快手弹幕 & tag=我在快手整活,behavior=effective_view,25,0.0002458452158520995,0.7142857142857143,0.9867642206998273
age_group=36-45 & tag=人间温暖,behavior=effective_view,25,0.0002458452158520995,0.7142857142857143,0.9867642206998273
tag=吹糖人 & theme=15,behavior=effective_view,25,0.0002458452158520995,0.7142857142857143,0.9867642206998273
tag=萌宠星计划,behavior=effective_view,20,0.00019667617268167962,0.7142857142857143,0.9867642206998273
tag=你的良心能值几个钱呀,behavior=effective_view,20,0.00019667617268167962,0.7142857142857143,0.9867642206998273
tag=拾金不昧正能量,behavior=effective_view,20,0.00019667617268167962,0.7142857142857143,0.9867642206998273
tag=宠物,behavior=effective_view,20,0.00019667617268167962,0.7142857142857143,0.9867642206998273
tag=台球,behavior=effective_view,20,0.00019667617268167962,0.7142857142857143,0.9867642206998273
tag=创作者服务中心,behavior=effective_view,20,0.00019667617268167962,0.7142857142857143,0.9867642206998273
gender=M & tag=快手新光合计划,behavior=effective_view,20,0.00019667617268167962,0.7142857142857143,0.9867642206998273
city_level=四线城市 & tag=医学科普,behavior=effective_view,20,0.00019667617268167962,0.7142857142857143,0.9867642206998273
tag=萌宠星计划 & theme=17,behavior=effective_view,20,0.00019667617268167962,0.7142857142857143,0.9867642206998273
tag=电视剧解说 & tag=经典老剧,behavior=effective_view,20,0.00019667617268167962,0.7142857142857143,0.9867642206998273
tag=精彩片段 & tag=经典老剧,behavior=effective_view,20,0.00019667617268167962,0.7142857142857143,0.9867642206998273
city_level=四线城市 & tag=红眼,behavior=effective_view,20,0.00019667617268167962,0.7142857142857143,0.9867642206998273
tag=你的良心能值几个钱呀 & tag=拾金不昧正能量,behavior=effective_view,20,0.00019667617268167962,0.7142857142857143,0.9867642206998273
tag=你的良心能值几个钱呀 & theme=39,behavior=effective_view,20,0.00019667617268167962,0.7142857142857143,0.9867642206998273
tag=拾金不昧正能量 & theme=39,behavior=effective_view,20,0.00019667617268167962,0.7142857142857143,0.9867642206998273
city_level=三线城市 & tag=2022快手光合创作者大会,behavior=effective_view,20,0.00019667617268167962,0.7142857142857143,0.9867642206998273
age_group=60+ & tag=同城热点,behavior=effective_view,20,0.00019667617268167962,0.7142857142857143,0.9867642206998273
city_level=五线城市 & tag=人类幼崽到底有多可爱,behavior=effective_view,20,0.00019667617268167962,0.7142857142857143,0.9867642206998273
gender=M & tag=娱乐,behavior=effective_view,20,0.00019667617268167962,0.7142857142857143,0.9867642206998273
tag=人间温暖 & tag=剧情,behavior=effective_view,20,0.00019667617268167962,0.7142857142857143,0.9867642206998273
city_level=四线城市 & tag=民间故事,behavior=effective_view,20,0.00019667617268167962,0.7142857142857143,0.9867642206998273
gender=F & tag=影视合集激励计划,behavior=effective_view,20,0.00019667617268167962,0.7142857142857143,0.9867642206998273
tag=快手粉条热点助我上热门 & theme=39,behavior=effective_view,20,0.00019667617268167962,0.7142857142857143,0.9867642206998273
tag=搞笑我是认真的 & tag=搞笑视频,behavior=effective_view,20,0.00019667617268167962,0.7142857142857143,0.9867642206998273
age_group=46-60 & tag=对口型,behavior=effective_view,20,0.00019667617268167962,0.7142857142857143,0.9867642206998273
age_group=46-60 & tag=快手短剧MCN影响力大赛,behavior=effective_view,20,0.00019667617268167962,0.7142857142857143,0.9867642206998273
tag=婆媳 & tag=家庭,behavior=effective_view,20,0.00019667617268167962,0.7142857142857143,0.9867642206998273
tag=搞笑视频 & tag=搞笑视频配音,behavior=effective_view,20,0.00019667617268167962,0.7142857142857143,0.9867642206998273
tag=猪脚饭 & tag=餐饮创业,behavior=effective_view,20,0.00019667617268167962,0.7142857142857143,0.9867642206998273
gender=F & tag=兄妹情深亲情最可贵,behavior=effective_view,20,0.00019667617268167962,0.7142857142857143,0.9867642206998273
age_group=60+ & tag=音乐分享,behavior=effective_view,20,0.00019667617268167962,0.7142857142857143,0.9867642206998273
gender=F & tag=原创作品,behavior=effective_view,20,0.00019667617268167962,0.7142857142857143,0.9867642206998273
age_group=60+ & tag=中国好儿郎,behavior=effective_view,20,0.00019667617268167962,0.7142857142857143,0.9867642206998273
gender=F & tag=关爱陪伴乡村孤寡老人,behavior=effective_view,20,0.00019667617268167962,0.7142857142857143,0.9867642206998273
gender=M & tag=创作者服务中心,behavior=effective_view,20,0.00019667617268167962,0.7142857142857143,0.9867642206998273
gender=F & tag=酸梅汤,behavior=effective_view,20,0.00019667617268167962,0.7142857142857143,0.9867642206998273
tag=游戏凡星计划 & tag=荣耀萤火计划,behavior=effective_view,20,0.00019667617268167962,0.7142857142857143,0.9867642206998273
city_level=五线城市 & theme=38,behavior=effective_view,162,0.001593076998721605,0.7136563876651982,0.9858948249106644
tag=美食探店,behavior=effective_view,102,0.0010030484806765661,0.7132867132867133,0.9853841308806667
tag=游戏 & theme=3,behavior=effective_view,194,0.0019077588750122923,0.7132352941176471,0.9853130968458569
city_level=五线城市 & tag=快手影视高热计划,behavior=effective_view,266,0.002615793096666339,0.7131367292225201,0.9851769324091573
gender=F & theme=37,behavior=effective_view,87,0.0008555413511653063,0.7131147540983607,0.9851465744363849
tag=集结吧光合创作者 & theme=9,behavior=effective_view,256,0.002517455010325499,0.713091922005571,0.985115032587237
tag=魔术教学,behavior=effective_view,82,0.0008063723079948864,0.7130434782608696,0.9850481090116536
tag=魔术教学 & theme=15,behavior=effective_view,82,0.0008063723079948864,0.7130434782608696,0.9850481090116536
tag=美食 & theme=12,behavior=effective_view,581,0.005713442816402793,0.7128834355828221,0.9848270148677785
tag=农村美食,behavior=effective_view,72,0.0007080342216540466,0.7128712871287128,0.9848102321439859
age_group=60+ & tag=爱音乐爱快手,behavior=effective_view,72,0.0007080342216540466,0.7128712871287128,0.9848102321439859
city_level=一线城市 & gender=M,behavior=effective_view,2212,0.021752384698593766,0.7128585240090235,0.9847926002781904
age_group=19-25 & city_level=四线城市,behavior=effective_view,2460,0.024191169239846592,0.7128368588814836,0.9847626705564199
tag=正能量专递,behavior=effective_view,201,0.00197659553545088,0.7127659574468085,0.9846647223579127
age_group=19-25 & tag=集合吧光合创作者,behavior=effective_view,67,0.0006588651784836267,0.7127659574468085,0.9846647223579127
city_level=五线城市 & tag=我在快手追好剧,behavior=effective_view,682,0.006706657488445275,0.7126436781609196,0.9844957972039656
tag=真功夫,behavior=effective_view,62,0.0006096961353132068,0.7126436781609196,0.9844957972039656
age_group=46-60 & city_level=五线城市,behavior=effective_view,3555,0.03495918969416855,0.7125676488274203,0.9843907649675365
theme=15,behavior=effective_view,2303,0.02264726128429541,0.7125618811881188,0.9843827971473957
tag=熊出没,behavior=effective_view,171,0.0016815812764283608,0.7125,0.9842973101480776
city_level=三线城市 & tag=家庭,behavior=effective_view,57,0.0005605270921427869,0.7125,0.9842973101480776
city_level=新一线城市 & theme=21,behavior=effective_view,57,0.0005605270921427869,0.7125,0.9842973101480776
gender=F & tag=打开弹幕看好剧,behavior=effective_view,57,0.0005605270921427869,0.7125,0.9842973101480776
tag=闺蜜,behavior=effective_view,109,0.001071885141115154,0.7124183006535948,0.9841844449594356
city_level=二线城市 & tag=集结吧光合创作者,behavior=effective_view,317,0.0031173173370046218,0.7123595505617978,0.9841032834754682
tag=2022光合创作者大会,behavior=effective_view,1696,0.01667813944340643,0.7123057538849223,0.9840289649851617
city_level=五线城市 & gender=M,behavior=effective_view,10593,0.1041695348608516,0.7122302158273381,0.9839246114316264
age_group=46-60 & tag=剧情,behavior=effective_view,99,0.000973547054774314,0.7122302158273381,0.9839246114316264
gender=M & theme=13,behavior=effective_view,1445,0.014209853476251352,0.7121734844751109,0.9838462387756286
tag=红眼 & theme=9,behavior=effective_view,94,0.0009243780116038942,0.7121212121212122,0.983774026091646
tag=农业,behavior=effective_view,47,0.0004621890058019471,0.7121212121212122,0.983774026091646
tag=快手光合创作者激励计划,behavior=effective_view,47,0.0004621890058019471,0.7121212121212122,0.983774026091646
tag=短剧MCN影响力大赛 & theme=39,behavior=effective_view,89,0.0008752089684334743,0.712,0.9836065751935877
age_group=60+ & tag=光合计划,behavior=effective_view,89,0.0008752089684334743,0.712,0.9836065751935877
age_group=46-60 & tag=美食,behavior=effective_view,131,0.0012882289310650016,0.7119565217391305,0.9835465112845018
gender=M & tag=美食探店,behavior=effective_view,84,0.0008260399252630544,0.711864406779661,0.9834192572398278
tag=感谢聆听,behavior=effective_view,42,0.0004130199626315272,0.711864406779661,0.9834192572398278
tag=青春校园,behavior=effective_view,42,0.0004130199626315272,0.711864406779661,0.9834192572398278
tag=感谢聆听 & theme=19,behavior=effective_view,42,0.0004130199626315272,0.711864406779661,0.9834192572398278
tag=剧情 & tag=情感,behavior=effective_view,42,0.0004130199626315272,0.711864406779661,0.9834192572398278
gender=M & tag=爰音乐爱唱歌,behavior=effective_view,42,0.0004130199626315272,0.711864406779661,0.9834192572398278
gender=F & tag=专治不开心,behavior=effective_view,42,0.0004130199626315272,0.711864406779661,0.9834192572398278
city_level=五线城市 & theme=17,behavior=effective_view,373,0.003668010620513325,0.7118320610687023,0.9833745726134538
age_group=46-60 & tag=集结吧光合创作者,behavior=effective_view,518,0.005093912872455502,0.7115384615384616,0.9829689736971357
age_group=26-35 & tag=游戏,behavior=effective_view,74,0.0007277018389222146,0.7115384615384616,0.9829689736971357
gender=F & tag=父女日常,behavior=effective_view,37,0.0003638509194611073,0.7115384615384616,0.9829689736971357
gender=M & tag=善义之举传递正能量,behavior=effective_view,37,0.0003638509194611073,0.7115384615384616,0.9829689736971357
gender=M & tag=正义之道,behavior=effective_view,37,0.0003638509194611073,0.7115384615384616,0.9829689736971357
gender=M & tag=记录海外生活,behavior=effective_view,37,0.0003638509194611073,0.7115384615384616,0.9829689736971357
gender=M & tag=满级人类,behavior=effective_view,37,0.0003638509194611073,0.7115384615384616,0.9829689736971357
gender=F & tag=热门用快影,behavior=effective_view,37,0.0003638509194611073,0.7115384615384616,0.9829689736971357
age_group=60+ & tag=找工作,behavior=effective_view,37,0.0003638509194611073,0.7115384615384616,0.9829689736971357
tag=大龄工男女不限 & theme=11,behavior=effective_view,37,0.0003638509194611073,0.7115384615384616,0.9829689736971357
tag=美食,behavior=effective_view,614,0.006037958501327564,0.7114716106604867,0.9828766212208244
tag=正能量 & theme=39,behavior=effective_view,212,0.002084767430425804,0.7114093959731543,0.9827906735023783
tag=快手农技人,behavior=effective_view,106,0.001042383715212902,0.7114093959731543,0.9827906735023783
city_level=四线城市 & tag=记录我的农村生活,behavior=effective_view,106,0.001042383715212902,0.7114093959731543,0.9827906735023783
tag=专治各种不开心 & theme=9,behavior=effective_view,106,0.001042383715212902,0.7114093959731543,0.9827906735023783
gender=F & theme=14,behavior=effective_view,175,0.0017209165109646966,0.7113821138211383,0.9827529840303157
gender=M & tag=fyp,behavior=effective_view,69,0.0006785327957517947,0.711340206185567,0.9826950898928176
tag=影视解说 & tag=我在快手追好剧,behavior=effective_view,170,0.0016717474677942767,0.7112970711297071,0.982635500111125
city_level=三线城市 & tag=情感,behavior=effective_view,271,0.002664962139836759,0.7112860892388452,0.9826203289593556
city_level=三线城市 & tag=快手热点,behavior=effective_view,197,0.0019372603009145443,0.7111913357400722,0.9824894298520301
tag=萌娃搞笑瞬间,behavior=effective_view,96,0.0009440456288720622,0.7111111111111111,0.9823786019411613
tag=家有萌宝,behavior=effective_view,32,0.0003146818762906874,0.7111111111111111,0.9823786019411613
tag=法律咨询,behavior=effective_view,32,0.0003146818762906874,0.7111111111111111,0.9823786019411613
age_group=60+ & tag=家庭百态,behavior=effective_view,32,0.0003146818762906874,0.7111111111111111,0.9823786019411613
city_level=二线城市 & tag=家庭,behavior=effective_view,32,0.0003146818762906874,0.7111111111111111,0.9823786019411613
city_level=五线城市 & tag=家庭共情,behavior=effective_view,32,0.0003146818762906874,0.7111111111111111,0.9823786019411613
city_level=四线城市 & tag=手机摄影,behavior=effective_view,32,0.0003146818762906874,0.7111111111111111,0.9823786019411613
tag=神奇动物 & theme=17,behavior=effective_view,32,0.0003146818762906874,0.7111111111111111,0.9823786019411613
tag=新光合计划 & theme=1,behavior=effective_view,32,0.0003146818762906874,0.7111111111111111,0.9823786019411613
tag=法律咨询 & theme=30,behavior=effective_view,32,0.0003146818762906874,0.7111111111111111,0.9823786019411613
city_level=五线城市 & tag=汽车知识,behavior=effective_view,32,0.0003146818762906874,0.7111111111111111,0.9823786019411613
tag=影视解说 & tag=我的观影报告,behavior=effective_view,32,0.0003146818762906874,0.7111111111111111,0.9823786019411613
tag=我是爆款王 & theme=9,behavior=effective_view,32,0.0003146818762906874,0.7111111111111111,0.9823786019411613
city_level=三线城市 & tag=快手创作者中心,behavior=effective_view,32,0.0003146818762906874,0.7111111111111111,0.9823786019411613
city_level=二线城市 & theme=13,behavior=effective_view,283,0.0027829678434457667,0.7110552763819096,0.9823014679428934
city_level=二线城市 & tag=天生我有戏,behavior=effective_view,236,0.0023207788376438197,0.7108433734939759,0.982008730479587
tag=环嗪酮,behavior=effective_view,27,0.00026551283312026746,0.7105263157894737,0.9815707248014071
tag=驾考,behavior=effective_view,27,0.00026551283312026746,0.7105263157894737,0.9815707248014071
tag=世间万物皆有灵性,behavior=effective_view,27,0.00026551283312026746,0.7105263157894737,0.9815707248014071
tag=人性 & tag=家庭,behavior=effective_view,27,0.00026551283312026746,0.7105263157894737,0.9815707248014071
city_level=二线城市 & tag=找工作,behavior=effective_view,27,0.00026551283312026746,0.7105263157894737,0.9815707248014071
city_level=四线城市 & tag=快手美食,behavior=effective_view,27,0.00026551283312026746,0.7105263157894737,0.9815707248014071
gender=M & tag=农业种植,behavior=effective_view,27,0.00026551283312026746,0.7105263157894737,0.9815707248014071
city_level=四线城市 & tag=在快手看世界,behavior=effective_view,27,0.00026551283312026746,0.7105263157894737,0.9815707248014071
tag=环嗪酮 & theme=13,behavior=effective_view,27,0.00026551283312026746,0.7105263157894737,0.9815707248014071
tag=vlog & tag=宝妈生活记录带娃日常,behavior=effective_view,27,0.00026551283312026746,0.7105263157894737,0.9815707248014071
tag=vlog & theme=25,behavior=effective_view,27,0.00026551283312026746,0.7105263157894737,0.9815707248014071
gender=M & tag=极限运动,behavior=effective_view,27,0.00026551283312026746,0.7105263157894737,0.9815707248014071
tag=驾考 & theme=18,behavior=effective_view,27,0.00026551283312026746,0.7105263157894737,0.9815707248014071
tag=吃货 & theme=12,behavior=effective_view,27,0.00026551283312026746,0.7105263157894737,0.9815707248014071
city_level=三线城市 & tag=动画,behavior=effective_view,27,0.00026551283312026746,0.7105263157894737,0.9815707248014071
tag=快手创作者服务中心 & tag=快手热点,behavior=effective_view,27,0.00026551283312026746,0.7105263157894737,0.9815707248014071
gender=M & theme=16,behavior=effective_view,706,0.00694266889566329,0.710261569416499,0.981204985653631
age_group=60+ & tag=科普,behavior=effective_view,98,0.0009637132461402301,0.7101449275362319,0.9810438484059153
tag=科普 & theme=28,behavior=effective_view,49,0.00048185662307011505,0.7101449275362319,0.9810438484059153
gender=F & tag=加油季,behavior=effective_view,169,0.0016619136591601927,0.7100840336134454,0.9809597252839459
city_level=三线城市 & theme=12,behavior=effective_view,1163,0.01143671944143967,0.71001221001221,0.9808605031400847
age_group=36-45 & theme=19,behavior=effective_view,355,0.003491002065099813,0.71,0.9808436353756282
tag=喜欢 & theme=25,behavior=effective_view,71,0.0006982004130199626,0.71,0.9808436353756282
city_level=二线城市 & theme=16,behavior=effective_view,164,0.0016127446159897728,0.70995670995671,0.9807838314834647
gender=F & tag=天生我有戏,behavior=effective_view,668,0.006568984167568099,0.7098831030818279,0.980682145800721
gender=M & theme=38,behavior=effective_view,499,0.004907070508407906,0.7098150782361309,0.9805881715233277
age_group=60+ & theme=12,behavior=effective_view,1252,0.012311928409873144,0.7097505668934241,0.9804990510445903
gender=F & tag=集结吧光合创作者,behavior=effective_view,670,0.006588651784836267,0.7097457627118644,0.9804924142123284
age_group=60+ & tag=2022光合创作者大会,behavior=effective_view,484,0.004759563378896646,0.7096774193548387,0.9803979999211188
tag=真人真事传递正能量,behavior=effective_view,88,0.0008653751597993903,0.7096774193548387,0.9803979999211188
city_level=四线城市 & tag=我的观影报告,behavior=effective_view,44,0.00043268757989969517,0.7096774193548387,0.9803979999211188
tag=记录农村美好生活 & theme=13,behavior=effective_view,44,0.00043268757989969517,0.7096774193548387,0.9803979999211188
city_level=四线城市 & tag=快手光合计划,behavior=effective_view,44,0.00043268757989969517,0.7096774193548387,0.9803979999211188
tag=五菱星辰混动版超能打,behavior=effective_view,22,0.00021634378994984759,0.7096774193548387,0.9803979999211188
tag=流浪狗,behavior=effective_view,22,0.00021634378994984759,0.7096774193548387,0.9803979999211188
tag=新光合计划创作者,behavior=effective_view,22,0.00021634378994984759,0.7096774193548387,0.9803979999211188
tag=网易云热评,behavior=effective_view,22,0.00021634378994984759,0.7096774193548387,0.9803979999211188
tag=NBA,behavior=effective_view,22,0.00021634378994984759,0.7096774193548387,0.9803979999211188
gender=M & tag=农村搞笑,behavior=effective_view,22,0.00021634378994984759,0.7096774193548387,0.9803979999211188
city_level=三线城市 & tag=善待老人,behavior=effective_view,22,0.00021634378994984759,0.7096774193548387,0.9803979999211188
tag=传递正能量 & tag=真人真事爱心传递,behavior=effective_view,22,0.00021634378994984759,0.7096774193548387,0.9803979999211188
tag=影视解说 & tag=持续关注持续精彩,behavior=effective_view,22,0.00021634378994984759,0.7096774193548387,0.9803979999211188
gender=M & tag=电视剧,behavior=effective_view,22,0.00021634378994984759,0.7096774193548387,0.9803979999211188
tag=五菱星辰混动版超能打 & theme=18,behavior=effective_view,22,0.00021634378994984759,0.7096774193548387,0.9803979999211188
tag=感谢官方大大让我上一次热门 & theme=7,behavior=effective_view,22,0.00021634378994984759,0.7096774193548387,0.9803979999211188
gender=F & tag=红眼,behavior=effective_view,22,0.00021634378994984759,0.7096774193548387,0.9803979999211188
tag=我是爆款王 & tag=美食,behavior=effective_view,22,0.00021634378994984759,0.7096774193548387,0.9803979999211188
tag=荒野求生 & theme=10,behavior=effective_view,22,0.00021634378994984759,0.7096774193548387,0.9803979999211188
tag=每日一笑 & theme=9,behavior=effective_view,22,0.00021634378994984759,0.7096774193548387,0.9803979999211188
tag=怀旧动画片 & tag=粉红豹,behavior=effective_view,22,0.00021634378994984759,0.7096774193548387,0.9803979999211188
age_group=60+ & tag=防身术,behavior=effective_view,22,0.00021634378994984759,0.7096774193548387,0.9803979999211188
tag=NBA & theme=7,behavior=effective_view,22,0.00021634378994984759,0.7096774193548387,0.9803979999211188
theme=18,behavior=effective_view,1684,0.016560133739797422,0.7096502317741256,0.9803604410964655
city_level=四线城市 & theme=13,behavior=effective_view,508,0.004995574786114662,0.7094972067039106,0.980149041566644
theme=13,behavior=effective_view,1995,0.01961844822499754,0.7094594594594594,0.9800968948842879
gender=M & tag=财富密码在人间,behavior=effective_view,105,0.0010325499065788179,0.7094594594594594,0.9800968948842879
city_level=五线城市 & theme=11,behavior=effective_view,1045,0.01027633002261776,0.7094365241004752,0.9800652103759995
tag=户外 & theme=10,behavior=effective_view,61,0.0005998623266791228,0.7093023255813954,0.9798798191600611
tag=保安 & tag=真功夫,behavior=effective_view,61,0.0005998623266791228,0.7093023255813954,0.9798798191600611
tag=保安 & tag=防身术,behavior=effective_view,61,0.0005998623266791228,0.7093023255813954,0.9798798191600611
tag=保安 & theme=7,behavior=effective_view,61,0.0005998623266791228,0.7093023255813954,0.9798798191600611
tag=真功夫 & tag=防身术,behavior=effective_view,61,0.0005998623266791228,0.7093023255813954,0.9798798191600611
tag=真功夫 & theme=7,behavior=effective_view,61,0.0005998623266791228,0.7093023255813954,0.9798798191600611
tag=快手放映室 & tag=快手热点,behavior=effective_view,61,0.0005998623266791228,0.7093023255813954,0.9798798191600611
age_group=60+ & city_level=五线城市,behavior=effective_view,4394,0.04320975513816501,0.7092816787732042,0.9798512962158286
tag=快手粉条,behavior=effective_view,195,0.0019175926836463761,0.7090909090909091,0.9795877536401921
tag=职场,behavior=effective_view,39,0.00038351853672927524,0.7090909090909091,0.9795877536401921
tag=荣耀萤火计划,behavior=effective_view,39,0.00038351853672927524,0.7090909090909091,0.9795877536401921
age_group=60+ & tag=真人真事传递正能量,behavior=effective_view,39,0.00038351853672927524,0.7090909090909091,0.9795877536401921
gender=M & tag=手工DIY,behavior=effective_view,39,0.00038351853672927524,0.7090909090909091,0.9795877536401921
gender=F & tag=沙雕,behavior=effective_view,39,0.00038351853672927524,0.7090909090909091,0.9795877536401921
city_level=四线城市 & tag=打开弹幕看好剧,behavior=effective_view,39,0.00038351853672927524,0.7090909090909091,0.9795877536401921
city_level=五线城市 & theme=15,behavior=effective_view,641,0.006303471334447832,0.709070796460177,0.9795599686460453
tag=热门 & theme=9,behavior=effective_view,95,0.0009342118202379781,0.7089552238805971,0.9794003086050524
tag=快手放映厅 & tag=我在快手追好剧,behavior=effective_view,95,0.0009342118202379781,0.7089552238805971,0.9794003086050524
city_level=三线城市 & tag=快手小剧场,behavior=effective_view,56,0.0005506932835087029,0.7088607594936709,0.9792698088970437
age_group=46-60 & tag=电影解说,behavior=effective_view,56,0.0005506932835087029,0.7088607594936709,0.9792698088970437
city_level=二线城市 & tag=感谢快手官大大每次热门推送,behavior=effective_view,73,0.0007178680302881306,0.7087378640776699,0.9791000325778868
city_level=五线城市 & theme=34,behavior=effective_view,107,0.001052217523846986,0.7086092715231788,0.9789223858333385
age_group=19-25 & tag=快手影视高热计划,behavior=effective_view,231,0.0022716097944733993,0.7085889570552147,0.9788943220071292
city_level=四线城市 & tag=天生我有戏,behavior=effective_view,379,0.003727013472317829,0.708411214953271,0.9786487766417351
tag=光合计划,behavior=effective_view,323,0.0031763201888091257,0.7083333333333334,0.9785411855273287
gender=M & tag=保安,behavior=effective_view,68,0.0006686989871177107,0.7083333333333334,0.9785411855273287
city_level=三线城市 & tag=正能量专递,behavior=effective_view,51,0.0005015242403382831,0.7083333333333334,0.9785411855273287
city_level=五线城市 & tag=好剧推荐,behavior=effective_view,51,0.0005015242403382831,0.7083333333333334,0.9785411855273287
tag=单机游戏,behavior=effective_view,34,0.00033434949355885536,0.7083333333333334,0.9785411855273287
age_group=36-45 & tag=农村生活,behavior=effective_view,34,0.00033434949355885536,0.7083333333333334,0.9785411855273287
tag=家庭情感剧 & tag=影视解说热门,behavior=effective_view,34,0.00033434949355885536,0.7083333333333334,0.9785411855273287
tag=家庭情感剧 & tag=电影解说,behavior=effective_view,34,0.00033434949355885536,0.7083333333333334,0.9785411855273287
tag=影视解说热门 & tag=电影解说,behavior=effective_view,34,0.00033434949355885536,0.7083333333333334,0.9785411855273287
city_level=五线城市 & tag=健美比赛,behavior=effective_view,34,0.00033434949355885536,0.7083333333333334,0.9785411855273287
tag=寻找快手科普达人,behavior=effective_view,97,0.0009538794375061461,0.708029197080292,0.9781210304455222
tag=快影,behavior=effective_view,80,0.0007867046907267185,0.7079646017699115,0.9780317939679704
city_level=四线城市 & tag=感谢官方大大让我上一次热门,behavior=effective_view,80,0.0007867046907267185,0.7079646017699115,0.9780317939679704
age_group=46-60 & tag=出发吧老妈,behavior=effective_view,46,0.00045235519716786313,0.7076923076923077,0.9776556278933674
age_group=60+ & tag=记录农村美好生活,behavior=effective_view,46,0.00045235519716786313,0.7076923076923077,0.9776556278933674
gender=F & tag=寻找1000位科普达人,behavior=effective_view,46,0.00045235519716786313,0.7076923076923077,0.9776556278933674
tag=热爱快手支持正能量,behavior=effective_view,167,0.0016422460418920248,0.7076271186440678,0.9775655711848288
tag=原创搞笑,behavior=effective_view,75,0.0007375356475562985,0.7075471698113207,0.9774551242781306
gender=M & tag=户外,behavior=effective_view,75,0.0007375356475562985,0.7075471698113207,0.9774551242781306
age_group=19-25 & gender=M,behavior=effective_view,6029,0.05928803225489232,0.7075460626687009,0.9774535947939165
gender=M & theme=15,behavior=effective_view,1420,0.013964008260399252,0.7075236671649228,0.9774226560793505
age_group=36-45 & tag=新光合计划,behavior=effective_view,104,0.001022716097944734,0.7074829931972789,0.9773664662169718
age_group=36-45 & tag=2022光合创作者大会,behavior=effective_view,266,0.002615793096666339,0.7074468085106383,0.9773164781612119
gender=M & tag=游戏,behavior=effective_view,162,0.001593076998721605,0.7074235807860262,0.9772843897586062
tag=员工,behavior=effective_view,87,0.0008555413511653063,0.7073170731707317,0.9771372526929996
tag=创业 & theme=22,behavior=effective_view,58,0.0005703609007768709,0.7073170731707317,0.9771372526929996
age_group=36-45 & tag=暑期不断片,behavior=effective_view,58,0.0005703609007768709,0.7073170731707317,0.9771372526929996
gender=F & tag=情感短剧,behavior=effective_view,29,0.0002851804503884354,0.7073170731707317,0.9771372526929996
age_group=46-60 & tag=汽车,behavior=effective_view,29,0.0002851804503884354,0.7073170731707317,0.9771372526929996
city_level=四线城市 & tag=感谢快手平台推荐我要上热门,behavior=effective_view,29,0.0002851804503884354,0.7073170731707317,0.9771372526929996
age_group=60+ & tag=农民,behavior=effective_view,29,0.0002851804503884354,0.7073170731707317,0.9771372526929996
tag=恋爱 & theme=9,behavior=effective_view,29,0.0002851804503884354,0.7073170731707317,0.9771372526929996
gender=M & tag=职场,behavior=effective_view,29,0.0002851804503884354,0.7073170731707317,0.9771372526929996
age_group=36-45 & tag=汽车,behavior=effective_view,29,0.0002851804503884354,0.7073170731707317,0.9771372526929996
tag=乡村爱情 & theme=9,behavior=effective_view,29,0.0002851804503884354,0.7073170731707317,0.9771372526929996
city_level=一线城市 & tag=快手放映室,behavior=effective_view,29,0.0002851804503884354,0.7073170731707317,0.9771372526929996
age_group=36-45 & tag=传递正能量,behavior=effective_view,70,0.0006883666043858786,0.7070707070707071,0.9767969053392229
age_group=26-35 & tag=暑期不断片,behavior=effective_view,70,0.0006883666043858786,0.7070707070707071,0.9767969053392229
age_group=19-25 & theme=11,behavior=effective_view,625,0.006146130396302488,0.7070135746606335,0.9767179786338788
age_group=60+ & tag=美食,behavior=effective_view,152,0.0014947389123807651,0.7069767441860465,0.9766670984415033
tag=竹笋,behavior=effective_view,41,0.0004031861539974432,0.7068965517241379,0.9765563149684496
tag=我的乡村生活 & theme=9,behavior=effective_view,41,0.0004031861539974432,0.7068965517241379,0.9765563149684496
gender=M & tag=善待老人,behavior=effective_view,41,0.0004031861539974432,0.7068965517241379,0.9765563149684496
tag=农民 & theme=13,behavior=effective_view,41,0.0004031861539974432,0.7068965517241379,0.9765563149684496
city_level=四线城市 & tag=泪目,behavior=effective_view,41,0.0004031861539974432,0.7068965517241379,0.9765563149684496
gender=M & tag=气质美女,behavior=effective_view,41,0.0004031861539974432,0.7068965517241379,0.9765563149684496
city_level=一线城市 & theme=6,behavior=effective_view,176,0.0017307503195987807,0.7068273092369478,0.9764606585559736
gender=F & tag=情感,behavior=effective_view,446,0.004385878650801455,0.7068145800316957,0.9764430735419527
city_level=五线城市 & tag=热门,behavior=effective_view,135,0.0013275641656013374,0.7068062827225131,0.9764316110589913
city_level=五线城市 & tag=影视剪辑,behavior=effective_view,135,0.0013275641656013374,0.7068062827225131,0.9764316110589913
tag=红眼,behavior=effective_view,94,0.0009243780116038942,0.706766917293233,0.9763772289029868
tag=2022高考季,behavior=effective_view,130,0.0012783951224309175,0.7065217391304348,0.9760385226487421
tag=搞笑配音视频,behavior=effective_view,65,0.0006391975612154587,0.7065217391304348,0.9760385226487421
tag=搞笑配音视频 & theme=9,behavior=effective_view,65,0.0006391975612154587,0.7065217391304348,0.9760385226487421
tag=防身术,behavior=effective_view,77,0.0007572032648244665,0.7064220183486238,0.9759007613893704
gender=M & theme=18,behavior=effective_view,1388,0.013649326384108566,0.7063613231552163,0.9758169128060581
tag=快手农技人 & theme=13,behavior=effective_view,101,0.000993214672042482,0.7062937062937062,0.9757235021465424
city_level=一线城市 & theme=13,behavior=effective_view,101,0.000993214672042482,0.7062937062937062,0.9757235021465424
city_level=二线城市 & theme=36,behavior=effective_view,161,0.0015832431900875208,0.706140350877193,0.9755116462532503
tag=萌宠,behavior=effective_view,132,0.0012980627396990854,0.7058823529411765,0.9751552298680646
city_level=五线城市 & theme=22,behavior=effective_view,132,0.0012980627396990854,0.7058823529411765,0.9751552298680646
gender=M & tag=红眼,behavior=effective_view,72,0.0007080342216540466,0.7058823529411765,0.9751552298680646
tag=防身术 & theme=7,behavior=effective_view,72,0.0007080342216540466,0.7058823529411765,0.9751552298680646
gender=F & tag=电视剧解说,behavior=effective_view,48,0.0004720228144360311,0.7058823529411765,0.9751552298680646
tag=我在快手追好剧 & tag=我的观影报告,behavior=effective_view,48,0.0004720228144360311,0.7058823529411765,0.9751552298680646
tag=生活小技巧,behavior=effective_view,36,0.0003540171108270233,0.7058823529411765,0.9751552298680646
tag=家庭情感剧,behavior=effective_view,36,0.0003540171108270233,0.7058823529411765,0.9751552298680646
tag=影视解说热门,behavior=effective_view,36,0.0003540171108270233,0.7058823529411765,0.9751552298680646
tag=家庭婚烟情感,behavior=effective_view,36,0.0003540171108270233,0.7058823529411765,0.9751552298680646
gender=M & tag=户外钓鱼,behavior=effective_view,36,0.0003540171108270233,0.7058823529411765,0.9751552298680646
age_group=60+ & tag=可怜天下父母心,behavior=effective_view,36,0.0003540171108270233,0.7058823529411765,0.9751552298680646
tag=家庭情感剧 & theme=39,behavior=effective_view,36,0.0003540171108270233,0.7058823529411765,0.9751552298680646
tag=影视解说热门 & theme=39,behavior=effective_view,36,0.0003540171108270233,0.7058823529411765,0.9751552298680646
age_group=60+ & tag=快手短剧MCN影响力大赛,behavior=effective_view,36,0.0003540171108270233,0.7058823529411765,0.9751552298680646
tag=搞笑 & tag=热门,behavior=effective_view,36,0.0003540171108270233,0.7058823529411765,0.9751552298680646
tag=家庭关系,behavior=effective_view,24,0.00023601140721801555,0.7058823529411765,0.9751552298680646
tag=致敬最帅的消防蓝朋友,behavior=effective_view,24,0.00023601140721801555,0.7058823529411765,0.9751552298680646
tag=嘎嘎板正,behavior=effective_view,24,0.00023601140721801555,0.7058823529411765,0.9751552298680646
tag=板正龙,behavior=effective_view,24,0.00023601140721801555,0.7058823529411765,0.9751552298680646
tag=郭德纲,behavior=effective_view,24,0.00023601140721801555,0.7058823529411765,0.9751552298680646
tag=特警力量,behavior=effective_view,24,0.00023601140721801555,0.7058823529411765,0.9751552298680646
age_group=46-60 & tag=快手暴汗健身房,behavior=effective_view,24,0.00023601140721801555,0.7058823529411765,0.9751552298680646
city_level=五线城市 & tag=乡村美食,behavior=effective_view,24,0.00023601140721801555,0.7058823529411765,0.9751552298680646
city_level=三线城市 & tag=民间故事,behavior=effective_view,24,0.00023601140721801555,0.7058823529411765,0.9751552298680646
city_level=四线城市 & tag=快小菜,behavior=effective_view,24,0.00023601140721801555,0.7058823529411765,0.9751552298680646
age_group=26-35 & tag=人类幼崽到底有多可爱,behavior=effective_view,24,0.00023601140721801555,0.7058823529411765,0.9751552298680646
city_level=二线城市 & tag=专治各种不开心,behavior=effective_view,24,0.00023601140721801555,0.7058823529411765,0.9751552298680646
city_level=五线城市 & tag=结局很解气,behavior=effective_view,24,0.00023601140721801555,0.7058823529411765,0.9751552298680646
gender=M & tag=驾考,behavior=effective_view,24,0.00023601140721801555,0.7058823529411765,0.9751552298680646
tag=专治各种不开心 & tag=热门,behavior=effective_view,24,0.00023601140721801555,0.7058823529411765,0.9751552298680646
gender=F & tag=安保,behavior=effective_view,24,0.00023601140721801555,0.7058823529411765,0.9751552298680646
age_group=36-45 & tag=经典影视,behavior=effective_view,24,0.00023601140721801555,0.7058823529411765,0.9751552298680646
tag=嘎嘎板正 & tag=板正龙,behavior=effective_view,24,0.00023601140721801555,0.7058823529411765,0.9751552298680646
tag=嘎嘎板正 & theme=9,behavior=effective_view,24,0.00023601140721801555,0.7058823529411765,0.9751552298680646
tag=板正龙 & theme=9,behavior=effective_view,24,0.00023601140721801555,0.7058823529411765,0.9751552298680646
tag=真人真事传递正能量 & theme=9,behavior=effective_view,24,0.00023601140721801555,0.7058823529411765,0.9751552298680646
gender=F & tag=感谢官方快手绿色平台的支持,behavior=effective_view,24,0.00023601140721801555,0.7058823529411765,0.9751552298680646
tag=关爱陪伴乡村孤寡老人 & tag=用小红花一块做好事,behavior=effective_view,24,0.00023601140721801555,0.7058823529411765,0.9751552298680646
tag=关爱陪伴乡村孤寡老人 & theme=39,behavior=effective_view,24,0.00023601140721801555,0.7058823529411765,0.9751552298680646
tag=用小红花一块做好事 & theme=39,behavior=effective_view,24,0.00023601140721801555,0.7058823529411765,0.9751552298680646
age_group=36-45 & tag=致敬英雄,behavior=effective_view,24,0.00023601140721801555,0.7058823529411765,0.9751552298680646
tag=特警力量 & theme=39,behavior=effective_view,24,0.00023601140721801555,0.7058823529411765,0.9751552298680646
age_group=19-25 & tag=精彩片段,behavior=effective_view,24,0.00023601140721801555,0.7058823529411765,0.9751552298680646
tag=感谢官方大大让我上一次热门,behavior=effective_view,343,0.0033729963614908052,0.7057613168724279,0.9749880221811873
city_level=新一线城市 & theme=25,behavior=effective_view,295,0.002900973547054774,0.7057416267942583,0.9749608209306905
tag=快手放映厅,behavior=effective_view,223,0.0021929393254007277,0.7056962025316456,0.9748980686787533
city_level=二线城市 & theme=2,behavior=effective_view,434,0.0042678729471924476,0.7056910569105691,0.9748909601580732
gender=F & tag=美食,behavior=effective_view,266,0.002615793096666339,0.7055702917771883,0.9747241267602538
age_group=19-25 & theme=1,behavior=effective_view,127,0.0012488936965286655,0.7055555555555556,0.9747037691134961
tag=财富密码在人间,behavior=effective_view,115,0.0011308879929196579,0.7055214723926381,0.9746566842495227
tag=精彩片段 & theme=39,behavior=effective_view,182,0.0017897531714032844,0.7054263565891473,0.9745252846291318
age_group=46-60 & theme=36,behavior=effective_view,244,0.0023994493067164913,0.7052023121387283,0.974215773962604
tag=运动一夏,behavior=effective_view,55,0.000540859474874619,0.7051282051282052,0.9741133973575218
city_level=四线城市 & tag=快手粉条,behavior=effective_view,55,0.000540859474874619,0.7051282051282052,0.9741133973575218
age_group=46-60 & tag=致敬英雄,behavior=effective_view,55,0.000540859474874619,0.7051282051282052,0.9741133973575218
gender=F & tag=日常,behavior=effective_view,55,0.000540859474874619,0.7051282051282052,0.9741133973575218
city_level=五线城市 & tag=热爱快手支持正能量,behavior=effective_view,55,0.000540859474874619,0.7051282051282052,0.9741133973575218
city_level=五线城市 & tag=集结吧光合创作者,behavior=effective_view,490,0.004818566230701151,0.7050359712230215,0.9739859789929229
gender=F & tag=放映厅免费看大片,behavior=effective_view,98,0.0009637132461402301,0.7050359712230215,0.9739859789929229
city_level=五线城市 & theme=1,behavior=effective_view,215,0.0021142688563280557,0.7049180327868853,0.9738230505922885
tag=农业 & theme=13,behavior=effective_view,43,0.00042285377126561116,0.7049180327868853,0.9738230505922885
gender=M & tag=创作灵感,behavior=effective_view,322,0.0031664863801750417,0.7045951859956237,0.9733770474649499
city_level=五线城市 & tag=加油季,behavior=effective_view,124,0.0012193922706264136,0.7045454545454546,0.9733083449630114
gender=F & tag=电影解说,behavior=effective_view,93,0.0009145442029698102,0.7045454545454546,0.9733083449630114
age_group=60+ & tag=快手三农,behavior=effective_view,31,0.0003048480676566034,0.7045454545454546,0.9733083449630114
age_group=46-60 & theme=23,behavior=effective_view,31,0.0003048480676566034,0.7045454545454546,0.9733083449630114
city_level=四线城市 & tag=今天拍点啥,behavior=effective_view,31,0.0003048480676566034,0.7045454545454546,0.9733083449630114
tag=恩恩姥姥 & theme=14,behavior=effective_view,31,0.0003048480676566034,0.7045454545454546,0.9733083449630114
age_group=19-25 & tag=我在快手追好剧,behavior=effective_view,534,0.005251253810600846,0.7044854881266491,0.9732255031598824
tag=儿童,behavior=effective_view,112,0.0011013865670174059,0.7044025157232704,0.973110879281339
age_group=60+ & theme=4,behavior=effective_view,212,0.002084767430425804,0.7043189368770764,0.9729954176202947
city_level=一线城市 & theme=25,behavior=effective_view,150,0.001475071295112597,0.704225352112676,0.9728661330843367
tag=喜欢 & tag=热门,behavior=effective_view,50,0.000491690431704199,0.704225352112676,0.9728661330843367
age_group=46-60 & theme=11,behavior=effective_view,990,0.00973547054774314,0.7041251778093883,0.9727277452986917
tag=天生我有戏 & theme=39,behavior=effective_view,1097,0.010787688071590126,0.7041078305519898,0.9727037805845923
tag=搞笑段子 & theme=9,behavior=effective_view,138,0.0013570655915035893,0.7040816326530612,0.972667588975544
city_level=五线城市 & tag=爱音乐爱唱歌,behavior=effective_view,69,0.0006785327957517947,0.7040816326530612,0.972667588975544
gender=M & tag=今天拍点啥,behavior=effective_view,69,0.0006785327957517947,0.7040816326530612,0.972667588975544
city_level=四线城市 & tag=2022光合创作者大会,behavior=effective_view,428,0.004208870095387944,0.7039473684210527,0.9724821069791718
age_group=26-35 & theme=19,behavior=effective_view,416,0.004090864391778936,0.7038917089678511,0.9724052151194237
tag=搞笑段子,behavior=effective_view,152,0.0014947389123807651,0.7037037037037037,0.9721454915042742
city_level=四线城市 & tag=集合吧光合创作者,behavior=effective_view,114,0.0011210541842855738,0.7037037037037037,0.9721454915042742
tag=明星娱乐,behavior=effective_view,38,0.0003736847280951913,0.7037037037037037,0.9721454915042742
gender=F & tag=人性,behavior=effective_view,38,0.0003736847280951913,0.7037037037037037,0.9721454915042742
city_level=新一线城市 & tag=情侣日常,behavior=effective_view,38,0.0003736847280951913,0.7037037037037037,0.9721454915042742
gender=M & tag=快手幸福乡村带头人,behavior=effective_view,38,0.0003736847280951913,0.7037037037037037,0.9721454915042742
age_group=60+ & tag=善待老人,behavior=effective_view,38,0.0003736847280951913,0.7037037037037037,0.9721454915042742
tag=感谢官方大大让我上一次热门 & theme=15,behavior=effective_view,38,0.0003736847280951913,0.7037037037037037,0.9721454915042742
age_group=46-60 & tag=大实话,behavior=effective_view,38,0.0003736847280951913,0.7037037037037037,0.9721454915042742
gender=M & tag=搞笑动画,behavior=effective_view,38,0.0003736847280951913,0.7037037037037037,0.9721454915042742
gender=F & tag=音乐,behavior=effective_view,185,0.0018192545973055364,0.7034220532319392,0.9717563998526816
theme=16,behavior=effective_view,1036,0.010187825744911004,0.703326544467074,0.9716244573679765
tag=老板,behavior=effective_view,64,0.0006293637525813748,0.7032967032967034,0.9715832326890608
tag=父女日常 & theme=25,behavior=effective_view,64,0.0006293637525813748,0.7032967032967034,0.9715832326890608
city_level=一线城市 & theme=36,behavior=effective_view,64,0.0006293637525813748,0.7032967032967034,0.9715832326890608
gender=F & tag=科普,behavior=effective_view,109,0.001071885141115154,0.7032258064516129,0.9714852908309267
age_group=46-60 & theme=15,behavior=effective_view,533,0.005241420001966762,0.7031662269129287,0.9714029834910436
city_level=三线城市 & theme=1,behavior=effective_view,225,0.002212606942668896,0.703125,0.9713460297513924
tag=邪不压正,behavior=effective_view,45,0.0004425213885337791,0.703125,0.9713460297513924
tag=奇幻,behavior=effective_view,45,0.0004425213885337791,0.703125,0.9713460297513924
tag=邪不压正 & theme=39,behavior=effective_view,45,0.0004425213885337791,0.703125,0.9713460297513924
tag=跟着快手学做菜,behavior=effective_view,123,0.0012095584619923297,0.7028571428571428,0.9709759931686299
tag=跟着快手学做菜 & theme=12,behavior=effective_view,123,0.0012095584619923297,0.7028571428571428,0.9709759931686299
tag=快手光合作者助手,behavior=effective_view,78,0.0007670370734585505,0.7027027027027027,0.9707626387425328
tag=特色小吃,behavior=effective_view,26,0.0002556790244861835,0.7027027027027027,0.9707626387425328
tag=封神榜之凤鸣岐山,behavior=effective_view,26,0.0002556790244861835,0.7027027027027027,0.9707626387425328
city_level=五线城市 & tag=电视剧解说,behavior=effective_view,26,0.0002556790244861835,0.7027027027027027,0.9707626387425328
age_group=60+ & tag=农民爱唱歌,behavior=effective_view,26,0.0002556790244861835,0.7027027027027027,0.9707626387425328
gender=F & tag=快手热门,behavior=effective_view,26,0.0002556790244861835,0.7027027027027027,0.9707626387425328
age_group=46-60 & tag=二次元,behavior=effective_view,26,0.0002556790244861835,0.7027027027027027,0.9707626387425328
tag=特色小吃 & theme=12,behavior=effective_view,26,0.0002556790244861835,0.7027027027027027,0.9707626387425328
tag=儿童教育 & tag=天生我有戏,behavior=effective_view,26,0.0002556790244861835,0.7027027027027027,0.9707626387425328
tag=我在快手整活 & tag=爱音乐爱唱歌,behavior=effective_view,26,0.0002556790244861835,0.7027027027027027,0.9707626387425328
gender=M & tag=封神榜之凤鸣岐山,behavior=effective_view,26,0.0002556790244861835,0.7027027027027027,0.9707626387425328
tag=封神榜之凤鸣岐山 & tag=快手影视新热计划,behavior=effective_view,26,0.0002556790244861835,0.7027027027027027,0.9707626387425328
tag=封神榜之凤鸣岐山 & theme=39,behavior=effective_view,26,0.0002556790244861835,0.7027027027027027,0.9707626387425328
age_group=36-45 & tag=家庭教育,behavior=effective_view,26,0.0002556790244861835,0.7027027027027027,0.9707626387425328
city_level=二线城市 & tag=2022光合创作者大会,behavior=effective_view,215,0.0021142688563280557,0.7026143790849673,0.970640622322379
age_group=60+ & theme=18,behavior=effective_view,385,0.0037860163241223324,0.7025547445255474,0.9705582389730052
gender=F & theme=13,behavior=effective_view,550,0.005408594748746189,0.70242656449553,0.970381162118604
tag=家庭共情,behavior=effective_view,118,0.0011603894188219098,0.7023809523809523,0.97031815035483
tag=萌宠 & theme=17,behavior=effective_view,118,0.0011603894188219098,0.7023809523809523,0.97031815035483
city_level=一线城市 & theme=3,behavior=effective_view,92,0.0009047103943357263,0.7022900763358778,0.9701926078331125
city_level=二线城市 & theme=10,behavior=effective_view,158,0.0015537417641852689,0.7022222222222222,0.9700988694168967
gender=F & tag=艾特你想艾特的人,behavior=effective_view,99,0.000973547054774314,0.7021276595744681,0.969968233964511
tag=感谢官方快手我要上同城热门,behavior=effective_view,33,0.00032451568492477135,0.7021276595744681,0.969968233964511
tag=感谢快手绿色平台,behavior=effective_view,33,0.00032451568492477135,0.7021276595744681,0.969968233964511
tag=快手弹幕 & tag=快手热度,behavior=effective_view,33,0.00032451568492477135,0.7021276595744681,0.969968233964511
gender=F & tag=带娃日常,behavior=effective_view,33,0.00032451568492477135,0.7021276595744681,0.969968233964511
age_group=60+ & tag=健康科普,behavior=effective_view,33,0.00032451568492477135,0.7021276595744681,0.969968233964511
tag=快手情感剧场 & tag=情景剧,behavior=effective_view,33,0.00032451568492477135,0.7021276595744681,0.969968233964511
tag=情景剧 & tag=百亿剧好看计划,behavior=effective_view,33,0.00032451568492477135,0.7021276595744681,0.969968233964511
age_group=46-60 & tag=寻找1000位科普达人,behavior=effective_view,33,0.00032451568492477135,0.7021276595744681,0.969968233964511
gender=M & tag=励志,behavior=effective_view,33,0.00032451568492477135,0.7021276595744681,0.969968233964511
city_level=新一线城市 & theme=37,behavior=effective_view,33,0.00032451568492477135,0.7021276595744681,0.969968233964511
age_group=36-45 & tag=天生我有戏,behavior=effective_view,245,0.0024092831153505754,0.7020057306590258,0.969799792836793
age_group=19-25 & city_level=一线城市,behavior=effective_view,386,0.0037958501327564165,0.7018181818181818,0.9695406997567029
age_group=26-35 & theme=12,behavior=effective_view,1099,0.010807355688858294,0.7017879948914432,0.969498997425769
tag=讲故事,behavior=effective_view,40,0.00039335234536335925,0.7017543859649122,0.9694525677050934
city_level=新一线城市 & tag=记录生活,behavior=effective_view,40,0.00039335234536335925,0.7017543859649122,0.9694525677050934
age_group=19-25 & tag=和平精英,behavior=effective_view,87,0.0008555413511653063,0.7016129032258065,0.9692571135583787
age_group=36-45 & tag=影视剪辑,behavior=effective_view,94,0.0009243780116038942,0.7014925373134329,0.9690908316723676
tag=我在快手追好剧 & tag=电影解说,behavior=effective_view,47,0.0004621890058019471,0.7014925373134329,0.9690908316723676
tag=员工 & tag=老板,behavior=effective_view,47,0.0004621890058019471,0.7014925373134329,0.9690908316723676
city_level=新一线城市 & gender=F,behavior=effective_view,2364,0.02324712361097453,0.7014836795252225,0.969078594904495
tag=原创搞笑 & theme=9,behavior=effective_view,54,0.0005310256662405349,0.7012987012987013,0.9688230530507395
gender=F & tag=剧情,behavior=effective_view,169,0.0016619136591601927,0.7012448132780082,0.9687486083716975
city_level=一线城市 & theme=19,behavior=effective_view,61,0.0005998623266791228,0.7011494252873564,0.9686168327329339
tag=民间故事 & theme=38,behavior=effective_view,61,0.0005998623266791228,0.7011494252873564,0.9686168327329339
age_group=26-35 & tag=王者荣耀,behavior=effective_view,82,0.0008063723079948864,0.7008547008547008,0.9682096797977792
gender=F & tag=快手热点,behavior=effective_view,285,0.0028026354607139344,0.7002457002457002,0.9673683637818945
age_group=60+ & city_level=新一线城市,behavior=effective_view,1356,0.013334644507817878,0.7000516262261228,0.9671002563637335
tag=快手宠物天团,behavior=effective_view,91,0.0008948765857016422,0.7,0.9670289362858306
tag=感谢快手官大大每次热门推送 & theme=39,behavior=effective_view,70,0.0006883666043858786,0.7,0.9670289362858306
age_group=46-60 & tag=艾特你想艾特的人,behavior=effective_view,63,0.0006195299439472907,0.7,0.9670289362858306
tag=我在快手整活 & tag=新光合计划,behavior=effective_view,56,0.0005506932835087029,0.7,0.9670289362858306
tag=医学常识,behavior=effective_view,49,0.00048185662307011505,0.7,0.9670289362858306
tag=情感 & theme=9,behavior=effective_view,49,0.00048185662307011505,0.7,0.9670289362858306
city_level=新一线城市 & theme=30,behavior=effective_view,49,0.00048185662307011505,0.7,0.9670289362858306
city_level=四线城市 & tag=新农人计划2022,behavior=effective_view,49,0.00048185662307011505,0.7,0.9670289362858306
tag=医学常识 & theme=16,behavior=effective_view,49,0.00048185662307011505,0.7,0.9670289362858306
city_level=五线城市 & tag=我的乡村生活,behavior=effective_view,42,0.0004130199626315272,0.7,0.9670289362858306
city_level=三线城市 & tag=育儿,behavior=effective_view,42,0.0004130199626315272,0.7,0.9670289362858306
age_group=60+ & tag=持续更新下集更精彩,behavior=effective_view,42,0.0004130199626315272,0.7,0.9670289362858306
age_group=60+ & tag=快手创作者中心,behavior=effective_view,42,0.0004130199626315272,0.7,0.9670289362858306
tag=奇幻 & theme=39,behavior=effective_view,42,0.0004130199626315272,0.7,0.9670289362858306
age_group=19-25 & tag=闺蜜,behavior=effective_view,42,0.0004130199626315272,0.7,0.9670289362858306
tag=深度还原,behavior=effective_view,35,0.0003441833021929393,0.7,0.9670289362858306
tag=消防员,behavior=effective_view,35,0.0003441833021929393,0.7,0.9670289362858306
city_level=二线城市 & tag=精彩片段,behavior=effective_view,35,0.0003441833021929393,0.7,0.9670289362858306
city_level=一线城市 & tag=天生我有戏,behavior=effective_view,35,0.0003441833021929393,0.7,0.9670289362858306
tag=暑期防溺水 & theme=39,behavior=effective_view,35,0.0003441833021929393,0.7,0.9670289362858306
age_group=19-25 & theme=21,behavior=effective_view,35,0.0003441833021929393,0.7,0.9670289362858306
tag=电影独行月球,behavior=effective_view,28,0.00027534664175435147,0.7,0.9670289362858306
tag=张得火,behavior=effective_view,28,0.00027534664175435147,0.7,0.9670289362858306
tag=又一年军训季,behavior=effective_view,28,0.00027534664175435147,0.7,0.9670289362858306
tag=好人一生平安,behavior=effective_view,28,0.00027534664175435147,0.7,0.9670289362858306
city_level=二线城市 & tag=朝阳1号高端轮胎新标杆,behavior=effective_view,28,0.00027534664175435147,0.7,0.9670289362858306
city_level=一线城市 & tag=情感,behavior=effective_view,28,0.00027534664175435147,0.7,0.9670289362858306
city_level=四线城市 & tag=玩具,behavior=effective_view,28,0.00027534664175435147,0.7,0.9670289362858306
gender=M & tag=快手晚安小助手,behavior=effective_view,28,0.00027534664175435147,0.7,0.9670289362858306
tag=情感 & theme=25,behavior=effective_view,28,0.00027534664175435147,0.7,0.9670289362858306
tag=电影独行月球 & theme=39,behavior=effective_view,28,0.00027534664175435147,0.7,0.9670289362858306
age_group=26-35 & tag=跟着快手学做菜,behavior=effective_view,28,0.00027534664175435147,0.7,0.9670289362858306
tag=员工 & tag=张得火,behavior=effective_view,28,0.00027534664175435147,0.7,0.9670289362858306
tag=张得火 & theme=9,behavior=effective_view,28,0.00027534664175435147,0.7,0.9670289362858306
tag=军旅人生第一步 & tag=加油季,behavior=effective_view,28,0.00027534664175435147,0.7,0.9670289362858306
tag=军旅人生第一步 & tag=又一年军训季,behavior=effective_view,28,0.00027534664175435147,0.7,0.9670289362858306
tag=军训进行时 & tag=加油季,behavior=effective_view,28,0.00027534664175435147,0.7,0.9670289362858306
tag=军训进行时 & tag=又一年军训季,behavior=effective_view,28,0.00027534664175435147,0.7,0.9670289362858306
tag=加油季 & tag=又一年军训季,behavior=effective_view,28,0.00027534664175435147,0.7,0.9670289362858306
tag=又一年军训季 & theme=11,behavior=effective_view,28,0.00027534664175435147,0.7,0.9670289362858306
city_level=五线城市 & tag=快手热度,behavior=effective_view,28,0.00027534664175435147,0.7,0.9670289362858306
tag=狗狗是人类最忠诚的朋友,behavior=effective_view,21,0.0002065099813157636,0.7,0.9670289362858306
tag=这首歌听哭了多少人,behavior=effective_view,21,0.0002065099813157636,0.7,0.9670289362858306
tag=面膜,behavior=effective_view,21,0.0002065099813157636,0.7,0.9670289362858306
tag=广州律师,behavior=effective_view,21,0.0002065099813157636,0.7,0.9670289362858306
tag=广州找律师打官司,behavior=effective_view,21,0.0002065099813157636,0.7,0.9670289362858306
age_group=26-35 & tag=户外,behavior=effective_view,21,0.0002065099813157636,0.7,0.9670289362858306
gender=F & tag=乡村爱情喜剧,behavior=effective_view,21,0.0002065099813157636,0.7,0.9670289362858306
tag=狗狗是人类最忠诚的朋友 & tag=电影解说,behavior=effective_view,21,0.0002065099813157636,0.7,0.9670289362858306
tag=狗狗是人类最忠诚的朋友 & theme=39,behavior=effective_view,21,0.0002065099813157636,0.7,0.9670289362858306
city_level=五线城市 & tag=家有萌娃,behavior=effective_view,21,0.0002065099813157636,0.7,0.9670289362858306
age_group=46-60 & tag=手机摄影,behavior=effective_view,21,0.0002065099813157636,0.7,0.9670289362858306
gender=M & tag=当所有热情都耗尽的时候请问你是谁,behavior=effective_view,21,0.0002065099813157636,0.7,0.9670289362858306
gender=M & tag=樱桃红之袖珍妈妈,behavior=effective_view,21,0.0002065099813157636,0.7,0.9670289362858306
gender=F & tag=街头美食,behavior=effective_view,21,0.0002065099813157636,0.7,0.9670289362858306
city_level=三线城市 & tag=主播说新闻,behavior=effective_view,21,0.0002065099813157636,0.7,0.9670289362858306
tag=二手车 & theme=18,behavior=effective_view,21,0.0002065099813157636,0.7,0.9670289362858306
gender=M & tag=看一遍笑十遍,behavior=effective_view,21,0.0002065099813157636,0.7,0.9670289362858306
age_group=46-60 & tag=集结吧光合作创作者,behavior=effective_view,21,0.0002065099813157636,0.7,0.9670289362858306
gender=M & tag=青春校园,behavior=effective_view,21,0.0002065099813157636,0.7,0.9670289362858306
tag=天生我有戏 & tag=支持快手感谢官方给我热门,behavior=effective_view,21,0.0002065099813157636,0.7,0.9670289362858306
tag=支持快手传递正能量 & tag=支持快手感谢官方给我热门,behavior=effective_view,21,0.0002065099813157636,0.7,0.9670289362858306
tag=支持快手感谢官方给我热门 & theme=39,behavior=effective_view,21,0.0002065099813157636,0.7,0.9670289362858306
age_group=26-35 & tag=樱花校园模拟器,behavior=effective_view,21,0.0002065099813157636,0.7,0.9670289362858306
tag=面膜 & theme=4,behavior=effective_view,21,0.0002065099813157636,0.7,0.9670289362858306
tag=广州律师 & tag=广州找律师打官司,behavior=effective_view,21,0.0002065099813157636,0.7,0.9670289362858306
tag=广州律师 & tag=律师免费法律咨询,behavior=effective_view,21,0.0002065099813157636,0.7,0.9670289362858306
tag=广州律师 & theme=30,behavior=effective_view,21,0.0002065099813157636,0.7,0.9670289362858306
tag=广州找律师打官司 & tag=律师免费法律咨询,behavior=effective_view,21,0.0002065099813157636,0.7,0.9670289362858306
tag=广州找律师打官司 & theme=30,behavior=effective_view,21,0.0002065099813157636,0.7,0.9670289362858306
tag=快手热点 & theme=11,behavior=effective_view,21,0.0002065099813157636,0.7,0.9670289362858306
tag=医学常识 & tag=医学知识科普,behavior=effective_view,21,0.0002065099813157636,0.7,0.9670289362858306
tag=爱音乐爱快手 & tag=集结吧光合创作者,behavior=effective_view,21,0.0002065099813157636,0.7,0.9670289362858306
age_group=36-45 & tag=快手娱乐星熠计划,behavior=effective_view,21,0.0002065099813157636,0.7,0.9670289362858306
city_level=二线城市 & tag=2022高考季,behavior=effective_view,21,0.0002065099813157636,0.7,0.9670289362858306
age_group=26-35 & tag=快手幸福乡村带头人,behavior=effective_view,21,0.0002065099813157636,0.7,0.9670289362858306
tag=热爱快手支持正能量 & theme=2,behavior=effective_view,21,0.0002065099813157636,0.7,0.9670289362858306
tag=快手创作者服务中心 & theme=18,behavior=effective_view,21,0.0002065099813157636,0.7,0.9670289362858306
city_level=一线城市 & tag=热门,behavior=effective_view,21,0.0002065099813157636,0.7,0.9670289362858306
tag=追剧一夏 & theme=9,behavior=effective_view,184,0.0018094207886714525,0.6996197718631179,0.9665036625561806
tag=快手影视高热计划 & tag=我在快手追好剧,behavior=effective_view,277,0.0027239649916412628,0.6994949494949495,0.9663312242105884
tag=找工作,behavior=effective_view,121,0.0011898908447241616,0.6994219653179191,0.9662303987661892
gender=F & tag=快手小剧场,behavior=effective_view,107,0.001052217523846986,0.6993464052287581,0.9661260147766936
city_level=四线城市 & theme=34,behavior=effective_view,107,0.001052217523846986,0.6993464052287581,0.9661260147766936
tag=剧情 & theme=39,behavior=effective_view,295,0.002900973547054774,0.6990521327014217,0.9657194861351389
tag=快手放映厅 & theme=39,behavior=effective_view,216,0.0021241026649621397,0.6990291262135923,0.9656877033644912
tag=集合吧光合计划创作者 & theme=39,behavior=effective_view,72,0.0007080342216540466,0.6990291262135923,0.9656877033644912
city_level=四线城市 & theme=12,behavior=effective_view,1198,0.01178090274363261,0.6989498249708285,0.9655781510838682
tag=天生我有戏 & tag=情感,behavior=effective_view,65,0.0006391975612154587,0.6989247311827957,0.9655434847707988
gender=F & theme=22,behavior=effective_view,123,0.0012095584619923297,0.6988636363636364,0.9654590841165355
gender=M & tag=魔术教学,behavior=effective_view,58,0.0005703609007768709,0.6987951807228916,0.9653645147087466
age_group=46-60 & tag=快手弹幕,behavior=effective_view,109,0.001071885141115154,0.6987179487179487,0.9652578210179079
city_level=新一线城市 & theme=17,behavior=effective_view,153,0.001504572721014849,0.6986301369863014,0.9651365117529818
tag=户外,behavior=effective_view,102,0.0010030484806765661,0.6986301369863014,0.9651365117529818
age_group=46-60 & tag=正能量短剧,behavior=effective_view,51,0.0005015242403382831,0.6986301369863014,0.9651365117529818
tag=新农人计划2022 & theme=12,behavior=effective_view,139,0.0013668994001376734,0.6984924623115578,0.9649463183325949
gender=F & tag=快手弹幕,behavior=effective_view,183,0.0017995869800373685,0.6984732824427481,0.9649198219209761
gender=F & tag=热门,behavior=effective_view,206,0.0020257645786213,0.6983050847457627,0.964687461863831
city_level=二线城市 & tag=追剧一夏,behavior=effective_view,199,0.001956927918182712,0.6982456140350877,0.9646053048665679
tag=找工作 & theme=11,behavior=effective_view,118,0.0011603894188219098,0.6982248520710059,0.9645766228379377
city_level=新一线城市 & theme=39,behavior=effective_view,1270,0.012488936965286655,0.6981858163826278,0.9645226962090669
city_level=新一线城市 & tag=情感,behavior=effective_view,111,0.0010915527583833218,0.6981132075471698,0.9644223892877556
tag=集结吧光合创作者 & theme=28,behavior=effective_view,74,0.0007277018389222146,0.6981132075471698,0.9644223892877556
tag=路人王6周年,behavior=effective_view,37,0.0003638509194611073,0.6981132075471698,0.9644223892877556
tag=大龄工男女不限,behavior=effective_view,37,0.0003638509194611073,0.6981132075471698,0.9644223892877556
tag=快手热点 & tag=正能量短剧,behavior=effective_view,37,0.0003638509194611073,0.6981132075471698,0.9644223892877556
city_level=五线城市 & tag=秋天的第一首歌,behavior=effective_view,37,0.0003638509194611073,0.6981132075471698,0.9644223892877556
age_group=19-25 & tag=红眼,behavior=effective_view,37,0.0003638509194611073,0.6981132075471698,0.9644223892877556
tag=农村搞笑段子,behavior=effective_view,104,0.001022716097944734,0.697986577181208,0.9642474532476164
age_group=46-60 & theme=16,behavior=effective_view,321,0.0031566525715409576,0.6978260869565217,0.9640257408315268
tag=财富密码在人间 & theme=22,behavior=effective_view,90,0.0008850427770675582,0.6976744186046512,0.9638162155672731
gender=F & tag=熊出没,behavior=effective_view,60,0.0005900285180450389,0.6976744186046512,0.9638162155672731
tag=麻将,behavior=effective_view,30,0.00029501425902251943,0.6976744186046512,0.9638162155672731
tag=沉浸式,behavior=effective_view,30,0.00029501425902251943,0.6976744186046512,0.9638162155672731
tag=情侣 & tag=情侣日常,behavior=effective_view,30,0.00029501425902251943,0.6976744186046512,0.9638162155672731
gender=M & tag=法律咨询,behavior=effective_view,30,0.00029501425902251943,0.6976744186046512,0.9638162155672731
tag=快手光合创作者激励计划 & theme=39,behavior=effective_view,30,0.00029501425902251943,0.6976744186046512,0.9638162155672731
age_group=60+ & tag=感谢官方快手绿色平台的支持,behavior=effective_view,30,0.00029501425902251943,0.6976744186046512,0.9638162155672731
gender=M & tag=社会正能量,behavior=effective_view,30,0.00029501425902251943,0.6976744186046512,0.9638162155672731
tag=王者 & theme=3,behavior=effective_view,30,0.00029501425902251943,0.6976744186046512,0.9638162155672731
city_level=新一线城市 & tag=快手影视高热计划,behavior=effective_view,113,0.0011112203756514897,0.6975308641975309,0.9636178994735349
tag=寻找快手科普达人 & theme=16,behavior=effective_view,53,0.000521191857606451,0.6973684210526315,0.9633934891569365
age_group=26-35 & tag=快手放映厅,behavior=effective_view,53,0.000521191857606451,0.6973684210526315,0.9633934891569365
gender=F & tag=2022光合创作者大会,behavior=effective_view,592,0.005821614711377716,0.6972909305064782,0.9632864382991952
tag=民间故事,behavior=effective_view,76,0.0007473694561903826,0.6972477064220184,0.9632267255271708
tag=军训进行时,behavior=effective_view,46,0.00045235519716786313,0.696969696969697,0.9628426638343769
gender=M & tag=真人真事传递正能量,behavior=effective_view,46,0.00045235519716786313,0.696969696969697,0.9628426638343769
tag=一个人带孩子真不容易,behavior=effective_view,23,0.00022617759858393157,0.696969696969697,0.9628426638343769
tag=情感故事,behavior=effective_view,23,0.00022617759858393157,0.696969696969697,0.9628426638343769
tag=沈腾,behavior=effective_view,23,0.00022617759858393157,0.696969696969697,0.9628426638343769
age_group=26-35 & tag=小说推荐,behavior=effective_view,23,0.00022617759858393157,0.696969696969697,0.9628426638343769
age_group=60+ & tag=孩子教育,behavior=effective_view,23,0.00022617759858393157,0.696969696969697,0.9628426638343769
tag=vlog & tag=一个人带孩子真不容易,behavior=effective_view,23,0.00022617759858393157,0.696969696969697,0.9628426638343769
tag=一个人带孩子真不容易 & tag=宝妈生活记录带娃日常,behavior=effective_view,23,0.00022617759858393157,0.696969696969697,0.9628426638343769
tag=一个人带孩子真不容易 & theme=25,behavior=effective_view,23,0.00022617759858393157,0.696969696969697,0.9628426638343769
age_group=46-60 & tag=新光合创作者计划,behavior=effective_view,23,0.00022617759858393157,0.696969696969697,0.9628426638343769
tag=我在快手追好剧 & tag=黎明破晓前,behavior=effective_view,23,0.00022617759858393157,0.696969696969697,0.9628426638343769
tag=快手萌娃超有范 & theme=25,behavior=effective_view,23,0.00022617759858393157,0.696969696969697,0.9628426638343769
age_group=36-45 & tag=非凡十年,behavior=effective_view,23,0.00022617759858393157,0.696969696969697,0.9628426638343769
city_level=新一线城市 & tag=育儿,behavior=effective_view,23,0.00022617759858393157,0.696969696969697,0.9628426638343769
age_group=26-35 & tag=家庭婚姻情感,behavior=effective_view,23,0.00022617759858393157,0.696969696969697,0.9628426638343769
tag=多肉的萌言萌语 & theme=9,behavior=effective_view,23,0.00022617759858393157,0.696969696969697,0.9628426638343769
age_group=60+ & tag=哎呀妈呀笑死我了,behavior=effective_view,23,0.00022617759858393157,0.696969696969697,0.9628426638343769
city_level=四线城市 & tag=快影,behavior=effective_view,23,0.00022617759858393157,0.696969696969697,0.9628426638343769
city_level=五线城市 & tag=装修,behavior=effective_view,23,0.00022617759858393157,0.696969696969697,0.9628426638343769
city_level=五线城市 & theme=13,behavior=effective_view,476,0.004680892909823975,0.6969253294289898,0.9627813714119544
tag=反转,behavior=effective_view,85,0.0008358737338971384,0.6967213114754098,0.9624995267481922
age_group=46-60 & tag=追剧一夏,behavior=effective_view,402,0.00395319107090176,0.6967071057192374,0.9624799019235056
gender=F & tag=我的乡村生活,behavior=effective_view,62,0.0006096961353132068,0.6966292134831461,0.9623722961432023
tag=热爱快手支持正能量 & theme=39,behavior=effective_view,78,0.0007670370734585505,0.6964285714285714,0.9620951151823315
tag=新乌龙院之笑闹江湖,behavior=effective_view,39,0.00038351853672927524,0.6964285714285714,0.9620951151823315
tag=感动,behavior=effective_view,39,0.00038351853672927524,0.6964285714285714,0.9620951151823315
tag=切割机,behavior=effective_view,39,0.00038351853672927524,0.6964285714285714,0.9620951151823315
tag=致敬人民子弟兵,behavior=effective_view,39,0.00038351853672927524,0.6964285714285714,0.9620951151823315
tag=新乌龙院之笑闹江湖 & theme=39,behavior=effective_view,39,0.00038351853672927524,0.6964285714285714,0.9620951151823315
city_level=四线城市 & tag=经典老歌,behavior=effective_view,39,0.00038351853672927524,0.6964285714285714,0.9620951151823315
gender=M & tag=切割机,behavior=effective_view,39,0.00038351853672927524,0.6964285714285714,0.9620951151823315
tag=好剧推荐 & tag=精彩片段,behavior=effective_view,39,0.00038351853672927524,0.6964285714285714,0.9620951151823315
age_group=26-35 & tag=喜欢,behavior=effective_view,39,0.00038351853672927524,0.6964285714285714,0.9620951151823315
tag=一定要看到最后哦 & theme=39,behavior=effective_view,39,0.00038351853672927524,0.6964285714285714,0.9620951151823315
age_group=60+ & theme=17,behavior=effective_view,406,0.003992526305438096,0.6963979416809606,0.9620528011076875
age_group=36-45 & tag=情感,behavior=effective_view,149,0.0014652374864785132,0.6962616822429907,0.9618645627943176
tag=黎明破晓前,behavior=effective_view,71,0.0006982004130199626,0.696078431372549,0.961611407231008
gender=F & tag=好剧推荐,behavior=effective_view,71,0.0006982004130199626,0.696078431372549,0.961611407231008
city_level=二线城市 & tag=音乐,behavior=effective_view,71,0.0006982004130199626,0.696078431372549,0.961611407231008
tag=黎明破晓前 & theme=39,behavior=effective_view,71,0.0006982004130199626,0.696078431372549,0.961611407231008
tag=集结吧光合创作者 & theme=2,behavior=effective_view,135,0.0013275641656013374,0.6958762886597938,0.9613321531560172
city_level=四线城市 & tag=美食,behavior=effective_view,144,0.0014160684433080933,0.6956521739130435,0.961022545377223
tag=经典影视,behavior=effective_view,96,0.0009440456288720622,0.6956521739130435,0.961022545377223
city_level=新一线城市 & theme=38,behavior=effective_view,80,0.0007867046907267185,0.6956521739130435,0.961022545377223
age_group=36-45 & tag=剧情,behavior=effective_view,64,0.0006293637525813748,0.6956521739130435,0.961022545377223
city_level=五线城市 & tag=致敬英雄,behavior=effective_view,48,0.0004720228144360311,0.6956521739130435,0.961022545377223
tag=快手影视高热计划 & tag=黎明破晓前,behavior=effective_view,48,0.0004720228144360311,0.6956521739130435,0.961022545377223
gender=F & tag=夫妻,behavior=effective_view,48,0.0004720228144360311,0.6956521739130435,0.961022545377223
tag=杨紫,behavior=effective_view,32,0.0003146818762906874,0.6956521739130435,0.961022545377223
age_group=60+ & tag=快手美食家,behavior=effective_view,32,0.0003146818762906874,0.6956521739130435,0.961022545377223
city_level=五线城市 & tag=持续更新下集更精彩,behavior=effective_view,32,0.0003146818762906874,0.6956521739130435,0.961022545377223
city_level=五线城市 & tag=手工,behavior=effective_view,32,0.0003146818762906874,0.6956521739130435,0.961022545377223
tag=好工作 & theme=11,behavior=effective_view,32,0.0003146818762906874,0.6956521739130435,0.961022545377223
tag=快手娱乐星熠计划 & tag=我在快手追好剧,behavior=effective_view,32,0.0003146818762906874,0.6956521739130435,0.961022545377223
tag=我是爆款王,behavior=effective_view,386,0.0037958501327564165,0.6954954954954955,0.960806098857994
age_group=26-35 & theme=14,behavior=effective_view,105,0.0010325499065788179,0.695364238410596,0.9606247711448649
age_group=46-60 & tag=感谢官方大大让我上一次热门,behavior=effective_view,89,0.0008752089684334743,0.6953125,0.9605532960874881
tag=我在快手追好剧 & tag=暑期不断片,behavior=effective_view,73,0.0007178680302881306,0.6952380952380952,0.9604505081478318
age_group=60+ & theme=34,behavior=effective_view,114,0.0011210541842855738,0.6951219512195121,0.9602900586810513
tag=安保,behavior=effective_view,57,0.0005605270921427869,0.6951219512195121,0.9602900586810513
gender=M & tag=光合计划,behavior=effective_view,221,0.0021732717081325596,0.6949685534591195,0.9600781442909639
tag=夏日暴击 & tag=搞笑视频,behavior=effective_view,41,0.0004031861539974432,0.6949152542372882,0.9600045130198319
city_level=五线城市 & tag=家乡美食,behavior=effective_view,41,0.0004031861539974432,0.6949152542372882,0.9600045130198319
tag=好剧推荐 & tag=我在快手追好剧,behavior=effective_view,41,0.0004031861539974432,0.6949152542372882,0.9600045130198319
age_group=60+ & tag=快手农技人,behavior=effective_view,41,0.0004031861539974432,0.6949152542372882,0.9600045130198319
city_level=五线城市 & tag=泪目,behavior=effective_view,41,0.0004031861539974432,0.6949152542372882,0.9600045130198319
age_group=26-35 & tag=沙雕,behavior=effective_view,41,0.0004031861539974432,0.6949152542372882,0.9600045130198319
age_group=60+ & tag=医学科普,behavior=effective_view,41,0.0004031861539974432,0.6949152542372882,0.9600045130198319
tag=剪辑,behavior=effective_view,66,0.0006490313698495427,0.6947368421052632,0.9597580420280426
gender=F & tag=新农人计划2022,behavior=effective_view,91,0.0008948765857016422,0.6946564885496184,0.9596470360088397
tag=儿童 & tag=喜欢,behavior=effective_view,100,0.000983380863408398,0.6944444444444444,0.9593541034581653
city_level=四线城市 & tag=电影解说,behavior=effective_view,75,0.0007375356475562985,0.6944444444444444,0.9593541034581653
city_level=一线城市 & tag=集结吧光合创作者,behavior=effective_view,75,0.0007375356475562985,0.6944444444444444,0.9593541034581653
tag=爱我中华强我国威,behavior=effective_view,50,0.000491690431704199,0.6944444444444444,0.9593541034581653
gender=F & tag=奥特曼,behavior=effective_view,50,0.000491690431704199,0.6944444444444444,0.9593541034581653
tag=我在快手整活 & tag=集结吧光合创作者,behavior=effective_view,50,0.000491690431704199,0.6944444444444444,0.9593541034581653
tag=好物分享 & theme=4,behavior=effective_view,50,0.000491690431704199,0.6944444444444444,0.9593541034581653
tag=二手车,behavior=effective_view,25,0.0002458452158520995,0.6944444444444444,0.9593541034581653
tag=别被班主任刷到就好,behavior=effective_view,25,0.0002458452158520995,0.6944444444444444,0.9593541034581653
city_level=三线城市 & tag=财富密码在人间,behavior=effective_view,25,0.0002458452158520995,0.6944444444444444,0.9593541034581653
tag=你财知道 & theme=22,behavior=effective_view,25,0.0002458452158520995,0.6944444444444444,0.9593541034581653
gender=M & tag=你财知道,behavior=effective_view,25,0.0002458452158520995,0.6944444444444444,0.9593541034581653
tag=主播说新闻 & theme=35,behavior=effective_view,25,0.0002458452158520995,0.6944444444444444,0.9593541034581653
age_group=46-60 & tag=搞笑段子,behavior=effective_view,25,0.0002458452158520995,0.6944444444444444,0.9593541034581653
tag=内容过于真实 & theme=11,behavior=effective_view,25,0.0002458452158520995,0.6944444444444444,0.9593541034581653
gender=M & tag=上快手看欧冠,behavior=effective_view,25,0.0002458452158520995,0.6944444444444444,0.9593541034581653
gender=M & tag=快看影视计划,behavior=effective_view,25,0.0002458452158520995,0.6944444444444444,0.9593541034581653
tag=兄妹情深亲情最可贵 & tag=龙凤胎,behavior=effective_view,25,0.0002458452158520995,0.6944444444444444,0.9593541034581653
tag=兄妹情深亲情最可贵 & theme=25,behavior=effective_view,25,0.0002458452158520995,0.6944444444444444,0.9593541034581653
city_level=二线城市 & tag=人间温暖,behavior=effective_view,25,0.0002458452158520995,0.6944444444444444,0.9593541034581653
city_level=三线城市 & tag=音乐,behavior=effective_view,109,0.001071885141115154,0.6942675159235668,0.9591096820305326
age_group=60+ & tag=快手影视新热计划,behavior=effective_view,109,0.001071885141115154,0.6942675159235668,0.9591096820305326
tag=快手三农,behavior=effective_view,84,0.0008260399252630544,0.6942148760330579,0.9590369616057826
tag=搞笑视频 & tag=红眼,behavior=effective_view,84,0.0008260399252630544,0.6942148760330579,0.9590369616057826
city_level=四线城市 & theme=36,behavior=effective_view,202,0.001986429344084964,0.6941580756013745,0.958958493518595
city_level=新一线城市 & theme=18,behavior=effective_view,202,0.001986429344084964,0.6941580756013745,0.958958493518595
tag=精彩片段,behavior=effective_view,211,0.00207493362179172,0.694078947368421,0.9588491802458189
gender=F & tag=正能量专递,behavior=effective_view,93,0.0009145442029698102,0.6940298507462687,0.9587813547396828
tag=家乡美食,behavior=effective_view,161,0.0015832431900875208,0.6939655172413793,0.9586924799385391
tag=家乡美食 & theme=12,behavior=effective_view,161,0.0015832431900875208,0.6939655172413793,0.9586924799385391
tag=记录生活 & theme=12,behavior=effective_view,68,0.0006686989871177107,0.6938775510204082,0.9585709572512607
tag=消防安全,behavior=effective_view,34,0.00033434949355885536,0.6938775510204082,0.9585709572512607
tag=艾特出你想艾特的人,behavior=effective_view,34,0.00033434949355885536,0.6938775510204082,0.9585709572512607
city_level=一线城市 & theme=30,behavior=effective_view,34,0.00033434949355885536,0.6938775510204082,0.9585709572512607
city_level=三线城市 & tag=家乡美食,behavior=effective_view,34,0.00033434949355885536,0.6938775510204082,0.9585709572512607
city_level=五线城市 & tag=生活,behavior=effective_view,34,0.00033434949355885536,0.6938775510204082,0.9585709572512607
city_level=五线城市 & tag=短剧MCN影响力大赛,behavior=effective_view,34,0.00033434949355885536,0.6938775510204082,0.9585709572512607
tag=集结吧光合创作者 & theme=20,behavior=effective_view,34,0.00033434949355885536,0.6938775510204082,0.9585709572512607
city_level=二线城市 & tag=快手放映厅,behavior=effective_view,34,0.00033434949355885536,0.6938775510204082,0.9585709572512607
city_level=五线城市 & tag=2022高考季,behavior=effective_view,34,0.00033434949355885536,0.6938775510204082,0.9585709572512607
age_group=19-25 & city_level=新一线城市,behavior=effective_view,1116,0.010974530435637722,0.6935985083903046,0.9581854682544501
gender=F & theme=12,behavior=effective_view,2293,0.022548923197954568,0.6935874168179068,0.9581701455809393
age_group=36-45 & theme=18,behavior=effective_view,344,0.0033828301701248893,0.6935483870967742,0.9581162271956387
city_level=三线城市 & tag=剧情,behavior=effective_view,86,0.0008457075425312223,0.6935483870967742,0.9581162271956387
tag=农民,behavior=effective_view,43,0.00042285377126561116,0.6935483870967742,0.9581162271956387
tag=哎呀妈呀笑死我了,behavior=effective_view,43,0.00042285377126561116,0.6935483870967742,0.9581162271956387
tag=哎呀妈呀笑死我了 & theme=9,behavior=effective_view,43,0.00042285377126561116,0.6935483870967742,0.9581162271956387
gender=F & tag=一定要看到最后哦,behavior=effective_view,43,0.00042285377126561116,0.6935483870967742,0.9581162271956387
tag=育儿正能量分享,behavior=effective_view,52,0.000511358048972367,0.6933333333333334,0.9578191368926323
gender=M & tag=黎明破晓前,behavior=effective_view,52,0.000511358048972367,0.6933333333333334,0.9578191368926323
tag=育儿正能量分享 & theme=25,behavior=effective_view,52,0.000511358048972367,0.6933333333333334,0.9578191368926323
tag=2022光合创作者大会 & tag=我是爆款王,behavior=effective_view,52,0.000511358048972367,0.6933333333333334,0.9578191368926323
age_group=46-60 & theme=12,behavior=effective_view,1048,0.010305831448520012,0.6931216931216931,0.9575267623087212
tag=天生我有戏 & tag=追剧一夏,behavior=effective_view,402,0.00395319107090176,0.6931034482758621,0.9575015576032118
gender=F & tag=笑疯了老铁,behavior=effective_view,70,0.0006883666043858786,0.693069306930693,0.9574543923622085
tag=保安,behavior=effective_view,79,0.0007768708820926344,0.6929824561403509,0.9573344106087798
age_group=26-35 & theme=22,behavior=effective_view,97,0.0009538794375061461,0.6928571428571428,0.9571612940788324
city_level=一线城市 & theme=18,behavior=effective_view,124,0.0012193922706264136,0.6927374301675978,0.9569959146005029
age_group=46-60 & tag=夏日暴击,behavior=effective_view,126,0.0012390598878945815,0.6923076923076923,0.956402244678294
tag=传递正能量 & theme=19,behavior=effective_view,81,0.0007965384993608024,0.6923076923076923,0.956402244678294
gender=F & tag=专治各种不开心,behavior=effective_view,45,0.0004425213885337791,0.6923076923076923,0.956402244678294
tag=集合吧快手光合创作者,behavior=effective_view,36,0.0003540171108270233,0.6923076923076923,0.956402244678294
tag=家庭搞笑 & theme=9,behavior=effective_view,36,0.0003540171108270233,0.6923076923076923,0.956402244678294
age_group=46-60 & tag=短剧有好货,behavior=effective_view,36,0.0003540171108270233,0.6923076923076923,0.956402244678294
tag=健身 & theme=7,behavior=effective_view,36,0.0003540171108270233,0.6923076923076923,0.956402244678294
tag=清洁皮肤,behavior=effective_view,27,0.00026551283312026746,0.6923076923076923,0.956402244678294
gender=M & tag=老有所依,behavior=effective_view,27,0.00026551283312026746,0.6923076923076923,0.956402244678294
tag=员工 & tag=清洁皮肤,behavior=effective_view,27,0.00026551283312026746,0.6923076923076923,0.956402244678294
tag=张得火 & tag=清洁皮肤,behavior=effective_view,27,0.00026551283312026746,0.6923076923076923,0.956402244678294
tag=清洁皮肤 & theme=9,behavior=effective_view,27,0.00026551283312026746,0.6923076923076923,0.956402244678294
tag=极限运动 & theme=7,behavior=effective_view,27,0.00026551283312026746,0.6923076923076923,0.956402244678294
age_group=46-60 & tag=反转,behavior=effective_view,27,0.00026551283312026746,0.6923076923076923,0.956402244678294
gender=M & tag=深度还原,behavior=effective_view,27,0.00026551283312026746,0.6923076923076923,0.956402244678294
tag=解说 & theme=39,behavior=effective_view,27,0.00026551283312026746,0.6923076923076923,0.956402244678294
age_group=36-45 & city_level=五线城市,behavior=effective_view,2666,0.026216933818467892,0.6921079958463136,0.9561263700259696
age_group=46-60 & theme=10,behavior=effective_view,173,0.0017012488936965287,0.692,0.9559771770139925
age_group=46-60 & gender=F,behavior=effective_view,4645,0.04567804110532009,0.6919410099806346,0.9558956840773092
tag=快手音乐人 & theme=2,behavior=effective_view,128,0.0012587275051627496,0.6918918918918919,0.9558278289157246
tag=快手弹幕,behavior=effective_view,559,0.005497099026452945,0.6918316831683168,0.9557446523758475
tag=医学科普,behavior=effective_view,101,0.000993214672042482,0.6917808219178082,0.9556743890887368
tag=2022光合创作者大会 & theme=12,behavior=effective_view,101,0.000993214672042482,0.6917808219178082,0.9556743890887368
age_group=46-60 & tag=正能量,behavior=effective_view,184,0.0018094207886714525,0.6917293233082706,0.9556032453093063
city_level=三线城市 & tag=王者荣耀,behavior=effective_view,92,0.0009047103943357263,0.6917293233082706,0.9556032453093063
tag=经典影视 & theme=39,behavior=effective_view,92,0.0009047103943357263,0.6917293233082706,0.9556032453093063
gender=M & tag=快影,behavior=effective_view,65,0.0006391975612154587,0.6914893617021277,0.9552717455711094
age_group=60+ & tag=爱音乐爱唱歌,behavior=effective_view,112,0.0011013865670174059,0.691358024691358,0.9550903074427957
gender=F & tag=健康科普在快手,behavior=effective_view,56,0.0005506932835087029,0.691358024691358,0.9550903074427957
tag=喜欢,behavior=effective_view,103,0.00101288228931065,0.6912751677852349,0.9549758431202354
city_level=新一线城市 & tag=我在快手整活,behavior=effective_view,94,0.0009243780116038942,0.6911764705882353,0.9548394959124799
gender=F & tag=生活小妙招,behavior=effective_view,94,0.0009243780116038942,0.6911764705882353,0.9548394959124799
tag=看一次笑十次爆笑来袭,behavior=effective_view,47,0.0004621890058019471,0.6911764705882353,0.9548394959124799
tag=搞笑夫妻日常 & theme=9,behavior=effective_view,47,0.0004621890058019471,0.6911764705882353,0.9548394959124799
tag=快手幸福乡村带头人 & tag=新农人计划2022,behavior=effective_view,47,0.0004621890058019471,0.6911764705882353,0.9548394959124799
tag=看一次笑十次爆笑来袭 & theme=9,behavior=effective_view,47,0.0004621890058019471,0.6911764705882353,0.9548394959124799
city_level=五线城市 & tag=三农,behavior=effective_view,76,0.0007473694561903826,0.6909090909090909,0.9544701189314693
tag=快手三农 & tag=竹笋,behavior=effective_view,38,0.0003736847280951913,0.6909090909090909,0.9544701189314693
tag=快手农技人 & tag=竹笋,behavior=effective_view,38,0.0003736847280951913,0.6909090909090909,0.9544701189314693
tag=竹笋 & theme=13,behavior=effective_view,38,0.0003736847280951913,0.6909090909090909,0.9544701189314693
tag=快手小剧场 & tag=快手热点,behavior=effective_view,38,0.0003736847280951913,0.6909090909090909,0.9544701189314693
gender=M & tag=外卖小哥,behavior=effective_view,38,0.0003736847280951913,0.6909090909090909,0.9544701189314693
tag=快手弹幕 & tag=集结吧光合创作者,behavior=effective_view,38,0.0003736847280951913,0.6909090909090909,0.9544701189314693
age_group=26-35 & tag=宝妈,behavior=effective_view,38,0.0003736847280951913,0.6909090909090909,0.9544701189314693
tag=切割机 & theme=15,behavior=effective_view,38,0.0003736847280951913,0.6909090909090909,0.9544701189314693
age_group=36-45 & tag=三农,behavior=effective_view,38,0.0003736847280951913,0.6909090909090909,0.9544701189314693
city_level=四线城市 & tag=好剧推荐,behavior=effective_view,38,0.0003736847280951913,0.6909090909090909,0.9544701189314693
age_group=60+ & tag=我在快手整活,behavior=effective_view,371,0.003648343003245157,0.6908752327746741,0.9544233449375983
gender=M & tag=快手光合作者助手,behavior=effective_view,58,0.0005703609007768709,0.6904761904761905,0.9538720800098329
tag=父女日常 & tag=爸爸带娃,behavior=effective_view,29,0.0002851804503884354,0.6904761904761905,0.9538720800098329
tag=创作灵感 & theme=18,behavior=effective_view,29,0.0002851804503884354,0.6904761904761905,0.9538720800098329
gender=M & tag=号手就位,behavior=effective_view,29,0.0002851804503884354,0.6904761904761905,0.9538720800098329
city_level=五线城市 & tag=萌娃搞笑瞬间,behavior=effective_view,29,0.0002851804503884354,0.6904761904761905,0.9538720800098329
age_group=46-60 & tag=熊出没,behavior=effective_view,29,0.0002851804503884354,0.6904761904761905,0.9538720800098329
city_level=五线城市 & tag=经典影视,behavior=effective_view,29,0.0002851804503884354,0.6904761904761905,0.9538720800098329
tag=创作灵感 & tag=糍粑,behavior=effective_view,29,0.0002851804503884354,0.6904761904761905,0.9538720800098329
age_group=36-45 & tag=原创,behavior=effective_view,29,0.0002851804503884354,0.6904761904761905,0.9538720800098329
age_group=36-45 & tag=持续更新下集更精彩,behavior=effective_view,29,0.0002851804503884354,0.6904761904761905,0.9538720800098329
gender=F & tag=打工人,behavior=effective_view,29,0.0002851804503884354,0.6904761904761905,0.9538720800098329
theme=12,behavior=effective_view,5039,0.04955256170714918,0.6904631405864621,0.9538540519798577
age_group=19-25 & tag=集结吧光合创作者,behavior=effective_view,194,0.0019077588750122923,0.6903914590747331,0.9537550261283739
age_group=46-60 & tag=热门,behavior=effective_view,107,0.001052217523846986,0.6903225806451613,0.9536598726505426
age_group=26-35 & tag=光合计划,behavior=effective_view,78,0.0007670370734585505,0.6902654867256637,0.953580999118771
gender=M & tag=快小菜,behavior=effective_view,49,0.00048185662307011505,0.6901408450704225,0.9534088104226499
city_level=四线城市 & tag=笑点不打烊计划,behavior=effective_view,60,0.0005900285180450389,0.6896551724137931,0.9527378682619022
city_level=四线城市 & tag=游戏,behavior=effective_view,60,0.0005900285180450389,0.6896551724137931,0.9527378682619022
tag=爱情 & theme=39,behavior=effective_view,60,0.0005900285180450389,0.6896551724137931,0.9527378682619022
tag=逗比家庭搞笑原创作品,behavior=effective_view,40,0.00039335234536335925,0.6896551724137931,0.9527378682619022
gender=M & tag=爱我中华强我国威,behavior=effective_view,40,0.00039335234536335925,0.6896551724137931,0.9527378682619022
tag=生活小常识,behavior=effective_view,20,0.00019667617268167962,0.6896551724137931,0.9527378682619022
tag=周文强,behavior=effective_view,20,0.00019667617268167962,0.6896551724137931,0.9527378682619022
tag=家常菜,behavior=effective_view,20,0.00019667617268167962,0.6896551724137931,0.9527378682619022
tag=装修听我说,behavior=effective_view,20,0.00019667617268167962,0.6896551724137931,0.9527378682619022
tag=记录一个人带娃日常,behavior=effective_view,20,0.00019667617268167962,0.6896551724137931,0.9527378682619022
tag=乡村爱情喜剧 & tag=家庭百态,behavior=effective_view,20,0.00019667617268167962,0.6896551724137931,0.9527378682619022
tag=乡村爱情喜剧 & tag=正能量专递,behavior=effective_view,20,0.00019667617268167962,0.6896551724137931,0.9527378682619022
tag=家庭百态 & tag=正能量专递,behavior=effective_view,20,0.00019667617268167962,0.6896551724137931,0.9527378682619022
tag=进厂打工 & theme=11,behavior=effective_view,20,0.00019667617268167962,0.6896551724137931,0.9527378682619022
age_group=46-60 & tag=记录真实生活,behavior=effective_view,20,0.00019667617268167962,0.6896551724137931,0.9527378682619022
gender=M & tag=感谢官方快手我要上同城热门,behavior=effective_view,20,0.00019667617268167962,0.6896551724137931,0.9527378682619022
gender=M & tag=改编歌曲,behavior=effective_view,20,0.00019667617268167962,0.6896551724137931,0.9527378682619022
age_group=46-60 & tag=婚姻,behavior=effective_view,20,0.00019667617268167962,0.6896551724137931,0.9527378682619022
tag=家常菜 & theme=12,behavior=effective_view,20,0.00019667617268167962,0.6896551724137931,0.9527378682619022
gender=M & tag=刀法,behavior=effective_view,20,0.00019667617268167962,0.6896551724137931,0.9527378682619022
tag=恋爱 & tag=情感,behavior=effective_view,20,0.00019667617268167962,0.6896551724137931,0.9527378682619022
tag=传统文化 & tag=涨知识,behavior=effective_view,20,0.00019667617268167962,0.6896551724137931,0.9527378682619022
city_level=五线城市 & tag=全诺1号更静音的高端轮胎,behavior=effective_view,20,0.00019667617268167962,0.6896551724137931,0.9527378682619022
city_level=五线城市 & tag=全诺轮胎一路无忧,behavior=effective_view,20,0.00019667617268167962,0.6896551724137931,0.9527378682619022
tag=茄子 & theme=12,behavior=effective_view,20,0.00019667617268167962,0.6896551724137931,0.9527378682619022
tag=集结吧光合创作者 & theme=18,behavior=effective_view,20,0.00019667617268167962,0.6896551724137931,0.9527378682619022
age_group=36-45 & tag=居家锻炼,behavior=effective_view,20,0.00019667617268167962,0.6896551724137931,0.9527378682619022
gender=M & tag=动画解说,behavior=effective_view,20,0.00019667617268167962,0.6896551724137931,0.9527378682619022
age_group=26-35 & tag=原神,behavior=effective_view,20,0.00019667617268167962,0.6896551724137931,0.9527378682619022
tag=记录一个人带娃日常 & tag=记录生活,behavior=effective_view,20,0.00019667617268167962,0.6896551724137931,0.9527378682619022
tag=记录一个人带娃日常 & theme=25,behavior=effective_view,20,0.00019667617268167962,0.6896551724137931,0.9527378682619022
tag=封神榜之凤鸣岐山 & tag=我在快手追好剧,behavior=effective_view,20,0.00019667617268167962,0.6896551724137931,0.9527378682619022
gender=M & tag=王健林,behavior=effective_view,20,0.00019667617268167962,0.6896551724137931,0.9527378682619022
age_group=60+ & tag=手机摄影,behavior=effective_view,20,0.00019667617268167962,0.6896551724137931,0.9527378682619022
age_group=36-45 & tag=监控下的一幕,behavior=effective_view,20,0.00019667617268167962,0.6896551724137931,0.9527378682619022
tag=快手弹幕 & theme=39,behavior=effective_view,344,0.0033828301701248893,0.6893787575150301,0.9523560093968674
tag=父女日常,behavior=effective_view,71,0.0006982004130199626,0.6893203883495146,0.9522753741510954
age_group=46-60 & tag=音乐,behavior=effective_view,102,0.0010030484806765661,0.6891891891891891,0.9520941264590225
tag=我在快手整活 & theme=1,behavior=effective_view,102,0.0010030484806765661,0.6891891891891891,0.9520941264590225
city_level=一线城市 & tag=我在快手整活,behavior=effective_view,51,0.0005015242403382831,0.6891891891891891,0.9520941264590225
age_group=60+ & city_level=一线城市,behavior=effective_view,521,0.005123414298357754,0.6891534391534392,0.9520447388603889
gender=F & theme=16,behavior=effective_view,330,0.0032451568492477137,0.6889352818371608,0.9517433610925266
tag=集结吧光合创作者 & theme=11,behavior=effective_view,155,0.001524240338283017,0.6888888888888889,0.9516792706305001
tag=百善孝为先,behavior=effective_view,124,0.0012193922706264136,0.6888888888888889,0.9516792706305001
tag=快乐音乐人,behavior=effective_view,31,0.0003048480676566034,0.6888888888888889,0.9516792706305001
tag=恋爱 & theme=39,behavior=effective_view,31,0.0003048480676566034,0.6888888888888889,0.9516792706305001
city_level=五线城市 & tag=我在快手涨知识,behavior=effective_view,31,0.0003048480676566034,0.6888888888888889,0.9516792706305001
tag=情感 & tag=百善孝为先,behavior=effective_view,31,0.0003048480676566034,0.6888888888888889,0.9516792706305001
tag=搞笑 & tag=红眼,behavior=effective_view,31,0.0003048480676566034,0.6888888888888889,0.9516792706305001
age_group=36-45 & tag=新农人计划2022,behavior=effective_view,31,0.0003048480676566034,0.6888888888888889,0.9516792706305001
age_group=26-35 & theme=18,behavior=effective_view,385,0.0037860163241223324,0.6887298747763864,0.9514595974189747
age_group=60+ & tag=正能量专递,behavior=effective_view,73,0.0007178680302881306,0.6886792452830188,0.9513896542973805
gender=M & tag=快手弹幕,behavior=effective_view,376,0.0036975120464155767,0.6886446886446886,0.9513419153413719
age_group=60+ & theme=2,behavior=effective_view,982,0.00965680007867047,0.6886395511921458,0.9513348181052752
tag=打击拐卖,behavior=effective_view,42,0.0004130199626315272,0.6885245901639344,0.9511760029040958
tag=路边摊,behavior=effective_view,42,0.0004130199626315272,0.6885245901639344,0.9511760029040958
tag=乡村爱情喜剧 & theme=39,behavior=effective_view,42,0.0004130199626315272,0.6885245901639344,0.9511760029040958
tag=安保 & tag=打击拐卖,behavior=effective_view,42,0.0004130199626315272,0.6885245901639344,0.9511760029040958
tag=安保 & tag=邪不压正,behavior=effective_view,42,0.0004130199626315272,0.6885245901639344,0.9511760029040958
tag=安保 & theme=39,behavior=effective_view,42,0.0004130199626315272,0.6885245901639344,0.9511760029040958
tag=打击拐卖 & tag=邪不压正,behavior=effective_view,42,0.0004130199626315272,0.6885245901639344,0.9511760029040958
tag=打击拐卖 & theme=39,behavior=effective_view,42,0.0004130199626315272,0.6885245901639344,0.9511760029040958
tag=路边摊 & theme=12,behavior=effective_view,42,0.0004130199626315272,0.6885245901639344,0.9511760029040958
city_level=二线城市 & theme=15,behavior=effective_view,316,0.0031074835283705377,0.6884531590413944,0.951077322957742
gender=M & tag=我在快手整活,behavior=effective_view,665,0.006539482741665847,0.6884057971014492,0.9510118938628769
age_group=46-60 & tag=暑期不断片,behavior=effective_view,53,0.000521191857606451,0.6883116883116883,0.9508818854016517
city_level=新一线城市 & theme=14,behavior=effective_view,53,0.000521191857606451,0.6883116883116883,0.9508818854016517
tag=好剧推荐,behavior=effective_view,181,0.0017799193627692006,0.688212927756654,0.9507454506666776
tag=快手荐片官,behavior=effective_view,64,0.0006293637525813748,0.6881720430107527,0.9506889696204788
gender=M & theme=12,behavior=effective_view,2746,0.02700363850919461,0.6878757515030061,0.9502796518182405
city_level=四线城市 & tag=我在快手整活,behavior=effective_view,251,0.0024682859671550793,0.6876712328767123,0.9499971154901897
tag=音乐,behavior=effective_view,460,0.0045235519716786314,0.6875934230194319,0.949889623513735
age_group=60+ & tag=感谢官方大大让我上一次热门,behavior=effective_view,110,0.001081718949749238,0.6875,0.9497605624235838
tag=医学科普 & theme=16,behavior=effective_view,99,0.000973547054774314,0.6875,0.9497605624235838
tag=快手弹幕 & tag=我在快手追好剧,behavior=effective_view,55,0.000540859474874619,0.6875,0.9497605624235838
gender=M & tag=快手娱乐星耀计划,behavior=effective_view,44,0.00043268757989969517,0.6875,0.9497605624235838
tag=手工DIY & theme=15,behavior=effective_view,44,0.00043268757989969517,0.6875,0.9497605624235838
tag=辽宁消防,behavior=effective_view,33,0.00032451568492477135,0.6875,0.9497605624235838
city_level=四线城市 & tag=2022高考季,behavior=effective_view,33,0.00032451568492477135,0.6875,0.9497605624235838
gender=M & tag=安保,behavior=effective_view,33,0.00032451568492477135,0.6875,0.9497605624235838
tag=消防安全 & tag=辽宁消防,behavior=effective_view,33,0.00032451568492477135,0.6875,0.9497605624235838
tag=消防安全 & theme=9,behavior=effective_view,33,0.00032451568492477135,0.6875,0.9497605624235838
tag=辽宁消防 & theme=9,behavior=effective_view,33,0.00032451568492477135,0.6875,0.9497605624235838
tag=猕猴桃好剧不断,behavior=effective_view,22,0.00021634378994984759,0.6875,0.9497605624235838
tag=仙女必备,behavior=effective_view,22,0.00021634378994984759,0.6875,0.9497605624235838
tag=岳云鹏,behavior=effective_view,22,0.00021634378994984759,0.6875,0.9497605624235838
tag=快手手艺人,behavior=effective_view,22,0.00021634378994984759,0.6875,0.9497605624235838
tag=开心快乐一家人,behavior=effective_view,22,0.00021634378994984759,0.6875,0.9497605624235838
tag=撞车男朋友,behavior=effective_view,22,0.00021634378994984759,0.6875,0.9497605624235838
tag=游戏情侣,behavior=effective_view,22,0.00021634378994984759,0.6875,0.9497605624235838
age_group=26-35 & tag=爆笑,behavior=effective_view,22,0.00021634378994984759,0.6875,0.9497605624235838
tag=猕猴桃好剧不断 & theme=39,behavior=effective_view,22,0.00021634378994984759,0.6875,0.9497605624235838
city_level=三线城市 & tag=全诺1号更静音的高端轮胎,behavior=effective_view,22,0.00021634378994984759,0.6875,0.9497605624235838
city_level=三线城市 & tag=全诺轮胎一路无忧,behavior=effective_view,22,0.00021634378994984759,0.6875,0.9497605624235838
tag=快手放映室 & tag=黎明破晓前,behavior=effective_view,22,0.00021634378994984759,0.6875,0.9497605624235838
age_group=46-60 & tag=民间故事,behavior=effective_view,22,0.00021634378994984759,0.6875,0.9497605624235838
tag=挑战 & theme=12,behavior=effective_view,22,0.00021634378994984759,0.6875,0.9497605624235838
city_level=三线城市 & tag=同城,behavior=effective_view,22,0.00021634378994984759,0.6875,0.9497605624235838
tag=快手剧好看 & tag=我在快手追好剧,behavior=effective_view,22,0.00021634378994984759,0.6875,0.9497605624235838
city_level=三线城市 & tag=剧星计划,behavior=effective_view,22,0.00021634378994984759,0.6875,0.9497605624235838
tag=正能量专递 & tag=真人真事传递正能量,behavior=effective_view,22,0.00021634378994984759,0.6875,0.9497605624235838
tag=2022光合创造者大会 & tag=撞车男朋友,behavior=effective_view,22,0.00021634378994984759,0.6875,0.9497605624235838
tag=2022光合创造者大会 & tag=游戏情侣,behavior=effective_view,22,0.00021634378994984759,0.6875,0.9497605624235838
tag=2022光合创造者大会 & theme=3,behavior=effective_view,22,0.00021634378994984759,0.6875,0.9497605624235838
tag=撞车男朋友 & tag=游戏情侣,behavior=effective_view,22,0.00021634378994984759,0.6875,0.9497605624235838
tag=撞车男朋友 & theme=3,behavior=effective_view,22,0.00021634378994984759,0.6875,0.9497605624235838
tag=游戏情侣 & theme=3,behavior=effective_view,22,0.00021634378994984759,0.6875,0.9497605624235838
age_group=26-35 & tag=快手宠物天团,behavior=effective_view,22,0.00021634378994984759,0.6875,0.9497605624235838
tag=创作灵感,behavior=effective_view,497,0.004887402891139738,0.6874135546334716,0.9496411407509541
tag=好剧推荐 & theme=39,behavior=effective_view,180,0.0017700855541351165,0.6870229007633588,0.9491014641845666
tag=我是爆款王 & theme=12,behavior=effective_view,272,0.002674795948470843,0.6868686868686869,0.9488884223295309
tag=搞笑段子 & tag=搞笑视频,behavior=effective_view,57,0.0005605270921427869,0.6867469879518072,0.9487202989379062
city_level=五线城市 & theme=12,behavior=effective_view,1157,0.011377716589635165,0.686646884272997,0.9485820087178517
tag=儿童视频,behavior=effective_view,46,0.00045235519716786313,0.6865671641791045,0.948471877806998
tag=居家好物,behavior=effective_view,46,0.00045235519716786313,0.6865671641791045,0.948471877806998
tag=推文,behavior=effective_view,46,0.00045235519716786313,0.6865671641791045,0.948471877806998
age_group=19-25 & tag=影视剪辑,behavior=effective_view,81,0.0007965384993608024,0.6864406779661016,0.9482971409098339
age_group=46-60 & theme=1,behavior=effective_view,197,0.0019372603009145443,0.686411149825784,0.948256348672517
tag=短剧MCN影响力大赛,behavior=effective_view,105,0.0010325499065788179,0.6862745098039216,0.9480675845939517
city_level=二线城市 & tag=集合吧光合创作者,behavior=effective_view,70,0.0006883666043858786,0.6862745098039216,0.9480675845939517
tag=暑期防溺水,behavior=effective_view,35,0.0003441833021929393,0.6862745098039216,0.9480675845939517
tag=快手弹幕 & tag=路人王6周年,behavior=effective_view,35,0.0003441833021929393,0.6862745098039216,0.9480675845939517
city_level=三线城市 & tag=萌宠,behavior=effective_view,35,0.0003441833021929393,0.6862745098039216,0.9480675845939517
tag=快手卡车人 & theme=11,behavior=effective_view,35,0.0003441833021929393,0.6862745098039216,0.9480675845939517
tag=短剧 & theme=39,behavior=effective_view,35,0.0003441833021929393,0.6862745098039216,0.9480675845939517
gender=F & theme=36,behavior=effective_view,317,0.0031173173370046218,0.6861471861471862,0.9478916907934705
city_level=新一线城市 & gender=M,behavior=effective_view,4627,0.045501032549906575,0.686091340450771,0.9478145416443269
age_group=19-25 & tag=快手热点,behavior=effective_view,118,0.0011603894188219098,0.686046511627907,0.9477526119744852
age_group=46-60 & tag=2022光合创作者大会,behavior=effective_view,378,0.003717179663683745,0.6860254083484574,0.9477234584289448
age_group=60+ & tag=夏日暴击,behavior=effective_view,144,0.0014160684433080933,0.6857142857142857,0.9472936518718341
city_level=四线城市 & tag=暑期不断片,behavior=effective_view,72,0.0007080342216540466,0.6857142857142857,0.9472936518718341
city_level=四线城市 & tag=正能量专递,behavior=effective_view,48,0.0004720228144360311,0.6857142857142857,0.9472936518718341
tag=夫妻感情,behavior=effective_view,24,0.00023601140721801555,0.6857142857142857,0.9472936518718341
tag=2022光合创造者大会,behavior=effective_view,24,0.00023601140721801555,0.6857142857142857,0.9472936518718341
age_group=46-60 & tag=快手三农,behavior=effective_view,24,0.00023601140721801555,0.6857142857142857,0.9472936518718341
city_level=五线城市 & tag=户外,behavior=effective_view,24,0.00023601140721801555,0.6857142857142857,0.9472936518718341
age_group=60+ & tag=新光和计划,behavior=effective_view,24,0.00023601140721801555,0.6857142857142857,0.9472936518718341
tag=今天拍点啥 & tag=感谢快手绿色平台,behavior=effective_view,24,0.00023601140721801555,0.6857142857142857,0.9472936518718341
tag=今天拍点啥 & theme=10,behavior=effective_view,24,0.00023601140721801555,0.6857142857142857,0.9472936518718341
tag=感谢快手绿色平台 & theme=10,behavior=effective_view,24,0.00023601140721801555,0.6857142857142857,0.9472936518718341
city_level=三线城市 & tag=玩具,behavior=effective_view,24,0.00023601140721801555,0.6857142857142857,0.9472936518718341
city_level=五线城市 & tag=大实话,behavior=effective_view,24,0.00023601140721801555,0.6857142857142857,0.9472936518718341
tag=快手创作者服务中心 & theme=25,behavior=effective_view,24,0.00023601140721801555,0.6857142857142857,0.9472936518718341
tag=2022光合创作者大会 & tag=儿童教育,behavior=effective_view,24,0.00023601140721801555,0.6857142857142857,0.9472936518718341
tag=感谢快手平台推荐我要上热门 & theme=39,behavior=effective_view,24,0.00023601140721801555,0.6857142857142857,0.9472936518718341
city_level=新一线城市 & theme=24,behavior=effective_view,24,0.00023601140721801555,0.6857142857142857,0.9472936518718341
city_level=三线城市 & tag=正能量,behavior=effective_view,170,0.0016717474677942767,0.6854838709677419,0.9469753408328986
tag=天生我有戏 & tag=短剧MCN影响力大赛,behavior=effective_view,85,0.0008358737338971384,0.6854838709677419,0.9469753408328986
age_group=46-60 & tag=健康科普在快手,behavior=effective_view,61,0.0005998623266791228,0.6853932584269663,0.946850162334441
age_group=60+ & tag=生活小妙招,behavior=effective_view,61,0.0005998623266791228,0.6853932584269663,0.946850162334441
tag=集结吧光合创作者 & theme=6,behavior=effective_view,61,0.0005998623266791228,0.6853932584269663,0.946850162334441
tag=健身,behavior=effective_view,37,0.0003638509194611073,0.6851851851851852,0.9465627154120565
tag=新市井匠人,behavior=effective_view,37,0.0003638509194611073,0.6851851851851852,0.9465627154120565
gender=M & tag=情感语录,behavior=effective_view,37,0.0003638509194611073,0.6851851851851852,0.9465627154120565
gender=M & tag=农业,behavior=effective_view,37,0.0003638509194611073,0.6851851851851852,0.9465627154120565
age_group=26-35 & tag=家庭教育,behavior=effective_view,37,0.0003638509194611073,0.6851851851851852,0.9465627154120565
tag=逗比家庭搞笑原创作品 & theme=9,behavior=effective_view,37,0.0003638509194611073,0.6851851851851852,0.9465627154120565
city_level=二线城市 & theme=12,behavior=effective_view,770,0.007572032648244665,0.6850533807829181,0.9463806315964535
city_level=四线城市 & tag=迷你世界,behavior=effective_view,50,0.000491690431704199,0.684931506849315,0.9462122664244919
gender=F & tag=2022高考季,behavior=effective_view,50,0.000491690431704199,0.684931506849315,0.9462122664244919
gender=M & tag=三农,behavior=effective_view,213,0.002094601239059888,0.684887459807074,0.9461514167610563
tag=见义勇为,behavior=effective_view,63,0.0006195299439472907,0.6847826086956522,0.9460065681057039
city_level=五线城市 & tag=暑期不断片,behavior=effective_view,63,0.0006195299439472907,0.6847826086956522,0.9460065681057039
city_level=新一线城市 & theme=1,behavior=effective_view,78,0.0007670370734585505,0.6842105263157895,0.9452162535124661
age_group=46-60 & theme=27,behavior=effective_view,78,0.0007670370734585505,0.6842105263157895,0.9452162535124661
tag=音乐分享,behavior=effective_view,52,0.000511358048972367,0.6842105263157895,0.9452162535124661
gender=F & tag=好运1号更静音的高端轮胎,behavior=effective_view,39,0.00038351853672927524,0.6842105263157895,0.9452162535124661
city_level=五线城市 & tag=剧星大赛,behavior=effective_view,39,0.00038351853672927524,0.6842105263157895,0.9452162535124661
tag=看一遍笑十遍,behavior=effective_view,26,0.0002556790244861835,0.6842105263157895,0.9452162535124661
gender=M & tag=带话题上热门,behavior=effective_view,26,0.0002556790244861835,0.6842105263157895,0.9452162535124661
city_level=一线城市 & tag=快手热点,behavior=effective_view,26,0.0002556790244861835,0.6842105263157895,0.9452162535124661
gender=M & tag=邪不压正,behavior=effective_view,26,0.0002556790244861835,0.6842105263157895,0.9452162535124661
age_group=60+ & tag=好吃,behavior=effective_view,26,0.0002556790244861835,0.6842105263157895,0.9452162535124661
age_group=60+ & tag=家常美食,behavior=effective_view,26,0.0002556790244861835,0.6842105263157895,0.9452162535124661
age_group=60+ & tag=炸丸子,behavior=effective_view,26,0.0002556790244861835,0.6842105263157895,0.9452162535124661
tag=农村 & tag=农民,behavior=effective_view,26,0.0002556790244861835,0.6842105263157895,0.9452162535124661
tag=看一遍笑十遍 & theme=9,behavior=effective_view,26,0.0002556790244861835,0.6842105263157895,0.9452162535124661
city_level=五线城市 & tag=原创作品,behavior=effective_view,26,0.0002556790244861835,0.6842105263157895,0.9452162535124661
gender=F & tag=寻找快手科普达人,behavior=effective_view,26,0.0002556790244861835,0.6842105263157895,0.9452162535124661
gender=M & tag=支持快手感谢官方给我热门,behavior=effective_view,26,0.0002556790244861835,0.6842105263157895,0.9452162535124661
tag=儿童教育 & theme=25,behavior=effective_view,26,0.0002556790244861835,0.6842105263157895,0.9452162535124661
age_group=36-45 & tag=一定要看到最后哦,behavior=effective_view,26,0.0002556790244861835,0.6842105263157895,0.9452162535124661
age_group=60+ & tag=家庭教育,behavior=effective_view,26,0.0002556790244861835,0.6842105263157895,0.9452162535124661
tag=三农,behavior=effective_view,327,0.0032156554233454615,0.6841004184100419,0.945064142753935
age_group=60+ & theme=10,behavior=effective_view,214,0.002104435047693972,0.6837060702875399,0.9445193626890359
tag=家常美食,behavior=effective_view,67,0.0006588651784836267,0.6836734693877551,0.9444743255269774
tag=炸丸子,behavior=effective_view,67,0.0006588651784836267,0.6836734693877551,0.9444743255269774
tag=好吃 & tag=家常美食,behavior=effective_view,67,0.0006588651784836267,0.6836734693877551,0.9444743255269774
tag=好吃 & tag=炸丸子,behavior=effective_view,67,0.0006588651784836267,0.6836734693877551,0.9444743255269774
tag=家常美食 & tag=炸丸子,behavior=effective_view,67,0.0006588651784836267,0.6836734693877551,0.9444743255269774
tag=家常美食 & theme=12,behavior=effective_view,67,0.0006588651784836267,0.6836734693877551,0.9444743255269774
tag=炸丸子 & theme=12,behavior=effective_view,67,0.0006588651784836267,0.6836734693877551,0.9444743255269774
age_group=46-60 & tag=三农,behavior=effective_view,108,0.0010620513324810699,0.6835443037974683,0.9442958871507207
tag=影视合集激励计划,behavior=effective_view,41,0.0004031861539974432,0.6833333333333333,0.9440044378028347
age_group=46-60 & tag=历史,behavior=effective_view,41,0.0004031861539974432,0.6833333333333333,0.9440044378028347
gender=M & tag=老板,behavior=effective_view,41,0.0004031861539974432,0.6833333333333333,0.9440044378028347
gender=M & tag=搞笑配音视频,behavior=effective_view,41,0.0004031861539974432,0.6833333333333333,0.9440044378028347
gender=M & tag=好剧推荐,behavior=effective_view,110,0.001081718949749238,0.6832298136645962,0.9438614284954868
age_group=19-25 & theme=13,behavior=effective_view,110,0.001081718949749238,0.6832298136645962,0.9438614284954868
city_level=新一线城市 & tag=集结吧光合创作者,behavior=effective_view,181,0.0017799193627692006,0.6830188679245283,0.9435700133031555
age_group=26-35 & city_level=新一线城市,behavior=effective_view,1590,0.01563575572819353,0.6829896907216495,0.9435297058753502
tag=爰音乐爱唱歌,behavior=effective_view,56,0.0005506932835087029,0.6829268292682927,0.9434428646691032
tag=气质美女,behavior=effective_view,56,0.0005506932835087029,0.6829268292682927,0.9434428646691032
gender=F & tag=萌娃搞笑瞬间,behavior=effective_view,56,0.0005506932835087029,0.6829268292682927,0.9434428646691032
tag=女人身材无敌年龄成迷,behavior=effective_view,28,0.00027534664175435147,0.6829268292682927,0.9434428646691032
tag=你财知道 & tag=财富密码在人间,behavior=effective_view,28,0.00027534664175435147,0.6829268292682927,0.9434428646691032
tag=快手热度 & tag=路人王6周年,behavior=effective_view,28,0.00027534664175435147,0.6829268292682927,0.9434428646691032
tag=路人王6周年 & theme=20,behavior=effective_view,28,0.00027534664175435147,0.6829268292682927,0.9434428646691032
tag=军旅人生第一步 & tag=军训进行时,behavior=effective_view,28,0.00027534664175435147,0.6829268292682927,0.9434428646691032
gender=M & tag=退伍不褪色,behavior=effective_view,28,0.00027534664175435147,0.6829268292682927,0.9434428646691032
tag=我在快手整活 & theme=11,behavior=effective_view,28,0.00027534664175435147,0.6829268292682927,0.9434428646691032
gender=M & tag=5G数智新农村,behavior=effective_view,28,0.00027534664175435147,0.6829268292682927,0.9434428646691032
city_level=二线城市 & tag=爱音乐爱唱歌,behavior=effective_view,28,0.00027534664175435147,0.6829268292682927,0.9434428646691032
age_group=19-25 & tag=美食探店,behavior=effective_view,28,0.00027534664175435147,0.6829268292682927,0.9434428646691032
tag=音乐 & theme=2,behavior=effective_view,435,0.004277706755826532,0.6828885400313972,0.9433899692404942
age_group=26-35 & tag=快手弹幕,behavior=effective_view,127,0.0012488936965286655,0.6827956989247311,0.9432617120453186
age_group=60+ & tag=集合吧光合创作者,behavior=effective_view,127,0.0012488936965286655,0.6827956989247311,0.9432617120453186
city_level=四线城市 & tag=我是爆款王,behavior=effective_view,99,0.000973547054774314,0.6827586206896552,0.9432104895792832
gender=F & tag=三农,behavior=effective_view,114,0.0011210541842855738,0.6826347305389222,0.9430393390640266
gender=M & tag=快手宠物天团,behavior=effective_view,43,0.00042285377126561116,0.6825396825396826,0.9429080331131683
age_group=19-25 & tag=熊出没,behavior=effective_view,43,0.00042285377126561116,0.6825396825396826,0.9429080331131683
tag=外卖小哥,behavior=effective_view,58,0.0005703609007768709,0.6823529411764706,0.9426500555391291
city_level=五线城市 & tag=生活小妙招,behavior=effective_view,58,0.0005703609007768709,0.6823529411764706,0.9426500555391291
age_group=26-35 & theme=36,behavior=effective_view,191,0.0018782574491100403,0.6821428571428572,0.9423598307683351
tag=我在快手整活 & theme=2,behavior=effective_view,598,0.005880617563182221,0.6818700114025086,0.9419829025882501
age_group=26-35 & tag=我在快手整活,behavior=effective_view,150,0.001475071295112597,0.6818181818181818,0.9419113015771078
tag=快手音乐人,behavior=effective_view,135,0.0013275641656013374,0.6818181818181818,0.9419113015771078
city_level=二线城市 & tag=快手弹幕,behavior=effective_view,75,0.0007375356475562985,0.6818181818181818,0.9419113015771078
tag=2022光合创作者大会 & theme=19,behavior=effective_view,75,0.0007375356475562985,0.6818181818181818,0.9419113015771078
city_level=五线城市 & tag=正能量专递,behavior=effective_view,45,0.0004425213885337791,0.6818181818181818,0.9419113015771078
gender=M & tag=魔术,behavior=effective_view,45,0.0004425213885337791,0.6818181818181818,0.9419113015771078
tag=你财知道,behavior=effective_view,30,0.00029501425902251943,0.6818181818181818,0.9419113015771078
tag=杨紫 & theme=6,behavior=effective_view,30,0.00029501425902251943,0.6818181818181818,0.9419113015771078
gender=M & tag=翡翠,behavior=effective_view,30,0.00029501425902251943,0.6818181818181818,0.9419113015771078
gender=M & tag=每日推文,behavior=effective_view,30,0.00029501425902251943,0.6818181818181818,0.9419113015771078
city_level=五线城市 & tag=专治不开心,behavior=effective_view,30,0.00029501425902251943,0.6818181818181818,0.9419113015771078
gender=M & tag=热心市民,behavior=effective_view,30,0.00029501425902251943,0.6818181818181818,0.9419113015771078
age_group=26-35 & tag=快手粉条,behavior=effective_view,30,0.00029501425902251943,0.6818181818181818,0.9419113015771078
tag=集合吧光合创作者,behavior=effective_view,469,0.004612056249385387,0.6816860465116279,0.9417287606271898
gender=F & tag=感谢官方大大让我上一次热门,behavior=effective_view,107,0.001052217523846986,0.6815286624203821,0.9415113392409816
gender=M & tag=育儿,behavior=effective_view,77,0.0007572032648244665,0.6814159292035398,0.9413556016941714
city_level=五线城市 & tag=新光合计划,behavior=effective_view,139,0.0013668994001376734,0.6813725490196079,0.9412956732754234
age_group=60+ & tag=快手弹幕,behavior=effective_view,139,0.0013668994001376734,0.6813725490196079,0.9412956732754234
gender=M & theme=23,behavior=effective_view,94,0.0009243780116038942,0.6811594202898551,0.9410012423485309
tag=员工 & theme=9,behavior=effective_view,47,0.0004621890058019471,0.6811594202898551,0.9410012423485309
city_level=新一线城市 & tag=科普,behavior=effective_view,47,0.0004621890058019471,0.6811594202898551,0.9410012423485309
age_group=60+ & theme=36,behavior=effective_view,299,0.0029403087815911104,0.6810933940774487,0.9409100291228877
tag=好工作,behavior=effective_view,32,0.0003146818762906874,0.6808510638297872,0.9405752571777076
age_group=60+ & tag=萌宠,behavior=effective_view,32,0.0003146818762906874,0.6808510638297872,0.9405752571777076
age_group=26-35 & tag=奥特曼,behavior=effective_view,32,0.0003146818762906874,0.6808510638297872,0.9405752571777076
gender=M & tag=消防安全,behavior=effective_view,32,0.0003146818762906874,0.6808510638297872,0.9405752571777076
gender=F & tag=员工,behavior=effective_view,32,0.0003146818762906874,0.6808510638297872,0.9405752571777076
gender=F & tag=婚姻,behavior=effective_view,32,0.0003146818762906874,0.6808510638297872,0.9405752571777076
city_level=五线城市 & tag=喜欢,behavior=effective_view,32,0.0003146818762906874,0.6808510638297872,0.9405752571777076
gender=M & tag=街头采访,behavior=effective_view,32,0.0003146818762906874,0.6808510638297872,0.9405752571777076
tag=集合吧光合创作者 & theme=11,behavior=effective_view,32,0.0003146818762906874,0.6808510638297872,0.9405752571777076
tag=快手热门,behavior=effective_view,49,0.00048185662307011505,0.6805555555555556,0.9401670213890021
gender=M & tag=朝阳1号高端轮胎新标杆,behavior=effective_view,115,0.0011308879929196579,0.6804733727810651,0.940053488359007
tag=快手三农 & theme=13,behavior=effective_view,66,0.0006490313698495427,0.6804123711340206,0.9399692164192169
city_level=四线城市 & theme=1,behavior=effective_view,215,0.0021142688563280557,0.680379746835443,0.9399241469324303
tag=热门用快影,behavior=effective_view,83,0.0008162061166289704,0.680327868852459,0.9398524790599994
gender=F & tag=家庭婚姻情感,behavior=effective_view,102,0.0010030484806765661,0.68,0.9393995381062356
city_level=二线城市 & theme=38,behavior=effective_view,102,0.0010030484806765661,0.68,0.9393995381062356
age_group=19-25 & tag=影视解说,behavior=effective_view,68,0.0006686989871177107,0.68,0.9393995381062356
age_group=36-45 & tag=感谢官方大大让我上一次热门,behavior=effective_view,51,0.0005015242403382831,0.68,0.9393995381062356
gender=M & tag=反转,behavior=effective_view,51,0.0005015242403382831,0.68,0.9393995381062356
gender=M & tag=闺蜜,behavior=effective_view,51,0.0005015242403382831,0.68,0.9393995381062356
tag=当所有热情都耗尽的时候请问你是谁,behavior=effective_view,34,0.00033434949355885536,0.68,0.9393995381062356
tag=樱桃红之袖珍妈妈,behavior=effective_view,34,0.00033434949355885536,0.68,0.9393995381062356
gender=F & tag=手工,behavior=effective_view,34,0.00033434949355885536,0.68,0.9393995381062356
age_group=36-45 & tag=精彩片段,behavior=effective_view,34,0.00033434949355885536,0.68,0.9393995381062356
age_group=60+ & tag=快小菜,behavior=effective_view,34,0.00033434949355885536,0.68,0.9393995381062356
tag=教育 & theme=25,behavior=effective_view,34,0.00033434949355885536,0.68,0.9393995381062356
tag=当所有热情都耗尽的时候请问你是谁 & tag=樱桃红之袖珍妈妈,behavior=effective_view,34,0.00033434949355885536,0.68,0.9393995381062356
tag=当所有热情都耗尽的时候请问你是谁 & tag=老有所依,behavior=effective_view,34,0.00033434949355885536,0.68,0.9393995381062356
tag=当所有热情都耗尽的时候请问你是谁 & theme=39,behavior=effective_view,34,0.00033434949355885536,0.68,0.9393995381062356
tag=樱桃红之袖珍妈妈 & tag=老有所依,behavior=effective_view,34,0.00033434949355885536,0.68,0.9393995381062356
tag=樱桃红之袖珍妈妈 & theme=39,behavior=effective_view,34,0.00033434949355885536,0.68,0.9393995381062356
age_group=36-45 & tag=快手小剧场,behavior=effective_view,34,0.00033434949355885536,0.68,0.9393995381062356
gender=M & tag=集结吧光合计划创作者,behavior=effective_view,34,0.00033434949355885536,0.68,0.9393995381062356
age_group=46-60 & tag=医学科普,behavior=effective_view,34,0.00033434949355885536,0.68,0.9393995381062356
age_group=26-35 & tag=美食探店,behavior=effective_view,34,0.00033434949355885536,0.68,0.9393995381062356
tag=奥特曼 & theme=20,behavior=effective_view,70,0.0006883666043858786,0.6796116504854369,0.9388630449376998
gender=F & tag=跟着快手学做菜,behavior=effective_view,70,0.0006883666043858786,0.6796116504854369,0.9388630449376998
age_group=46-60 & theme=2,behavior=effective_view,755,0.007424525518733406,0.6795679567956796,0.9388026834200877
tag=快手娱乐星耀计划,behavior=effective_view,53,0.000521191857606451,0.6794871794871795,0.9386910919990664
tag=剧情 & tag=正能量,behavior=effective_view,89,0.0008752089684334743,0.6793893129770993,0.9385558923602937
city_level=四线城市 & tag=家庭共情,behavior=effective_view,36,0.0003540171108270233,0.6792452830188679,0.9383569193070055
theme=36,behavior=effective_view,997,0.009804307208181729,0.6791553133514986,0.9382326289188139
tag=三农 & theme=13,behavior=effective_view,218,0.002143770282230308,0.6791277258566978,0.9381945176248824
gender=M & tag=我是爆款王,behavior=effective_view,201,0.00197659553545088,0.6790540540540541,0.9380927422463898
tag=社会正能量,behavior=effective_view,55,0.000540859474874619,0.6790123456790124,0.9380351233813172
tag=快手幸福乡村带头人 & theme=12,behavior=effective_view,55,0.000540859474874619,0.6790123456790124,0.9380351233813172
tag=我在快手整活 & tag=音乐,behavior=effective_view,167,0.0016422460418920248,0.6788617886178862,0.937827133331787
age_group=46-60 & tag=记录生活,behavior=effective_view,95,0.0009342118202379781,0.6785714285714286,0.9374260096648359
tag=我的乡村生活 & theme=12,behavior=effective_view,57,0.0005605270921427869,0.6785714285714286,0.9374260096648359
tag=迷你姑娘,behavior=effective_view,38,0.0003736847280951913,0.6785714285714286,0.9374260096648359
tag=情景剧 & theme=39,behavior=effective_view,38,0.0003736847280951913,0.6785714285714286,0.9374260096648359
tag=奇幻 & tag=电视剧解说,behavior=effective_view,38,0.0003736847280951913,0.6785714285714286,0.9374260096648359
tag=奇幻 & tag=迷你姑娘,behavior=effective_view,38,0.0003736847280951913,0.6785714285714286,0.9374260096648359
tag=电视剧解说 & tag=迷你姑娘,behavior=effective_view,38,0.0003736847280951913,0.6785714285714286,0.9374260096648359
tag=迷你姑娘 & theme=39,behavior=effective_view,38,0.0003736847280951913,0.6785714285714286,0.9374260096648359
city_level=新一线城市 & tag=天生我有戏,behavior=effective_view,116,0.0011407218015537417,0.6783625730994152,0.9371374821149235
gender=M & tag=精彩片段,behavior=effective_view,158,0.0015537417641852689,0.6781115879828327,0.9367907537287631
tag=快手三农 & tag=快手农技人,behavior=effective_view,40,0.00039335234536335925,0.6779661016949152,0.936589768799836
gender=M & tag=人物故事,behavior=effective_view,40,0.00039335234536335925,0.6779661016949152,0.936589768799836
tag=生活小妙招,behavior=effective_view,181,0.0017799193627692006,0.6779026217228464,0.9365020731286
tag=快手荐片官 & theme=39,behavior=effective_view,61,0.0005998623266791228,0.6777777777777778,0.9363296049751695
tag=我在快手整活,behavior=effective_view,999,0.009823974825449897,0.6777476255088195,0.936287950522916
tag=2022光合创作者大会 & tag=追剧一夏,behavior=effective_view,210,0.0020650998131576358,0.6774193548387096,0.9358344544701587
age_group=46-60 & tag=集合吧光合创作者,behavior=effective_view,105,0.0010325499065788179,0.6774193548387096,0.9358344544701587
age_group=19-25 & tag=Vlog日常,behavior=effective_view,42,0.0004130199626315272,0.6774193548387096,0.9358344544701587
tag=传统民族文化斗牛,behavior=effective_view,21,0.0002065099813157636,0.6774193548387096,0.9358344544701587
tag=茄子,behavior=effective_view,21,0.0002065099813157636,0.6774193548387096,0.9358344544701587
tag=搞笑父女,behavior=effective_view,21,0.0002065099813157636,0.6774193548387096,0.9358344544701587
tag=亲子教育 & theme=25,behavior=effective_view,21,0.0002065099813157636,0.6774193548387096,0.9358344544701587
age_group=36-45 & tag=创业,behavior=effective_view,21,0.0002065099813157636,0.6774193548387096,0.9358344544701587
gender=M & tag=女性安全,behavior=effective_view,21,0.0002065099813157636,0.6774193548387096,0.9358344544701587
city_level=五线城市 & tag=财富密码在人间,behavior=effective_view,21,0.0002065099813157636,0.6774193548387096,0.9358344544701587
tag=农民工 & tag=打工人,behavior=effective_view,21,0.0002065099813157636,0.6774193548387096,0.9358344544701587
gender=M & tag=历史影像,behavior=effective_view,21,0.0002065099813157636,0.6774193548387096,0.9358344544701587
gender=M & tag=世间万物皆有灵性,behavior=effective_view,21,0.0002065099813157636,0.6774193548387096,0.9358344544701587
city_level=二线城市 & tag=热爱快手支持正能量,behavior=effective_view,21,0.0002065099813157636,0.6774193548387096,0.9358344544701587
gender=F & tag=搞笑夫妻,behavior=effective_view,21,0.0002065099813157636,0.6774193548387096,0.9358344544701587
age_group=36-45 & tag=喜欢,behavior=effective_view,21,0.0002065099813157636,0.6774193548387096,0.9358344544701587
tag=搞笑父女 & theme=9,behavior=effective_view,21,0.0002065099813157636,0.6774193548387096,0.9358344544701587
tag=王者荣耀 & tag=王者荣耀二次元激励计划,behavior=effective_view,21,0.0002065099813157636,0.6774193548387096,0.9358344544701587
age_group=26-35 & tag=闺蜜,behavior=effective_view,21,0.0002065099813157636,0.6774193548387096,0.9358344544701587
tag=快手放映厅 & tag=快手热点,behavior=effective_view,21,0.0002065099813157636,0.6774193548387096,0.9358344544701587
gender=M & tag=暑期防溺水,behavior=effective_view,21,0.0002065099813157636,0.6774193548387096,0.9358344544701587
tag=我在快手追好剧 & tag=猕猴桃好剧必看,behavior=effective_view,21,0.0002065099813157636,0.6774193548387096,0.9358344544701587
gender=F & tag=鞠婧祎,behavior=effective_view,21,0.0002065099813157636,0.6774193548387096,0.9358344544701587
gender=M & tag=音乐,behavior=effective_view,275,0.0027042973743730946,0.6773399014778325,0.9357246920429396
theme=23,behavior=effective_view,128,0.0012587275051627496,0.6772486772486772,0.9355986685153916
age_group=46-60 & tag=快手音乐人,behavior=effective_view,44,0.00043268757989969517,0.676923076923077,0.935148861463221
gender=M & tag=原创搞笑,behavior=effective_view,44,0.00043268757989969517,0.676923076923077,0.935148861463221
gender=F & tag=美妆百万新星计划,behavior=effective_view,44,0.00043268757989969517,0.676923076923077,0.935148861463221
gender=M & tag=快手美食,behavior=effective_view,67,0.0006588651784836267,0.6767676767676768,0.9349341808246848
tag=家庭婚姻情感 & theme=39,behavior=effective_view,90,0.0008850427770675582,0.6766917293233082,0.9348292617156257
tag=热心市民,behavior=effective_view,46,0.00045235519716786313,0.6764705882352942,0.9345237619568952
city_level=四线城市 & tag=人类幼崽有多可爱,behavior=effective_view,46,0.00045235519716786313,0.6764705882352942,0.9345237619568952
gender=M & tag=剪辑,behavior=effective_view,46,0.00045235519716786313,0.6764705882352942,0.9345237619568952
tag=热心市民 & tag=热爱快手支持正能量,behavior=effective_view,46,0.00045235519716786313,0.6764705882352942,0.9345237619568952
tag=热心市民 & theme=39,behavior=effective_view,46,0.00045235519716786313,0.6764705882352942,0.9345237619568952
tag=婆婆,behavior=effective_view,23,0.00022617759858393157,0.6764705882352942,0.9345237619568952
tag=快手萌娃超有范,behavior=effective_view,23,0.00022617759858393157,0.6764705882352942,0.9345237619568952
tag=沉浸式化妆,behavior=effective_view,23,0.00022617759858393157,0.6764705882352942,0.9345237619568952
tag=一盔一带保平安,behavior=effective_view,23,0.00022617759858393157,0.6764705882352942,0.9345237619568952
city_level=四线城市 & tag=历史故事,behavior=effective_view,23,0.00022617759858393157,0.6764705882352942,0.9345237619568952
tag=社会正能量 & theme=9,behavior=effective_view,23,0.00022617759858393157,0.6764705882352942,0.9345237619568952
age_group=60+ & tag=伤感歌曲,behavior=effective_view,23,0.00022617759858393157,0.6764705882352942,0.9345237619568952
gender=M & tag=二手车,behavior=effective_view,23,0.00022617759858393157,0.6764705882352942,0.9345237619568952
tag=农民工 & tag=好工作,behavior=effective_view,23,0.00022617759858393157,0.6764705882352942,0.9345237619568952
tag=农民工 & theme=11,behavior=effective_view,23,0.00022617759858393157,0.6764705882352942,0.9345237619568952
tag=夏日暴击 & tag=集结吧光合创作者,behavior=effective_view,23,0.00022617759858393157,0.6764705882352942,0.9345237619568952
tag=好人一生平安 & tag=感谢聆听,behavior=effective_view,23,0.00022617759858393157,0.6764705882352942,0.9345237619568952
tag=沉浸式化妆 & theme=4,behavior=effective_view,23,0.00022617759858393157,0.6764705882352942,0.9345237619568952
age_group=60+ & tag=女人,behavior=effective_view,23,0.00022617759858393157,0.6764705882352942,0.9345237619568952
gender=M & tag=军旅人生第一步,behavior=effective_view,23,0.00022617759858393157,0.6764705882352942,0.9345237619568952
tag=乡村爱情 & tag=搞笑视频,behavior=effective_view,23,0.00022617759858393157,0.6764705882352942,0.9345237619568952
age_group=60+ & tag=爱我中华强我国威,behavior=effective_view,23,0.00022617759858393157,0.6764705882352942,0.9345237619568952
city_level=一线城市 & theme=1,behavior=effective_view,23,0.00022617759858393157,0.6764705882352942,0.9345237619568952
age_group=60+ & tag=热爱快手支持正能量,behavior=effective_view,71,0.0006982004130199626,0.6761904761904762,0.9341367955958365
age_group=46-60 & tag=生活小妙招,behavior=effective_view,48,0.0004720228144360311,0.676056338028169,0.9339514877609633
age_group=46-60 & tag=我在快手整活,behavior=effective_view,265,0.002605959288032255,0.6760204081632653,0.9339018517337649
gender=M & theme=36,behavior=effective_view,680,0.006686989871177107,0.6759443339960238,0.9337967575608702
tag=2022光合创作者大会 & theme=11,behavior=effective_view,73,0.0007178680302881306,0.6759259259259259,0.9337713273659476
gender=M & theme=26,behavior=effective_view,150,0.001475071295112597,0.6756756756756757,0.9334256141755122
tag=男人,behavior=effective_view,50,0.000491690431704199,0.6756756756756757,0.9334256141755122
tag=助力乡村振兴,behavior=effective_view,25,0.0002458452158520995,0.6756756756756757,0.9334256141755122
tag=爱国拥军传递正能量,behavior=effective_view,25,0.0002458452158520995,0.6756756756756757,0.9334256141755122
tag=鞠婧祎,behavior=effective_view,25,0.0002458452158520995,0.6756756756756757,0.9334256141755122
age_group=60+ & tag=怀旧经典影视,behavior=effective_view,25,0.0002458452158520995,0.6756756756756757,0.9334256141755122
age_group=46-60 & tag=员工,behavior=effective_view,25,0.0002458452158520995,0.6756756756756757,0.9334256141755122
city_level=四线城市 & tag=一定要看到最后哦,behavior=effective_view,25,0.0002458452158520995,0.6756756756756757,0.9334256141755122
tag=影视剪辑 & tag=搞笑,behavior=effective_view,25,0.0002458452158520995,0.6756756756756757,0.9334256141755122
age_group=46-60 & tag=关爱老人,behavior=effective_view,25,0.0002458452158520995,0.6756756756756757,0.9334256141755122
tag=好人一生平安 & theme=19,behavior=effective_view,25,0.0002458452158520995,0.6756756756756757,0.9334256141755122
gender=M & tag=爱国拥军传递正能量,behavior=effective_view,25,0.0002458452158520995,0.6756756756756757,0.9334256141755122
age_group=60+ & tag=情景剧,behavior=effective_view,25,0.0002458452158520995,0.6756756756756757,0.9334256141755122
city_level=五线城市 & theme=23,behavior=effective_view,25,0.0002458452158520995,0.6756756756756757,0.9334256141755122
tag=哎呀妈呀笑死我了 & tag=看一次笑十次爆笑来袭,behavior=effective_view,25,0.0002458452158520995,0.6756756756756757,0.9334256141755122
tag=哎呀妈呀笑死我了 & tag=逗比家庭搞笑原创作品,behavior=effective_view,25,0.0002458452158520995,0.6756756756756757,0.9334256141755122
tag=看一次笑十次爆笑来袭 & tag=逗比家庭搞笑原创作品,behavior=effective_view,25,0.0002458452158520995,0.6756756756756757,0.9334256141755122
age_group=36-45 & tag=熊出没,behavior=effective_view,25,0.0002458452158520995,0.6756756756756757,0.9334256141755122
age_group=19-25 & theme=12,behavior=effective_view,708,0.006962336512931458,0.6755725190839694,0.9332831064481572
city_level=五线城市 & tag=创作灵感,behavior=effective_view,127,0.0012488936965286655,0.675531914893617,0.9332270129810067
tag=朝阳1号高端轮胎新标杆,behavior=effective_view,154,0.001514406529648933,0.6754385964912281,0.9330980964161524
tag=朝阳1号高端轮胎新标杆 & theme=18,behavior=effective_view,154,0.001514406529648933,0.6754385964912281,0.9330980964161524
city_level=五线城市 & tag=精彩片段,behavior=effective_view,52,0.000511358048972367,0.6753246753246753,0.9329407177525639
tag=快手娱乐星耀计划 & theme=39,behavior=effective_view,52,0.000511358048972367,0.6753246753246753,0.9329407177525639
age_group=46-60 & theme=26,behavior=effective_view,52,0.000511358048972367,0.6753246753246753,0.9329407177525639
tag=爰音乐爱唱歌 & theme=2,behavior=effective_view,52,0.000511358048972367,0.6753246753246753,0.9329407177525639
tag=魔术,behavior=effective_view,54,0.0005310256662405349,0.675,0.9324921885613368
tag=快来钓鱼,behavior=effective_view,27,0.00026551283312026746,0.675,0.9324921885613368
age_group=46-60 & tag=生活,behavior=effective_view,27,0.00026551283312026746,0.675,0.9324921885613368
age_group=46-60 & tag=日常,behavior=effective_view,27,0.00026551283312026746,0.675,0.9324921885613368
city_level=四线城市 & tag=奥特曼,behavior=effective_view,27,0.00026551283312026746,0.675,0.9324921885613368
gender=F & tag=校园生活,behavior=effective_view,27,0.00026551283312026746,0.675,0.9324921885613368
age_group=26-35 & tag=我在快手涨知识,behavior=effective_view,27,0.00026551283312026746,0.675,0.9324921885613368
city_level=五线城市 & tag=员工,behavior=effective_view,27,0.00026551283312026746,0.675,0.9324921885613368
age_group=46-60 & tag=善待老人,behavior=effective_view,27,0.00026551283312026746,0.675,0.9324921885613368
tag=内容过于真实 & theme=19,behavior=effective_view,27,0.00026551283312026746,0.675,0.9324921885613368
gender=F & tag=户外,behavior=effective_view,27,0.00026551283312026746,0.675,0.9324921885613368
tag=怀旧经典影视,behavior=effective_view,85,0.0008358737338971384,0.6746031746031746,0.9319439862165035
city_level=一线城市 & theme=2,behavior=effective_view,145,0.0014259022519421771,0.6744186046511628,0.9316890083816973
age_group=36-45 & tag=感谢快手官大大每次热门推送,behavior=effective_view,58,0.0005703609007768709,0.6744186046511628,0.9316890083816973
tag=影视剪辑 & theme=9,behavior=effective_view,58,0.0005703609007768709,0.6744186046511628,0.9316890083816973
city_level=一线城市 & theme=27,behavior=effective_view,29,0.0002851804503884354,0.6744186046511628,0.9316890083816973
tag=快乐音乐人 & theme=2,behavior=effective_view,29,0.0002851804503884354,0.6744186046511628,0.9316890083816973
age_group=26-35 & tag=生活小妙招,behavior=effective_view,29,0.0002851804503884354,0.6744186046511628,0.9316890083816973
tag=王者荣耀 & theme=20,behavior=effective_view,29,0.0002851804503884354,0.6744186046511628,0.9316890083816973
gender=F & tag=恩恩姥姥,behavior=effective_view,29,0.0002851804503884354,0.6744186046511628,0.9316890083816973
city_level=新一线城市 & theme=11,behavior=effective_view,437,0.0042973743730947,0.6743827160493827,0.9316394293582628
tag=记录生活中的正能量,behavior=effective_view,31,0.0003048480676566034,0.6739130434782609,0.9309905908341848
tag=快手萌娃天团,behavior=effective_view,31,0.0003048480676566034,0.6739130434782609,0.9309905908341848
gender=M & tag=辽宁消防,behavior=effective_view,31,0.0003048480676566034,0.6739130434782609,0.9309905908341848
age_group=46-60 & tag=我的乡村生活,behavior=effective_view,31,0.0003048480676566034,0.6739130434782609,0.9309905908341848
tag=记录生活中的正能量 & theme=25,behavior=effective_view,31,0.0003048480676566034,0.6739130434782609,0.9309905908341848
age_group=46-60 & tag=我妈给我一个大碧斗,behavior=effective_view,31,0.0003048480676566034,0.6739130434782609,0.9309905908341848
gender=F & tag=穿搭,behavior=effective_view,31,0.0003048480676566034,0.6739130434782609,0.9309905908341848
gender=M & tag=热爱快手支持正能量,behavior=effective_view,95,0.0009342118202379781,0.6737588652482269,0.9307775982487732
gender=M & tag=萌宠,behavior=effective_view,64,0.0006293637525813748,0.6736842105263158,0.9306744649968897
tag=新市井匠人 & theme=15,behavior=effective_view,33,0.00032451568492477135,0.673469387755102,0.9303776938026942
age_group=19-25 & tag=传递正能量,behavior=effective_view,33,0.00032451568492477135,0.673469387755102,0.9303776938026942
tag=快手美食,behavior=effective_view,103,0.00101288228931065,0.673202614379085,0.9300091544112098
tag=快手美食 & theme=12,behavior=effective_view,103,0.00101288228931065,0.673202614379085,0.9300091544112098
city_level=三线城市 & tag=三农,behavior=effective_view,70,0.0006883666043858786,0.6730769230769231,0.9298355156594527
tag=全村最靓的仔,behavior=effective_view,35,0.0003441833021929393,0.6730769230769231,0.9298355156594527
age_group=26-35 & tag=农村生活,behavior=effective_view,35,0.0003441833021929393,0.6730769230769231,0.9298355156594527
age_group=19-25 & tag=快手小游戏,behavior=effective_view,35,0.0003441833021929393,0.6730769230769231,0.9298355156594527
gender=M & tag=农民,behavior=effective_view,35,0.0003441833021929393,0.6730769230769231,0.9298355156594527
gender=M & tag=医学常识,behavior=effective_view,35,0.0003441833021929393,0.6730769230769231,0.9298355156594527
city_level=三线城市 & tag=我妈给我一个大碧斗,behavior=effective_view,35,0.0003441833021929393,0.6730769230769231,0.9298355156594527
gender=M & tag=记录农村美好生活,behavior=effective_view,72,0.0007080342216540466,0.6728971962616822,0.9295872284723605
tag=48H倒计时,behavior=effective_view,37,0.0003638509194611073,0.6727272727272727,0.9293524842227464
gender=M & tag=家庭搞笑,behavior=effective_view,37,0.0003638509194611073,0.6727272727272727,0.9293524842227464
tag=影视剪辑 & tag=涨粉,behavior=effective_view,37,0.0003638509194611073,0.6727272727272727,0.9293524842227464
tag=我在快手追好剧 & tag=涨粉,behavior=effective_view,37,0.0003638509194611073,0.6727272727272727,0.9293524842227464
tag=涨粉 & theme=39,behavior=effective_view,37,0.0003638509194611073,0.6727272727272727,0.9293524842227464
tag=推文 & theme=38,behavior=effective_view,37,0.0003638509194611073,0.6727272727272727,0.9293524842227464
city_level=新一线城市 & theme=34,behavior=effective_view,37,0.0003638509194611073,0.6727272727272727,0.9293524842227464
city_level=新一线城市 & tag=快手热点,behavior=effective_view,76,0.0007473694561903826,0.672566371681416,0.9291302042695719
city_level=五线城市 & theme=36,behavior=effective_view,230,0.0022617759858393157,0.672514619883041,0.9290587107173812
tag=短剧,behavior=effective_view,39,0.00038351853672927524,0.6724137931034483,0.9289194215553546
city_level=新一线城市 & tag=音乐,behavior=effective_view,39,0.00038351853672927524,0.6724137931034483,0.9289194215553546
city_level=三线城市 & tag=朝阳1号高端轮胎新标杆,behavior=effective_view,39,0.00038351853672927524,0.6724137931034483,0.9289194215553546
city_level=新一线城市 & tag=2022光合创作者大会,behavior=effective_view,160,0.001573409381453437,0.6722689075630253,0.9287192665410139
age_group=26-35 & tag=育儿,behavior=effective_view,41,0.0004031861539974432,0.6721311475409836,0.928528955215903
age_group=36-45 & tag=家庭婚姻情感,behavior=effective_view,41,0.0004031861539974432,0.6721311475409836,0.928528955215903
tag=家乡美食 & tag=新农人计划2022,behavior=effective_view,41,0.0004031861539974432,0.6721311475409836,0.928528955215903
age_group=60+ & theme=15,behavior=effective_view,600,0.005900285180450388,0.671892497200448,0.9281992669516852
age_group=46-60 & tag=我是爆款王,behavior=effective_view,86,0.0008457075425312223,0.671875,0.928175095095775
tag=好物推荐 & theme=36,behavior=effective_view,43,0.00042285377126561116,0.671875,0.928175095095775
gender=M & tag=快手娱乐星熠计划第七期,behavior=effective_view,43,0.00042285377126561116,0.671875,0.928175095095775
gender=M & tag=男人,behavior=effective_view,43,0.00042285377126561116,0.671875,0.928175095095775
age_group=26-35 & theme=13,behavior=effective_view,260,0.002556790244861835,0.6718346253229974,0.9281193186944111
city_level=新一线城市 & theme=19,behavior=effective_view,262,0.002576457862130003,0.6717948717948717,0.9280644003915297
city_level=三线城市 & tag=我是爆款王,behavior=effective_view,90,0.0008850427770675582,0.6716417910447762,0.9278529239416287
tag=记录我的农村生活 & tag=记录生活,behavior=effective_view,45,0.0004425213885337791,0.6716417910447762,0.9278529239416287
city_level=四线城市 & theme=18,behavior=effective_view,317,0.0031173173370046218,0.6716101694915254,0.9278092397173375
tag=带娃日常,behavior=effective_view,47,0.0004621890058019471,0.6714285714285714,0.9275583674578375
tag=魔术 & theme=15,behavior=effective_view,47,0.0004621890058019471,0.6714285714285714,0.9275583674578375
age_group=19-25 & theme=36,behavior=effective_view,100,0.000983380863408398,0.6711409395973155,0.9271610127380927
city_level=五线城市 & tag=快手粉条,behavior=effective_view,51,0.0005015242403382831,0.6710526315789473,0.9270390178679956
gender=M & tag=农村自建房,behavior=effective_view,53,0.000521191857606451,0.6708860759493671,0.9268089262775593
age_group=60+ & tag=剧星大赛,behavior=effective_view,53,0.000521191857606451,0.6708860759493671,0.9268089262775593
gender=F & tag=玩具,behavior=effective_view,55,0.000540859474874619,0.6707317073170732,0.9265956706571549
age_group=36-45 & tag=光合计划,behavior=effective_view,55,0.000540859474874619,0.6707317073170732,0.9265956706571549
age_group=26-35 & city_level=一线城市,behavior=effective_view,784,0.007709705969121841,0.6706586826347305,0.9264947892558856
tag=2022光合创作者大会 & tag=快手热点,behavior=effective_view,57,0.0005605270921427869,0.6705882352941176,0.9263974683746613
tag=科普 & theme=16,behavior=effective_view,57,0.0005605270921427869,0.6705882352941176,0.9263974683746613
tag=集合吧光合创作者 & theme=39,behavior=effective_view,116,0.0011407218015537417,0.6705202312138728,0.9263035227841153
city_level=三线城市 & theme=2,behavior=effective_view,654,0.006431310846690923,0.6700819672131147,0.9256980742548789
city_level=五线城市 & tag=好物分享,behavior=effective_view,67,0.0006588651784836267,0.67,0.925584839016438
gender=M & tag=剧星大赛,behavior=effective_view,71,0.0006982004130199626,0.6698113207547169,0.9253241843166304
gender=F & tag=快手粉条,behavior=effective_view,71,0.0006982004130199626,0.6698113207547169,0.9253241843166304
city_level=四线城市 & theme=16,behavior=effective_view,215,0.0021142688563280557,0.6697819314641744,0.9252835838960997
city_level=二线城市 & theme=4,behavior=effective_view,215,0.0021142688563280557,0.6697819314641744,0.9252835838960997
gender=M & tag=怀旧经典影视,behavior=effective_view,77,0.0007572032648244665,0.6695652173913044,0.9249841999255772
tag=可怜天下父母心,behavior=effective_view,79,0.0007768708820926344,0.6694915254237288,0.9248823966898381
gender=F & theme=10,behavior=effective_view,241,0.0023699478808142395,0.6694444444444444,0.9248173557336713
city_level=四线城市 & theme=26,behavior=effective_view,81,0.0007965384993608024,0.6694214876033058,0.9247856415484331
tag=怀旧经典影视 & theme=39,behavior=effective_view,83,0.0008162061166289704,0.6693548387096774,0.9246935681074187
gender=M & tag=爱音乐爱唱歌,behavior=effective_view,143,0.0014062346346740092,0.6682242990654206,0.9231317616079693
tag=光合计划 & theme=39,behavior=effective_view,134,0.0013177303569672533,0.6666666666666666,0.9209799393198387
age_group=19-25 & tag=我在快手整活,behavior=effective_view,82,0.0008063723079948864,0.6666666666666666,0.9209799393198387
city_level=五线城市 & tag=我是爆款王,behavior=effective_view,82,0.0008063723079948864,0.6666666666666666,0.9209799393198387
tag=创业,behavior=effective_view,80,0.0007867046907267185,0.6666666666666666,0.9209799393198387
age_group=19-25 & tag=快手弹幕,behavior=effective_view,74,0.0007277018389222146,0.6666666666666666,0.9209799393198387
tag=婚姻,behavior=effective_view,72,0.0007080342216540466,0.6666666666666666,0.9209799393198387
gender=M & tag=经典影视,behavior=effective_view,66,0.0006490313698495427,0.6666666666666666,0.9209799393198387
age_group=19-25 & tag=创作灵感,behavior=effective_view,60,0.0005900285180450389,0.6666666666666666,0.9209799393198387
tag=大侠霍元甲,behavior=effective_view,56,0.0005506932835087029,0.6666666666666666,0.9209799393198387
tag=大侠霍元甲 & theme=39,behavior=effective_view,56,0.0005506932835087029,0.6666666666666666,0.9209799393198387
gender=M & tag=监控下的一幕,behavior=effective_view,52,0.000511358048972367,0.6666666666666666,0.9209799393198387
tag=快手娱乐星耀计划 & tag=我在快手追好剧,behavior=effective_view,50,0.000491690431704199,0.6666666666666666,0.9209799393198387
tag=家乡美食 & tag=快手幸福乡村带头人,behavior=effective_view,50,0.000491690431704199,0.6666666666666666,0.9209799393198387
tag=种植小技巧,behavior=effective_view,46,0.00045235519716786313,0.6666666666666666,0.9209799393198387
tag=农村搞笑生活,behavior=effective_view,46,0.00045235519716786313,0.6666666666666666,0.9209799393198387
tag=农村搞笑生活 & theme=9,behavior=effective_view,46,0.00045235519716786313,0.6666666666666666,0.9209799393198387
gender=M & tag=民间故事,behavior=effective_view,46,0.00045235519716786313,0.6666666666666666,0.9209799393198387
age_group=60+ & tag=艾特你想艾特的人,behavior=effective_view,46,0.00045235519716786313,0.6666666666666666,0.9209799393198387
tag=加油季 & theme=15,behavior=effective_view,46,0.00045235519716786313,0.6666666666666666,0.9209799393198387
tag=工厂实拍,behavior=effective_view,44,0.00043268757989969517,0.6666666666666666,0.9209799393198387
gender=M & tag=光合分助成长,behavior=effective_view,44,0.00043268757989969517,0.6666666666666666,0.9209799393198387
tag=热门 & theme=39,behavior=effective_view,42,0.0004130199626315272,0.6666666666666666,0.9209799393198387
city_level=五线城市 & tag=爱情,behavior=effective_view,42,0.0004130199626315272,0.6666666666666666,0.9209799393198387
tag=涨粉,behavior=effective_view,38,0.0003736847280951913,0.6666666666666666,0.9209799393198387
age_group=46-60 & tag=笑点不打烊计划,behavior=effective_view,38,0.0003736847280951913,0.6666666666666666,0.9209799393198387
tag=影视合集激励计划 & theme=39,behavior=effective_view,38,0.0003736847280951913,0.6666666666666666,0.9209799393198387
city_level=三线城市 & tag=搞笑段子,behavior=effective_view,36,0.0003540171108270233,0.6666666666666666,0.9209799393198387
gender=F & tag=快手美食,behavior=effective_view,36,0.0003540171108270233,0.6666666666666666,0.9209799393198387
tag=涨知识 & tag=科普,behavior=effective_view,36,0.0003540171108270233,0.6666666666666666,0.9209799393198387
age_group=60+ & tag=育儿,behavior=effective_view,36,0.0003540171108270233,0.6666666666666666,0.9209799393198387
gender=F & tag=快手热度,behavior=effective_view,36,0.0003540171108270233,0.6666666666666666,0.9209799393198387
tag=巴基斯坦星光村,behavior=effective_view,34,0.00033434949355885536,0.6666666666666666,0.9209799393198387
city_level=五线城市 & tag=朝阳1号高端轮胎新标杆,behavior=effective_view,34,0.00033434949355885536,0.6666666666666666,0.9209799393198387
gender=F & theme=23,behavior=effective_view,34,0.00033434949355885536,0.6666666666666666,0.9209799393198387
gender=M & tag=父女日常,behavior=effective_view,34,0.00033434949355885536,0.6666666666666666,0.9209799393198387
age_group=26-35 & tag=手艺人,behavior=effective_view,34,0.00033434949355885536,0.6666666666666666,0.9209799393198387
gender=M & tag=好精彩屏分享,behavior=effective_view,32,0.0003146818762906874,0.6666666666666666,0.9209799393198387
tag=思维格局,behavior=effective_view,30,0.00029501425902251943,0.6666666666666666,0.9209799393198387
city_level=三线城市 & tag=我的观影报告,behavior=effective_view,30,0.00029501425902251943,0.6666666666666666,0.9209799393198387
age_group=46-60 & tag=秋天的第一首歌,behavior=effective_view,30,0.00029501425902251943,0.6666666666666666,0.9209799393198387
gender=M & tag=涨粉,behavior=effective_view,30,0.00029501425902251943,0.6666666666666666,0.9209799393198387
gender=M & tag=情景剧,behavior=effective_view,30,0.00029501425902251943,0.6666666666666666,0.9209799393198387
tag=斗罗大陆唐三小舞,behavior=effective_view,28,0.00027534664175435147,0.6666666666666666,0.9209799393198387
tag=象棋,behavior=effective_view,28,0.00027534664175435147,0.6666666666666666,0.9209799393198387
gender=M & tag=种植小技巧,behavior=effective_view,28,0.00027534664175435147,0.6666666666666666,0.9209799393198387
tag=正能量专递 & theme=13,behavior=effective_view,28,0.00027534664175435147,0.6666666666666666,0.9209799393198387
age_group=46-60 & tag=可怜天下父母心,behavior=effective_view,28,0.00027534664175435147,0.6666666666666666,0.9209799393198387
gender=M & tag=抗战剧,behavior=effective_view,28,0.00027534664175435147,0.6666666666666666,0.9209799393198387
age_group=26-35 & tag=寻找1000位科普达人,behavior=effective_view,28,0.00027534664175435147,0.6666666666666666,0.9209799393198387
tag=人间温暖 & tag=正能量,behavior=effective_view,28,0.00027534664175435147,0.6666666666666666,0.9209799393198387
tag=人间温暖 & theme=19,behavior=effective_view,28,0.00027534664175435147,0.6666666666666666,0.9209799393198387
age_group=26-35 & tag=正能量专递,behavior=effective_view,26,0.0002556790244861835,0.6666666666666666,0.9209799393198387
tag=正能量 & theme=9,behavior=effective_view,26,0.0002556790244861835,0.6666666666666666,0.9209799393198387
city_level=五线城市 & tag=家庭教育,behavior=effective_view,26,0.0002556790244861835,0.6666666666666666,0.9209799393198387
age_group=19-25 & theme=30,behavior=effective_view,26,0.0002556790244861835,0.6666666666666666,0.9209799393198387
tag=感谢快手平台,behavior=effective_view,24,0.00023601140721801555,0.6666666666666666,0.9209799393198387
tag=美国生活,behavior=effective_view,24,0.00023601140721801555,0.6666666666666666,0.9209799393198387
tag=铁齿铜牙纪晓岚,behavior=effective_view,24,0.00023601140721801555,0.6666666666666666,0.9209799393198387
age_group=60+ & tag=父女日常,behavior=effective_view,24,0.00023601140721801555,0.6666666666666666,0.9209799393198387
age_group=46-60 & tag=今天拍点啥,behavior=effective_view,24,0.00023601140721801555,0.6666666666666666,0.9209799393198387
tag=宝妈 & theme=9,behavior=effective_view,24,0.00023601140721801555,0.6666666666666666,0.9209799393198387
gender=M & tag=李易峰,behavior=effective_view,24,0.00023601140721801555,0.6666666666666666,0.9209799393198387
age_group=26-35 & tag=汽车知识,behavior=effective_view,24,0.00023601140721801555,0.6666666666666666,0.9209799393198387
city_level=二线城市 & tag=持续更新下集更精彩,behavior=effective_view,24,0.00023601140721801555,0.6666666666666666,0.9209799393198387
tag=上快手看台球,behavior=effective_view,22,0.00021634378994984759,0.6666666666666666,0.9209799393198387
city_level=二线城市 & tag=农村生活,behavior=effective_view,22,0.00021634378994984759,0.6666666666666666,0.9209799393198387
gender=M & tag=上快手看台球,behavior=effective_view,22,0.00021634378994984759,0.6666666666666666,0.9209799393198387
tag=上快手看台球 & theme=7,behavior=effective_view,22,0.00021634378994984759,0.6666666666666666,0.9209799393198387
age_group=46-60 & tag=萌宠,behavior=effective_view,22,0.00021634378994984759,0.6666666666666666,0.9209799393198387
age_group=46-60 & tag=原创作品,behavior=effective_view,22,0.00021634378994984759,0.6666666666666666,0.9209799393198387
tag=我在快手整活 & theme=6,behavior=effective_view,22,0.00021634378994984759,0.6666666666666666,0.9209799393198387
gender=F & tag=记录生活中的正能量,behavior=effective_view,22,0.00021634378994984759,0.6666666666666666,0.9209799393198387
city_level=四线城市 & tag=快手三农,behavior=effective_view,22,0.00021634378994984759,0.6666666666666666,0.9209799393198387
city_level=三线城市 & tag=婆媳,behavior=effective_view,22,0.00021634378994984759,0.6666666666666666,0.9209799393198387
gender=F & tag=我在快手追剧,behavior=effective_view,22,0.00021634378994984759,0.6666666666666666,0.9209799393198387
tag=美食 & tag=记录生活,behavior=effective_view,22,0.00021634378994984759,0.6666666666666666,0.9209799393198387
city_level=三线城市 & tag=经典老歌,behavior=effective_view,22,0.00021634378994984759,0.6666666666666666,0.9209799393198387
tag=新光合计划 & theme=11,behavior=effective_view,22,0.00021634378994984759,0.6666666666666666,0.9209799393198387
tag=宝妈 & tag=记录生活,behavior=effective_view,22,0.00021634378994984759,0.6666666666666666,0.9209799393198387
gender=M & tag=吹糖人,behavior=effective_view,22,0.00021634378994984759,0.6666666666666666,0.9209799393198387
tag=夫妻感情 & tag=爱情,behavior=effective_view,22,0.00021634378994984759,0.6666666666666666,0.9209799393198387
tag=夫妻感情 & theme=19,behavior=effective_view,22,0.00021634378994984759,0.6666666666666666,0.9209799393198387
age_group=19-25 & tag=懒人神器,behavior=effective_view,22,0.00021634378994984759,0.6666666666666666,0.9209799393198387
tag=王健林,behavior=effective_view,20,0.00019667617268167962,0.6666666666666666,0.9209799393198387
gender=M & tag=甜甜的恋爱,behavior=effective_view,20,0.00019667617268167962,0.6666666666666666,0.9209799393198387
age_group=60+ & tag=消防安全,behavior=effective_view,20,0.00019667617268167962,0.6666666666666666,0.9209799393198387
age_group=60+ & tag=辽宁消防,behavior=effective_view,20,0.00019667617268167962,0.6666666666666666,0.9209799393198387
age_group=46-60 & tag=中医,behavior=effective_view,20,0.00019667617268167962,0.6666666666666666,0.9209799393198387
city_level=新一线城市 & tag=Vlog日常,behavior=effective_view,20,0.00019667617268167962,0.6666666666666666,0.9209799393198387
city_level=五线城市 & tag=剪辑,behavior=effective_view,20,0.00019667617268167962,0.6666666666666666,0.9209799393198387
gender=M & tag=上学时代的我们,behavior=effective_view,20,0.00019667617268167962,0.6666666666666666,0.9209799393198387
city_level=五线城市 & tag=快手有萌宠,behavior=effective_view,20,0.00019667617268167962,0.6666666666666666,0.9209799393198387
city_level=五线城市 & tag=无名健美健身,behavior=effective_view,20,0.00019667617268167962,0.6666666666666666,0.9209799393198387
city_level=五线城市 & tag=胖胖胖无名,behavior=effective_view,20,0.00019667617268167962,0.6666666666666666,0.9209799393198387
tag=持续关注持续精彩 & tag=野生动物,behavior=effective_view,20,0.00019667617268167962,0.6666666666666666,0.9209799393198387
gender=M & tag=又一年军训季,behavior=effective_view,20,0.00019667617268167962,0.6666666666666666,0.9209799393198387
age_group=46-60 & tag=婆媳,behavior=effective_view,20,0.00019667617268167962,0.6666666666666666,0.9209799393198387
tag=美国生活 & theme=11,behavior=effective_view,20,0.00019667617268167962,0.6666666666666666,0.9209799393198387
age_group=46-60 & tag=一定要看到最后哦,behavior=effective_view,20,0.00019667617268167962,0.6666666666666666,0.9209799393198387
gender=M & tag=夫妻感情,behavior=effective_view,20,0.00019667617268167962,0.6666666666666666,0.9209799393198387
gender=M & tag=快来钓鱼,behavior=effective_view,20,0.00019667617268167962,0.6666666666666666,0.9209799393198387
age_group=60+ & tag=保安,behavior=effective_view,20,0.00019667617268167962,0.6666666666666666,0.9209799393198387
gender=F & tag=外卖小哥,behavior=effective_view,20,0.00019667617268167962,0.6666666666666666,0.9209799393198387
city_level=新一线城市 & theme=12,behavior=effective_view,505,0.00496607336021241,0.6662269129287599,0.9203724327635592
gender=M & theme=2,behavior=effective_view,1923,0.018910414003343496,0.6656282450674974,0.9195453911277518
tag=爱音乐爱快手,behavior=effective_view,161,0.0015832431900875208,0.6652892561983471,0.9190770882055416
tag=剧星大赛,behavior=effective_view,137,0.0013472317828695053,0.6650485436893204,0.9187445511176062
tag=汽车知识,behavior=effective_view,91,0.0008948765857016422,0.6642335766423357,0.9176186986653867
tag=汽车知识 & theme=18,behavior=effective_view,91,0.0008948765857016422,0.6642335766423357,0.9176186986653867
gender=M & tag=生活小妙招,behavior=effective_view,87,0.0008555413511653063,0.6641221374045801,0.9174647487117478
tag=可怜天下父母心 & theme=39,behavior=effective_view,69,0.0006785327957517947,0.6634615384615384,0.9165521511500317
gender=F & tag=儿童,behavior=effective_view,65,0.0006391975612154587,0.6632653061224489,0.916281062078411
tag=2022光合创作者大会 & tag=剧星大赛,behavior=effective_view,65,0.0006391975612154587,0.6632653061224489,0.916281062078411
age_group=36-45 & tag=我是爆款王,behavior=effective_view,65,0.0006391975612154587,0.6632653061224489,0.916281062078411
city_level=新一线城市 & tag=追剧一夏,behavior=effective_view,122,0.0011997246533582456,0.6630434782608695,0.9159746135626656
tag=百善孝为先 & theme=39,behavior=effective_view,61,0.0005998623266791228,0.6630434782608695,0.9159746135626656
city_level=三线城市 & theme=36,behavior=effective_view,238,0.0023404464549119874,0.6629526462395543,0.9158491318584469
tag=光合分助成长,behavior=effective_view,59,0.0005801947094109549,0.6629213483146067,0.9158058947169182
tag=2022光合创作者大会 & theme=25,behavior=effective_view,59,0.0005801947094109549,0.6629213483146067,0.9158058947169182
gender=M & tag=集合吧光合创作者,behavior=effective_view,293,0.0028813059297866065,0.6628959276018099,0.9157707767671247
theme=2,behavior=effective_view,2924,0.02875405644606156,0.6628882339605532,0.915760148233238
tag=集结吧光合创作者 & theme=13,behavior=effective_view,57,0.0005605270921427869,0.6627906976744186,0.9156254047889094
city_level=一线城市 & gender=F,behavior=effective_view,634,0.0062346346740092436,0.6624869383490073,0.9152057704212817
tag=手机摄影,behavior=effective_view,104,0.001022716097944734,0.6624203821656051,0.9151138250566551
tag=我在快手整活 & theme=9,behavior=effective_view,51,0.0005015242403382831,0.6623376623376623,0.9149995501034761
tag=集结吧光合创作者 & theme=15,behavior=effective_view,100,0.000983380863408398,0.6622516556291391,0.9148807344236809
tag=搞笑夫妻日常,behavior=effective_view,49,0.00048185662307011505,0.6621621621621622,0.914757101892002
age_group=26-35 & tag=创作灵感,behavior=effective_view,94,0.0009243780116038942,0.6619718309859155,0.9144941650992765
age_group=36-45 & theme=12,behavior=effective_view,932,0.00916510964696627,0.6619318181818182,0.9144388886144422
age_group=19-25 & tag=快手放映厅,behavior=effective_view,43,0.00042285377126561116,0.6615384615384615,0.9138954782481477
gender=F & tag=好吃,behavior=effective_view,41,0.0004031861539974432,0.6612903225806451,0.9135526817446787
city_level=四线城市 & tag=生活小妙招,behavior=effective_view,41,0.0004031861539974432,0.6612903225806451,0.9135526817446787
tag=热门 & theme=12,behavior=effective_view,41,0.0004031861539974432,0.6612903225806451,0.9135526817446787
gender=F & tag=家庭百态,behavior=effective_view,41,0.0004031861539974432,0.6612903225806451,0.9135526817446787
tag=李易峰,behavior=effective_view,39,0.00038351853672927524,0.6610169491525424,0.9131750245798401
city_level=五线城市 & tag=汽车,behavior=effective_view,39,0.00038351853672927524,0.6610169491525424,0.9131750245798401
gender=F & tag=记录真实生活,behavior=effective_view,39,0.00038351853672927524,0.6610169491525424,0.9131750245798401
gender=F & tag=朝阳1号高端轮胎新标杆,behavior=effective_view,39,0.00038351853672927524,0.6610169491525424,0.9131750245798401
tag=剧星大赛 & tag=追剧一夏,behavior=effective_view,74,0.0007277018389222146,0.6607142857142857,0.9127569041473401
city_level=二线城市 & theme=27,behavior=effective_view,74,0.0007277018389222146,0.6607142857142857,0.9127569041473401
tag=好精彩屏分享,behavior=effective_view,37,0.0003638509194611073,0.6607142857142857,0.9127569041473401
gender=F & tag=感谢快手平台推荐我要上热门,behavior=effective_view,37,0.0003638509194611073,0.6607142857142857,0.9127569041473401
age_group=19-25 & tag=音乐,behavior=effective_view,37,0.0003638509194611073,0.6607142857142857,0.9127569041473401
tag=快手暴汗健身房,behavior=effective_view,72,0.0007080342216540466,0.6605504587155964,0.9125305820783723
tag=快手暴汗健身房 & theme=7,behavior=effective_view,72,0.0007080342216540466,0.6605504587155964,0.9125305820783723
tag=快手弹幕 & tag=快手影视高热计划,behavior=effective_view,70,0.0006883666043858786,0.660377358490566,0.9122914493262553
tag=婚姻 & tag=情感,behavior=effective_view,35,0.0003441833021929393,0.660377358490566,0.9122914493262553
age_group=36-45 & theme=34,behavior=effective_view,68,0.0006686989871177107,0.6601941747572816,0.9120383865109083
city_level=一线城市 & theme=7,behavior=effective_view,99,0.000973547054774314,0.66,0.9117701399266404
gender=F & tag=剧星大赛,behavior=effective_view,66,0.0006490313698495427,0.66,0.9117701399266404
gender=M & tag=农村搞笑生活,behavior=effective_view,33,0.00032451568492477135,0.66,0.9117701399266404
age_group=19-25 & tag=好剧推荐,behavior=effective_view,33,0.00032451568492477135,0.66,0.9117701399266404
tag=农民工,behavior=effective_view,31,0.0003048480676566034,0.6595744680851063,0.9111822803909042
city_level=三线城市 & tag=爱音乐爱快手,behavior=effective_view,31,0.0003048480676566034,0.6595744680851063,0.9111822803909042
city_level=五线城市 & tag=感谢快手平台推荐我要上热门,behavior=effective_view,31,0.0003048480676566034,0.6595744680851063,0.9111822803909042
tag=巴基斯坦星光村 & theme=11,behavior=effective_view,31,0.0003048480676566034,0.6595744680851063,0.9111822803909042
gender=M & tag=医学知识科普,behavior=effective_view,31,0.0003048480676566034,0.6595744680851063,0.9111822803909042
city_level=五线城市 & tag=美食,behavior=effective_view,151,0.001484905103746681,0.6593886462882096,0.9109255731700588
tag=快手热点上热门,behavior=effective_view,29,0.0002851804503884354,0.6590909090909091,0.9105142581912041
tag=西游记,behavior=effective_view,29,0.0002851804503884354,0.6590909090909091,0.9105142581912041
tag=快手弹幕 & theme=6,behavior=effective_view,29,0.0002851804503884354,0.6590909090909091,0.9105142581912041
tag=我在快手追综艺 & theme=39,behavior=effective_view,29,0.0002851804503884354,0.6590909090909091,0.9105142581912041
age_group=36-45 & theme=10,behavior=effective_view,166,0.0016324122332579407,0.6587301587301587,0.9100158924231739
tag=笑死人不偿命,behavior=effective_view,27,0.00026551283312026746,0.6585365853658537,0.9097484766452066
tag=每日一笑,behavior=effective_view,27,0.00026551283312026746,0.6585365853658537,0.9097484766452066
tag=鞋狗的日常,behavior=effective_view,27,0.00026551283312026746,0.6585365853658537,0.9097484766452066
tag=搞笑视频 & tag=满级人类,behavior=effective_view,27,0.00026551283312026746,0.6585365853658537,0.9097484766452066
age_group=60+ & tag=一定要看到最后哦,behavior=effective_view,27,0.00026551283312026746,0.6585365853658537,0.9097484766452066
age_group=46-60 & tag=持续更新下集更精彩,behavior=effective_view,27,0.00026551283312026746,0.6585365853658537,0.9097484766452066
tag=家庭教育 & tag=育儿,behavior=effective_view,27,0.00026551283312026746,0.6585365853658537,0.9097484766452066
tag=好工作 & tag=打工人,behavior=effective_view,27,0.00026551283312026746,0.6585365853658537,0.9097484766452066
tag=笑死人不偿命 & theme=9,behavior=effective_view,27,0.00026551283312026746,0.6585365853658537,0.9097484766452066
tag=天生我有戏 & tag=支持快手传递正能量,behavior=effective_view,27,0.00026551283312026746,0.6585365853658537,0.9097484766452066
tag=单机游戏 & theme=3,behavior=effective_view,27,0.00026551283312026746,0.6585365853658537,0.9097484766452066
gender=M & tag=企业家精神,behavior=effective_view,27,0.00026551283312026746,0.6585365853658537,0.9097484766452066
gender=F & tag=夏日星光大赏,behavior=effective_view,27,0.00026551283312026746,0.6585365853658537,0.9097484766452066
gender=F & tag=持续更新下集更精彩,behavior=effective_view,27,0.00026551283312026746,0.6585365853658537,0.9097484766452066
gender=M & tag=陈翔六点半,behavior=effective_view,27,0.00026551283312026746,0.6585365853658537,0.9097484766452066
tag=剧星大赛 & theme=39,behavior=effective_view,133,0.0013078965483331695,0.6584158415841584,0.9095816727440982
tag=快手音乐人 & tag=爱音乐爱唱歌,behavior=effective_view,52,0.000511358048972367,0.6582278481012658,0.9093219654043977
city_level=三线城市 & tag=出发吧老妈,behavior=effective_view,52,0.000511358048972367,0.6582278481012658,0.9093219654043977
gender=F & tag=创作灵感,behavior=effective_view,175,0.0017209165109646966,0.6578947368421053,0.9088617822235251
tag=创作灵感 & theme=39,behavior=effective_view,100,0.000983380863408398,0.6578947368421053,0.9088617822235251
city_level=五线城市 & tag=快手放映厅,behavior=effective_view,50,0.000491690431704199,0.6578947368421053,0.9088617822235251
tag=双胞胎,behavior=effective_view,25,0.0002458452158520995,0.6578947368421053,0.9088617822235251
gender=F & tag=社会正能量,behavior=effective_view,25,0.0002458452158520995,0.6578947368421053,0.9088617822235251
city_level=三线城市 & theme=23,behavior=effective_view,25,0.0002458452158520995,0.6578947368421053,0.9088617822235251
age_group=26-35 & tag=萌娃搞笑瞬间,behavior=effective_view,25,0.0002458452158520995,0.6578947368421053,0.9088617822235251
age_group=60+ & tag=婚姻,behavior=effective_view,25,0.0002458452158520995,0.6578947368421053,0.9088617822235251
city_level=四线城市 & tag=百善孝为先,behavior=effective_view,25,0.0002458452158520995,0.6578947368421053,0.9088617822235251
tag=双胞胎 & theme=25,behavior=effective_view,25,0.0002458452158520995,0.6578947368421053,0.9088617822235251
tag=快来钓鱼 & theme=11,behavior=effective_view,25,0.0002458452158520995,0.6578947368421053,0.9088617822235251
gender=F & theme=2,behavior=effective_view,1001,0.009843642442718065,0.6576872536136662,0.9085751503868186
city_level=三线城市 & tag=我在快手整活,behavior=effective_view,217,0.0021339364735962238,0.6575757575757576,0.9084211219654773
age_group=36-45 & tag=人类幼崽有多可爱,behavior=effective_view,48,0.0004720228144360311,0.6575342465753424,0.9083637757675121
gender=F & tag=我在快手整活,behavior=effective_view,334,0.0032844920837840495,0.65748031496063,0.9082892708646442
age_group=46-60 & city_level=新一线城市,behavior=effective_view,1421,0.013973842069033337,0.6572617946345976,0.90798739160973
tag=快手热度,behavior=effective_view,92,0.0009047103943357263,0.6571428571428571,0.9078230830438411
age_group=60+ & tag=朝阳1号高端轮胎新标杆,behavior=effective_view,69,0.0006785327957517947,0.6571428571428571,0.9078230830438411
gender=F & tag=快手放映厅,behavior=effective_view,69,0.0006785327957517947,0.6571428571428571,0.9078230830438411
tag=农民爱唱歌,behavior=effective_view,46,0.00045235519716786313,0.6571428571428571,0.9078230830438411
gender=M & tag=热门用快影,behavior=effective_view,46,0.00045235519716786313,0.6571428571428571,0.9078230830438411
tag=农民爱唱歌 & theme=2,behavior=effective_view,46,0.00045235519716786313,0.6571428571428571,0.9078230830438411
gender=M & tag=打击拐卖,behavior=effective_view,23,0.00022617759858393157,0.6571428571428571,0.9078230830438411
gender=F & tag=健康科普,behavior=effective_view,23,0.00022617759858393157,0.6571428571428571,0.9078230830438411
gender=M & tag=快手热门,behavior=effective_view,23,0.00022617759858393157,0.6571428571428571,0.9078230830438411
gender=M & tag=快影10秒智能成片,behavior=effective_view,23,0.00022617759858393157,0.6571428571428571,0.9078230830438411
tag=真人真事传递正能量 & theme=19,behavior=effective_view,23,0.00022617759858393157,0.6571428571428571,0.9078230830438411
city_level=二线城市 & tag=快手粉条,behavior=effective_view,23,0.00022617759858393157,0.6571428571428571,0.9078230830438411
gender=M & tag=每天分享汽车知识,behavior=effective_view,23,0.00022617759858393157,0.6571428571428571,0.9078230830438411
gender=F & tag=快手美食家,behavior=effective_view,67,0.0006588651784836267,0.6568627450980392,0.9074361166827822
tag=钓鱼,behavior=effective_view,44,0.00043268757989969517,0.6567164179104478,0.907233970076259
gender=F & tag=人类幼崽到底有多可爱,behavior=effective_view,44,0.00043268757989969517,0.6567164179104478,0.907233970076259
city_level=四线城市 & theme=2,behavior=effective_view,746,0.00733602124102665,0.6566901408450704,0.907197669101144
tag=可怜天下父母心 & tag=善待老人,behavior=effective_view,65,0.0006391975612154587,0.6565656565656566,0.9070256978149928
tag=可怜天下父母心 & tag=追剧一夏,behavior=effective_view,65,0.0006391975612154587,0.6565656565656566,0.9070256978149928
tag=善待老人 & tag=追剧一夏,behavior=effective_view,65,0.0006391975612154587,0.6565656565656566,0.9070256978149928
city_level=四线城市 & tag=快手弹幕,behavior=effective_view,126,0.0012390598878945815,0.65625,0.9065896277679663
tag=苹果手机,behavior=effective_view,21,0.0002065099813157636,0.65625,0.9065896277679663
gender=F & tag=支持快手传递正能量,behavior=effective_view,21,0.0002065099813157636,0.65625,0.9065896277679663
tag=助力乡村振兴 & tag=正能量专递,behavior=effective_view,21,0.0002065099813157636,0.65625,0.9065896277679663
tag=助力乡村振兴 & tag=记录农村美好生活,behavior=effective_view,21,0.0002065099813157636,0.65625,0.9065896277679663
tag=助力乡村振兴 & theme=13,behavior=effective_view,21,0.0002065099813157636,0.65625,0.9065896277679663
tag=正能量专递 & tag=记录农村美好生活,behavior=effective_view,21,0.0002065099813157636,0.65625,0.9065896277679663
city_level=二线城市 & tag=人类幼崽成长计划,behavior=effective_view,21,0.0002065099813157636,0.65625,0.9065896277679663
tag=我在快手涨知识 & theme=16,behavior=effective_view,21,0.0002065099813157636,0.65625,0.9065896277679663
tag=感谢官方大大让我上一次热门 & theme=9,behavior=effective_view,21,0.0002065099813157636,0.65625,0.9065896277679663
gender=M & tag=影视合集激励计划,behavior=effective_view,21,0.0002065099813157636,0.65625,0.9065896277679663
city_level=五线城市 & tag=fyp,behavior=effective_view,21,0.0002065099813157636,0.65625,0.9065896277679663
tag=感谢官方大大让我上一次热门 & theme=18,behavior=effective_view,21,0.0002065099813157636,0.65625,0.9065896277679663
tag=反转 & theme=9,behavior=effective_view,21,0.0002065099813157636,0.65625,0.9065896277679663
tag=夏日暴击 & tag=我在快手整活,behavior=effective_view,21,0.0002065099813157636,0.65625,0.9065896277679663
tag=全村最靓的仔 & tag=精神小伙,behavior=effective_view,21,0.0002065099813157636,0.65625,0.9065896277679663
tag=全村最靓的仔 & tag=追剧一夏,behavior=effective_view,21,0.0002065099813157636,0.65625,0.9065896277679663
tag=全村最靓的仔 & theme=39,behavior=effective_view,21,0.0002065099813157636,0.65625,0.9065896277679663
tag=精神小伙 & tag=追剧一夏,behavior=effective_view,21,0.0002065099813157636,0.65625,0.9065896277679663
tag=精神小伙 & theme=39,behavior=effective_view,21,0.0002065099813157636,0.65625,0.9065896277679663
tag=剧情 & tag=短剧,behavior=effective_view,21,0.0002065099813157636,0.65625,0.9065896277679663
gender=M & tag=婚姻,behavior=effective_view,40,0.00039335234536335925,0.6557377049180327,0.9058819075277101
tag=爱音乐爱唱歌 & theme=2,behavior=effective_view,198,0.001947094109548628,0.6556291390728477,0.905731927079444
tag=剧星计划 & tag=天生我有戏,behavior=effective_view,99,0.000973547054774314,0.6556291390728477,0.905731927079444
age_group=36-45 & theme=22,behavior=effective_view,114,0.0011210541842855738,0.6551724137931034,0.905100974848807
age_group=36-45 & tag=美食,behavior=effective_view,95,0.0009342118202379781,0.6551724137931034,0.905100974848807
gender=M & tag=家乡美食,behavior=effective_view,76,0.0007473694561903826,0.6551724137931034,0.905100974848807
tag=情感音乐分享,behavior=effective_view,38,0.0003736847280951913,0.6551724137931034,0.905100974848807
tag=懒人神器,behavior=effective_view,38,0.0003736847280951913,0.6551724137931034,0.905100974848807
gender=F & tag=家常美食,behavior=effective_view,38,0.0003736847280951913,0.6551724137931034,0.905100974848807
gender=F & tag=炸丸子,behavior=effective_view,38,0.0003736847280951913,0.6551724137931034,0.905100974848807
tag=情感音乐分享 & theme=2,behavior=effective_view,38,0.0003736847280951913,0.6551724137931034,0.905100974848807
tag=好物分享 & theme=11,behavior=effective_view,38,0.0003736847280951913,0.6551724137931034,0.905100974848807
tag=天生我有戏 & tag=百善孝为先,behavior=effective_view,38,0.0003736847280951913,0.6551724137931034,0.905100974848807
tag=感谢快手平台推荐我要上热门,behavior=effective_view,108,0.0010620513324810699,0.6545454545454545,0.9042348495140234
tag=退伍不褪色,behavior=effective_view,36,0.0003540171108270233,0.6545454545454545,0.9042348495140234
tag=5G数智新农村,behavior=effective_view,36,0.0003540171108270233,0.6545454545454545,0.9042348495140234
city_level=一线城市 & theme=22,behavior=effective_view,36,0.0003540171108270233,0.6545454545454545,0.9042348495140234
city_level=五线城市 & tag=爱音乐爱快手,behavior=effective_view,36,0.0003540171108270233,0.6545454545454545,0.9042348495140234
gender=F & tag=经典老歌,behavior=effective_view,36,0.0003540171108270233,0.6545454545454545,0.9042348495140234
city_level=四线城市 & tag=快手美食家,behavior=effective_view,36,0.0003540171108270233,0.6545454545454545,0.9042348495140234
age_group=26-35 & tag=新农人计划2022,behavior=effective_view,36,0.0003540171108270233,0.6545454545454545,0.9042348495140234
city_level=二线城市 & tag=电影解说,behavior=effective_view,36,0.0003540171108270233,0.6545454545454545,0.9042348495140234
city_level=二线城市 & theme=26,behavior=effective_view,36,0.0003540171108270233,0.6545454545454545,0.9042348495140234
city_level=五线城市 & tag=快手弹幕,behavior=effective_view,142,0.0013964008260399252,0.6543778801843319,0.904003350576616
gender=M & theme=4,behavior=effective_view,442,0.004346543416265119,0.6538461538461539,0.903268786640611
tag=善待老人 & theme=39,behavior=effective_view,68,0.0006686989871177107,0.6538461538461539,0.903268786640611
tag=妆前妆后,behavior=effective_view,34,0.00033434949355885536,0.6538461538461539,0.903268786640611
city_level=五线城市 & tag=健康科普在快手,behavior=effective_view,34,0.00033434949355885536,0.6538461538461539,0.903268786640611
tag=快手粉条 & theme=39,behavior=effective_view,34,0.00033434949355885536,0.6538461538461539,0.903268786640611
city_level=五线城市 & tag=寻找1000位科普达人,behavior=effective_view,34,0.00033434949355885536,0.6538461538461539,0.903268786640611
tag=情感 & theme=11,behavior=effective_view,34,0.00033434949355885536,0.6538461538461539,0.903268786640611
gender=F & tag=找工作,behavior=effective_view,34,0.00033434949355885536,0.6538461538461539,0.903268786640611
tag=冬季必备 & tag=懒人神器,behavior=effective_view,34,0.00033434949355885536,0.6538461538461539,0.903268786640611
tag=冬季必备 & tag=闺蜜,behavior=effective_view,34,0.00033434949355885536,0.6538461538461539,0.903268786640611
tag=冬季必备 & theme=27,behavior=effective_view,34,0.00033434949355885536,0.6538461538461539,0.903268786640611
tag=懒人神器 & tag=闺蜜,behavior=effective_view,34,0.00033434949355885536,0.6538461538461539,0.903268786640611
tag=懒人神器 & theme=27,behavior=effective_view,34,0.00033434949355885536,0.6538461538461539,0.903268786640611
tag=闺蜜 & theme=27,behavior=effective_view,34,0.00033434949355885536,0.6538461538461539,0.903268786640611
age_group=46-60 & tag=快手粉条,behavior=effective_view,49,0.00048185662307011505,0.6533333333333333,0.9025603405334419
tag=用快影上热门,behavior=effective_view,32,0.0003146818762906874,0.6530612244897959,0.9021844303541277
city_level=五线城市 & tag=专治各种不开心,behavior=effective_view,32,0.0003146818762906874,0.6530612244897959,0.9021844303541277
tag=天生我有戏 & tag=快手弹幕,behavior=effective_view,126,0.0012390598878945815,0.6528497409326425,0.9018922721836763
tag=爱音乐爱唱歌,behavior=effective_view,220,0.002163437899498476,0.6528189910979229,0.901849792212305
city_level=三线城市 & tag=精彩片段,behavior=effective_view,47,0.0004621890058019471,0.6527777777777778,0.9017928572506755
tag=善待老人,behavior=effective_view,75,0.0007375356475562985,0.6521739130434783,0.9009586362911466
tag=一定要看到最后哦 & theme=9,behavior=effective_view,45,0.0004425213885337791,0.6521739130434783,0.9009586362911466
tag=电视剧,behavior=effective_view,30,0.00029501425902251943,0.6521739130434783,0.9009586362911466
tag=支持快手感谢官方给我热门,behavior=effective_view,30,0.00029501425902251943,0.6521739130434783,0.9009586362911466
tag=快影达人 & tag=快手影视高热计划,behavior=effective_view,30,0.00029501425902251943,0.6521739130434783,0.9009586362911466
tag=2022光合创作者大会 & theme=7,behavior=effective_view,30,0.00029501425902251943,0.6521739130434783,0.9009586362911466
tag=持续更新下集更精彩,behavior=effective_view,131,0.0012882289310650016,0.6517412935323383,0.9003609854544693
age_group=19-25 & tag=我是爆款王,behavior=effective_view,58,0.0005703609007768709,0.651685393258427,0.900283760908157
age_group=36-45 & tag=创作灵感,behavior=effective_view,86,0.0008457075425312223,0.6515151515151515,0.9000485770625697
age_group=60+ & theme=23,behavior=effective_view,43,0.00042285377126561116,0.6515151515151515,0.9000485770625697
gender=M & tag=感谢快手平台推荐我要上热门,behavior=effective_view,71,0.0006982004130199626,0.6513761467889908,0.8998565462161727
gender=M & tag=快手热度,behavior=effective_view,56,0.0005506932835087029,0.6511627906976745,0.8995618011961216
tag=陈翔六点半,behavior=effective_view,28,0.00027534664175435147,0.6511627906976745,0.8995618011961216
tag=热门 & tag=集结吧光合创作者,behavior=effective_view,28,0.00027534664175435147,0.6511627906976745,0.8995618011961216
gender=M & tag=秋天的第一首歌,behavior=effective_view,82,0.0008063723079948864,0.6507936507936508,0.8990518455265093
city_level=五线城市 & tag=音乐,behavior=effective_view,108,0.0010620513324810699,0.6506024096385542,0.8987876516253848
gender=M & tag=持续更新下集更精彩,behavior=effective_view,104,0.001022716097944734,0.65,0.8979554408368428
gender=M & tag=汽车知识,behavior=effective_view,78,0.0007670370734585505,0.65,0.8979554408368428
tag=种植小技巧 & theme=13,behavior=effective_view,39,0.00038351853672927524,0.65,0.8979554408368428
tag=驾驶技巧,behavior=effective_view,26,0.0002556790244861835,0.65,0.8979554408368428
tag=零基础学剪发,behavior=effective_view,26,0.0002556790244861835,0.65,0.8979554408368428
tag=未完待续下集更精彩,behavior=effective_view,26,0.0002556790244861835,0.65,0.8979554408368428
gender=F & tag=男朋友,behavior=effective_view,26,0.0002556790244861835,0.65,0.8979554408368428
tag=认知 & theme=19,behavior=effective_view,26,0.0002556790244861835,0.65,0.8979554408368428
city_level=四线城市 & tag=健康,behavior=effective_view,26,0.0002556790244861835,0.65,0.8979554408368428
age_group=36-45 & tag=经典老歌,behavior=effective_view,26,0.0002556790244861835,0.65,0.8979554408368428
age_group=46-60 & tag=笑疯了老铁,behavior=effective_view,26,0.0002556790244861835,0.65,0.8979554408368428
tag=驾驶技巧 & theme=18,behavior=effective_view,26,0.0002556790244861835,0.65,0.8979554408368428
tag=影视解说 & tag=抗战剧,behavior=effective_view,26,0.0002556790244861835,0.65,0.8979554408368428
tag=悬疑 & theme=39,behavior=effective_view,26,0.0002556790244861835,0.65,0.8979554408368428
tag=零基础学剪发 & theme=4,behavior=effective_view,26,0.0002556790244861835,0.65,0.8979554408368428
tag=致敬人民子弟兵 & theme=11,behavior=effective_view,26,0.0002556790244861835,0.65,0.8979554408368428
tag=未完待续下集更精彩 & theme=39,behavior=effective_view,26,0.0002556790244861835,0.65,0.8979554408368428
city_level=三线城市 & tag=艾特你想艾特的人,behavior=effective_view,63,0.0006195299439472907,0.6494845360824743,0.8972433429456161
tag=剧星计划 & tag=快手弹幕,behavior=effective_view,100,0.000983380863408398,0.6493506493506493,0.8970583824543884
gender=M & tag=大侠霍元甲,behavior=effective_view,50,0.000491690431704199,0.6493506493506493,0.8970583824543884
tag=爱音乐爱快手 & theme=2,behavior=effective_view,137,0.0013472317828695053,0.6492890995260664,0.8969733532238241
city_level=新一线城市 & theme=10,behavior=effective_view,87,0.0008555413511653063,0.6492537313432836,0.8969244931435743
city_level=四线城市 & theme=10,behavior=effective_view,198,0.001947094109548628,0.6491803278688525,0.8968230884524332
tag=快影10秒智能成片,behavior=effective_view,37,0.0003638509194611073,0.6491228070175439,0.8967436251272114
tag=好吃,behavior=effective_view,72,0.0007080342216540466,0.6486486486486487,0.8960885896084918
tag=好吃 & theme=12,behavior=effective_view,72,0.0007080342216540466,0.6486486486486487,0.8960885896084918
age_group=36-45 & tag=音乐,behavior=effective_view,72,0.0007080342216540466,0.6486486486486487,0.8960885896084918
city_level=二线城市 & tag=日常,behavior=effective_view,24,0.00023601140721801555,0.6486486486486487,0.8960885896084918
city_level=五线城市 & tag=跟着快手学做菜,behavior=effective_view,24,0.00023601140721801555,0.6486486486486487,0.8960885896084918
tag=快手创作者服务中心 & theme=11,behavior=effective_view,24,0.00023601140721801555,0.6486486486486487,0.8960885896084918
age_group=60+ & tag=教育,behavior=effective_view,24,0.00023601140721801555,0.6486486486486487,0.8960885896084918
age_group=36-45 & tag=我在快手整活,behavior=effective_view,131,0.0012882289310650016,0.6485148514851485,0.8959037528532094
gender=M & tag=音乐分享,behavior=effective_view,35,0.0003441833021929393,0.6481481481481481,0.895397163227621
tag=快手卡车人,behavior=effective_view,46,0.00045235519716786313,0.647887323943662,0.8950368424375899
city_level=四线城市 & tag=创作灵感,behavior=effective_view,99,0.000973547054774314,0.6470588235294118,0.8938922940457259
gender=F & tag=家庭共情,behavior=effective_view,66,0.0006490313698495427,0.6470588235294118,0.8938922940457259
city_level=新一线城市 & tag=正能量,behavior=effective_view,55,0.000540859474874619,0.6470588235294118,0.8938922940457259
tag=拉丁舞,behavior=effective_view,33,0.00032451568492477135,0.6470588235294118,0.8938922940457259
tag=全景视频,behavior=effective_view,33,0.00032451568492477135,0.6470588235294118,0.8938922940457259
age_group=46-60 & tag=2022高考季,behavior=effective_view,33,0.00032451568492477135,0.6470588235294118,0.8938922940457259
tag=拉丁舞 & theme=1,behavior=effective_view,33,0.00032451568492477135,0.6470588235294118,0.8938922940457259
tag=影视剪辑 & tag=精彩片段,behavior=effective_view,33,0.00032451568492477135,0.6470588235294118,0.8938922940457259
tag=妆前妆后 & theme=4,behavior=effective_view,33,0.00032451568492477135,0.6470588235294118,0.8938922940457259
tag=爱宠观察日志,behavior=effective_view,22,0.00021634378994984759,0.6470588235294118,0.8938922940457259
tag=原创视频,behavior=effective_view,22,0.00021634378994984759,0.6470588235294118,0.8938922940457259
city_level=四线城市 & tag=夏日星光大赏,behavior=effective_view,22,0.00021634378994984759,0.6470588235294118,0.8938922940457259
tag=记录真实生活 & theme=12,behavior=effective_view,22,0.00021634378994984759,0.6470588235294118,0.8938922940457259
gender=F & tag=女人,behavior=effective_view,22,0.00021634378994984759,0.6470588235294118,0.8938922940457259
gender=F & tag=编发教程,behavior=effective_view,22,0.00021634378994984759,0.6470588235294118,0.8938922940457259
gender=M & tag=新市井匠人,behavior=effective_view,22,0.00021634378994984759,0.6470588235294118,0.8938922940457259
tag=我在快手追好剧 & tag=超好看的古装剧,behavior=effective_view,22,0.00021634378994984759,0.6470588235294118,0.8938922940457259
city_level=新一线城市 & theme=2,behavior=effective_view,282,0.0027731340348116826,0.6467889908256881,0.893519528285073
age_group=60+ & theme=8,behavior=effective_view,64,0.0006293637525813748,0.6464646464646465,0.8930714563101467
city_level=四线城市 & tag=爱音乐爱快手,behavior=effective_view,53,0.000521191857606451,0.6463414634146342,0.8929012826332583
age_group=26-35 & theme=2,behavior=effective_view,466,0.004582554823483135,0.6463245492371706,0.8928779162060573
tag=音乐分享 & theme=2,behavior=effective_view,42,0.0004130199626315272,0.6461538461538462,0.8926420950330746
city_level=三线城市 & theme=26,behavior=effective_view,62,0.0006096961353132068,0.6458333333333334,0.8921993162160938
age_group=60+ & tag=我的观影报告,behavior=effective_view,31,0.0003048480676566034,0.6458333333333334,0.8921993162160938
tag=支持快手传递正能量 & theme=39,behavior=effective_view,31,0.0003048480676566034,0.6458333333333334,0.8921993162160938
city_level=一线城市 & theme=12,behavior=effective_view,242,0.002379781689448323,0.6453333333333333,0.8915085812616039
city_level=新一线城市 & theme=36,behavior=effective_view,100,0.000983380863408398,0.6451612903225806,0.8912709090191988
tag=演出现场,behavior=effective_view,20,0.00019667617268167962,0.6451612903225806,0.8912709090191988
tag=中国,behavior=effective_view,20,0.00019667617268167962,0.6451612903225806,0.8912709090191988
tag=剪发技术分享,behavior=effective_view,20,0.00019667617268167962,0.6451612903225806,0.8912709090191988
tag=外国生活,behavior=effective_view,20,0.00019667617268167962,0.6451612903225806,0.8912709090191988
tag=监控安防,behavior=effective_view,20,0.00019667617268167962,0.6451612903225806,0.8912709090191988
tag=德国,behavior=effective_view,20,0.00019667617268167962,0.6451612903225806,0.8912709090191988
tag=光合计划 & theme=15,behavior=effective_view,20,0.00019667617268167962,0.6451612903225806,0.8912709090191988
tag=农村生活 & tag=快手美食,behavior=effective_view,20,0.00019667617268167962,0.6451612903225806,0.8912709090191988
city_level=三线城市 & tag=男朋友,behavior=effective_view,20,0.00019667617268167962,0.6451612903225806,0.8912709090191988
city_level=三线城市 & tag=可怜天下父母心,behavior=effective_view,20,0.00019667617268167962,0.6451612903225806,0.8912709090191988
age_group=46-60 & tag=结局很解气,behavior=effective_view,20,0.00019667617268167962,0.6451612903225806,0.8912709090191988
tag=剪发技术分享 & tag=零基础学剪发,behavior=effective_view,20,0.00019667617268167962,0.6451612903225806,0.8912709090191988
tag=剪发技术分享 & theme=4,behavior=effective_view,20,0.00019667617268167962,0.6451612903225806,0.8912709090191988
tag=宝宝育儿小知识 & tag=快手创作者服务中心,behavior=effective_view,20,0.00019667617268167962,0.6451612903225806,0.8912709090191988
tag=宝宝育儿小知识 & tag=育儿正能量分享,behavior=effective_view,20,0.00019667617268167962,0.6451612903225806,0.8912709090191988
tag=快手创作者服务中心 & tag=育儿正能量分享,behavior=effective_view,20,0.00019667617268167962,0.6451612903225806,0.8912709090191988
tag=我在快手整活 & tag=搞笑视频,behavior=effective_view,20,0.00019667617268167962,0.6451612903225806,0.8912709090191988
gender=F & tag=育儿正能量分享,behavior=effective_view,20,0.00019667617268167962,0.6451612903225806,0.8912709090191988
tag=热门用快影 & theme=39,behavior=effective_view,20,0.00019667617268167962,0.6451612903225806,0.8912709090191988
tag=生活小妙招 & theme=15,behavior=effective_view,20,0.00019667617268167962,0.6451612903225806,0.8912709090191988
city_level=三线城市 & theme=27,behavior=effective_view,89,0.0008752089684334743,0.644927536231884,0.8909479847768005
gender=F & tag=快手光合计划,behavior=effective_view,49,0.00048185662307011505,0.6447368421052632,0.8906845465790546
age_group=26-35 & tag=感谢快手官大大每次热门推送,behavior=effective_view,49,0.00048185662307011505,0.6447368421052632,0.8906845465790546
tag=萌娃搞笑日常,behavior=effective_view,29,0.0002851804503884354,0.6444444444444445,0.8902806080091775
city_level=五线城市 & tag=记录农村美好生活,behavior=effective_view,29,0.0002851804503884354,0.6444444444444445,0.8902806080091775
gender=M & tag=居家好物,behavior=effective_view,29,0.0002851804503884354,0.6444444444444445,0.8902806080091775
city_level=新一线城市 & tag=感谢官方大大让我上一次热门,behavior=effective_view,29,0.0002851804503884354,0.6444444444444445,0.8902806080091775
tag=剧星大赛 & tag=天生我有戏,behavior=effective_view,96,0.0009440456288720622,0.6442953020134228,0.8900745722285689
tag=持续更新下集更精彩 & theme=39,behavior=effective_view,114,0.0011210541842855738,0.6440677966101694,0.8897602803598441
tag=创作灵感 & tag=美食,behavior=effective_view,38,0.0003736847280951913,0.6440677966101694,0.8897602803598441
tag=医学知识科普 & theme=16,behavior=effective_view,38,0.0003736847280951913,0.6440677966101694,0.8897602803598441
age_group=19-25 & theme=22,behavior=effective_view,38,0.0003736847280951913,0.6440677966101694,0.8897602803598441
gender=M & tag=运动,behavior=effective_view,47,0.0004621890058019471,0.6438356164383562,0.8894395304390224
tag=表情包,behavior=effective_view,45,0.0004425213885337791,0.6428571428571429,0.8880877986298445
city_level=五线城市 & tag=熊出没,behavior=effective_view,36,0.0003540171108270233,0.6428571428571429,0.8880877986298445
tag=企业家精神,behavior=effective_view,27,0.00026551283312026746,0.6428571428571429,0.8880877986298445
gender=M & tag=巴基斯坦星光村,behavior=effective_view,27,0.00026551283312026746,0.6428571428571429,0.8880877986298445
tag=思维格局 & theme=22,behavior=effective_view,27,0.00026551283312026746,0.6428571428571429,0.8880877986298445
tag=手机摄影 & theme=26,behavior=effective_view,88,0.0008653751597993903,0.6423357664233577,0.8873675327753191
city_level=五线城市 & tag=感谢官方大大让我上一次热门,behavior=effective_view,79,0.0007768708820926344,0.6422764227642277,0.8872855512959423
age_group=19-25 & theme=26,behavior=effective_view,61,0.0005998623266791228,0.6421052631578947,0.8870490994501604
city_level=五线城市 & theme=2,behavior=effective_view,663,0.00651981512439768,0.6418199419167473,0.8866549367411225
age_group=36-45 & theme=36,behavior=effective_view,163,0.001602910807355689,0.6417322834645669,0.8865338392271676
tag=抗击疫情我们在一起,behavior=effective_view,34,0.00033434949355885536,0.6415094339622641,0.8862259793455052
tag=一路格桑花,behavior=effective_view,34,0.00033434949355885536,0.6415094339622641,0.8862259793455052
tag=冬季必备,behavior=effective_view,34,0.00033434949355885536,0.6415094339622641,0.8862259793455052
tag=一路格桑花 & tag=我在快手追好剧,behavior=effective_view,34,0.00033434949355885536,0.6415094339622641,0.8862259793455052
tag=一路格桑花 & theme=39,behavior=effective_view,34,0.00033434949355885536,0.6415094339622641,0.8862259793455052
gender=F & tag=喜欢,behavior=effective_view,59,0.0005801947094109549,0.6413043478260869,0.8859426590196274
age_group=46-60 & theme=4,behavior=effective_view,218,0.002143770282230308,0.6411764705882353,0.8857660004634921
theme=10,behavior=effective_view,836,0.008221064018094209,0.6411042944785276,0.8856662913397835
tag=集结吧光合计划创作者,behavior=effective_view,50,0.000491690431704199,0.6410256410256411,0.8855576339613834
tag=运动 & theme=7,behavior=effective_view,50,0.000491690431704199,0.6410256410256411,0.8855576339613834
tag=刚出生的宝宝,behavior=effective_view,25,0.0002458452158520995,0.6410256410256411,0.8855576339613834
tag=精神小伙,behavior=effective_view,25,0.0002458452158520995,0.6410256410256411,0.8855576339613834
gender=M & tag=路人王6周年,behavior=effective_view,25,0.0002458452158520995,0.6410256410256411,0.8855576339613834
tag=夏日暴击 & tag=奥特曼,behavior=effective_view,25,0.0002458452158520995,0.6410256410256411,0.8855576339613834
tag=电视剧 & theme=39,behavior=effective_view,25,0.0002458452158520995,0.6410256410256411,0.8855576339613834
tag=集结吧光合创作者 & theme=7,behavior=effective_view,25,0.0002458452158520995,0.6410256410256411,0.8855576339613834
tag=水电工 & tag=电工,behavior=effective_view,25,0.0002458452158520995,0.6410256410256411,0.8855576339613834
tag=5G数智新农村 & tag=农村手艺人,behavior=effective_view,25,0.0002458452158520995,0.6410256410256411,0.8855576339613834
tag=5G数智新农村 & tag=手艺人,behavior=effective_view,25,0.0002458452158520995,0.6410256410256411,0.8855576339613834
tag=5G数智新农村 & tag=新市井匠人,behavior=effective_view,25,0.0002458452158520995,0.6410256410256411,0.8855576339613834
tag=5G数智新农村 & theme=15,behavior=effective_view,25,0.0002458452158520995,0.6410256410256411,0.8855576339613834
tag=农村手艺人 & tag=手艺人,behavior=effective_view,25,0.0002458452158520995,0.6410256410256411,0.8855576339613834
tag=农村手艺人 & tag=新市井匠人,behavior=effective_view,25,0.0002458452158520995,0.6410256410256411,0.8855576339613834
tag=手艺人 & tag=新市井匠人,behavior=effective_view,25,0.0002458452158520995,0.6410256410256411,0.8855576339613834
tag=象棋 & theme=11,behavior=effective_view,25,0.0002458452158520995,0.6410256410256411,0.8855576339613834
age_group=19-25 & tag=日常,behavior=effective_view,25,0.0002458452158520995,0.6410256410256411,0.8855576339613834
city_level=三线城市 & theme=4,behavior=effective_view,291,0.0028616383125184383,0.6409691629955947,0.885479611262356
tag=2022光合创作者大会 & tag=天生我有戏,behavior=effective_view,207,0.002035598387255384,0.6408668730650154,0.8853383008012691
gender=M & tag=全诺1号更静音的高端轮胎,behavior=effective_view,66,0.0006490313698495427,0.6407766990291263,0.8852137280841169
gender=M & tag=全诺轮胎一路无忧,behavior=effective_view,66,0.0006490313698495427,0.6407766990291263,0.8852137280841169
age_group=26-35 & theme=8,behavior=effective_view,82,0.0008063723079948864,0.640625,0.8850041604401575
tag=农民爱唱歌 & tag=爱音乐爱唱歌,behavior=effective_view,41,0.0004031861539974432,0.640625,0.8850041604401575
tag=农民爱唱歌 & tag=爱音乐爱快手,behavior=effective_view,41,0.0004031861539974432,0.640625,0.8850041604401575
gender=M & tag=钓鱼,behavior=effective_view,41,0.0004031861539974432,0.640625,0.8850041604401575
gender=M & tag=快手卡车人,behavior=effective_view,41,0.0004031861539974432,0.640625,0.8850041604401575
tag=情感语录,behavior=effective_view,48,0.0004720228144360311,0.64,0.8841407417470453
city_level=五线城市 & tag=新农人计划2022,behavior=effective_view,48,0.0004720228144360311,0.64,0.8841407417470453
tag=情感语录 & theme=19,behavior=effective_view,32,0.0003146818762906874,0.64,0.8841407417470453
tag=快小菜,behavior=effective_view,87,0.0008555413511653063,0.6397058823529411,0.8837344270679335
age_group=46-60 & tag=剧星大赛,behavior=effective_view,39,0.00038351853672927524,0.639344262295082,0.8832348598395175
tag=我的探店日记 & tag=菏泽美食,behavior=effective_view,39,0.00038351853672927524,0.639344262295082,0.8832348598395175
tag=美食探店 & tag=菏泽美食,behavior=effective_view,39,0.00038351853672927524,0.639344262295082,0.8832348598395175
age_group=36-45 & theme=30,behavior=effective_view,62,0.0006096961353132068,0.6391752577319587,0.8830013851210824
tag=快说车 & theme=18,behavior=effective_view,46,0.00045235519716786313,0.6388888888888888,0.8826057751815121
tag=改编歌曲,behavior=effective_view,23,0.00022617759858393157,0.6388888888888888,0.8826057751815121
tag=猪脚饭,behavior=effective_view,23,0.00022617759858393157,0.6388888888888888,0.8826057751815121
tag=编发教程,behavior=effective_view,23,0.00022617759858393157,0.6388888888888888,0.8826057751815121
tag=感谢官方大大让我上一次热门 & theme=11,behavior=effective_view,23,0.00022617759858393157,0.6388888888888888,0.8826057751815121
city_level=二线城市 & tag=生活小妙招,behavior=effective_view,23,0.00022617759858393157,0.6388888888888888,0.8826057751815121
tag=猪脚饭 & theme=12,behavior=effective_view,23,0.00022617759858393157,0.6388888888888888,0.8826057751815121
tag=编发教程 & theme=4,behavior=effective_view,23,0.00022617759858393157,0.6388888888888888,0.8826057751815121
city_level=五线城市 & tag=光合计划,behavior=effective_view,76,0.0007473694561903826,0.6386554621848739,0.8822833032139631
gender=F & theme=8,behavior=effective_view,136,0.0013373979742354214,0.6384976525821596,0.8820652939964653
tag=护肤,behavior=effective_view,60,0.0005900285180450389,0.6382978723404256,0.881789303604101
tag=护肤 & theme=4,behavior=effective_view,60,0.0005900285180450389,0.6382978723404256,0.881789303604101
city_level=五线城市 & tag=一定要看到最后哦,behavior=effective_view,30,0.00029501425902251943,0.6382978723404256,0.881789303604101
city_level=四线城市 & theme=8,behavior=effective_view,67,0.0006588651784836267,0.638095238095238,0.8815093704918456
gender=M & tag=剧星计划,behavior=effective_view,74,0.0007277018389222146,0.6379310344827587,0.8812825281422596
tag=上快手看欧冠,behavior=effective_view,37,0.0003638509194611073,0.6379310344827587,0.8812825281422596
city_level=三线城市 & tag=好剧推荐,behavior=effective_view,37,0.0003638509194611073,0.6379310344827587,0.8812825281422596
tag=追剧一夏 & theme=6,behavior=effective_view,37,0.0003638509194611073,0.6379310344827587,0.8812825281422596
gender=M & tag=菏泽美食,behavior=effective_view,37,0.0003638509194611073,0.6379310344827587,0.8812825281422596
tag=全诺1号更静音的高端轮胎,behavior=effective_view,95,0.0009342118202379781,0.6375838926174496,0.880802962101188
tag=全诺轮胎一路无忧,behavior=effective_view,95,0.0009342118202379781,0.6375838926174496,0.880802962101188
tag=全诺1号更静音的高端轮胎 & tag=全诺轮胎一路无忧,behavior=effective_view,95,0.0009342118202379781,0.6375838926174496,0.880802962101188
tag=全诺1号更静音的高端轮胎 & theme=18,behavior=effective_view,95,0.0009342118202379781,0.6375838926174496,0.880802962101188
tag=全诺轮胎一路无忧 & theme=18,behavior=effective_view,95,0.0009342118202379781,0.6375838926174496,0.880802962101188
theme=26,behavior=effective_view,255,0.002507621201691415,0.6375,0.8806870669745958
age_group=19-25 & theme=16,behavior=effective_view,79,0.0007768708820926344,0.6370967741935484,0.8801300226564588
age_group=26-35 & tag=情感,behavior=effective_view,147,0.0014455698692103453,0.6363636363636364,0.8791172148053006
tag=2022高考季 & theme=2,behavior=effective_view,56,0.0005506932835087029,0.6363636363636364,0.8791172148053006
tag=快说车,behavior=effective_view,49,0.00048185662307011505,0.6363636363636364,0.8791172148053006
tag=悬疑,behavior=effective_view,42,0.0004130199626315272,0.6363636363636364,0.8791172148053006
tag=菏泽美食,behavior=effective_view,42,0.0004130199626315272,0.6363636363636364,0.8791172148053006
age_group=36-45 & theme=8,behavior=effective_view,42,0.0004130199626315272,0.6363636363636364,0.8791172148053006
tag=菏泽美食 & theme=12,behavior=effective_view,42,0.0004130199626315272,0.6363636363636364,0.8791172148053006
age_group=46-60 & tag=快手光合计划,behavior=effective_view,35,0.0003441833021929393,0.6363636363636364,0.8791172148053006
tag=快手美食家 & tag=我是爆款王,behavior=effective_view,28,0.00027534664175435147,0.6363636363636364,0.8791172148053006
tag=48H倒计时 & tag=元气打糕,behavior=effective_view,28,0.00027534664175435147,0.6363636363636364,0.8791172148053006
tag=元气打糕 & tag=零食推荐,behavior=effective_view,28,0.00027534664175435147,0.6363636363636364,0.8791172148053006
gender=M & tag=军训进行时,behavior=effective_view,28,0.00027534664175435147,0.6363636363636364,0.8791172148053006
tag=工厂实拍 & theme=11,behavior=effective_view,21,0.0002065099813157636,0.6363636363636364,0.8791172148053006
city_level=新一线城市 & tag=好剧推荐,behavior=effective_view,21,0.0002065099813157636,0.6363636363636364,0.8791172148053006
gender=M & tag=西游记,behavior=effective_view,21,0.0002065099813157636,0.6363636363636364,0.8791172148053006
city_level=五线城市 & tag=善待老人,behavior=effective_view,21,0.0002065099813157636,0.6363636363636364,0.8791172148053006
age_group=19-25 & tag=冬季必备,behavior=effective_view,21,0.0002065099813157636,0.6363636363636364,0.8791172148053006
age_group=46-60 & theme=38,behavior=effective_view,180,0.0017700855541351165,0.6360424028268551,0.8786734403404821
city_level=四线城市 & tag=爱音乐爱唱歌,behavior=effective_view,61,0.0005998623266791228,0.6354166666666666,0.8778090046642213
tag=运动,behavior=effective_view,54,0.0005310256662405349,0.6352941176470588,0.877639706881258
tag=男朋友,behavior=effective_view,47,0.0004621890058019471,0.6351351351351351,0.8774200773249814
tag=情侣 & theme=11,behavior=effective_view,40,0.00039335234536335925,0.6349206349206349,0.8771237517331797
city_level=二线城市 & tag=剧情,behavior=effective_view,40,0.00039335234536335925,0.6349206349206349,0.8771237517331797
tag=新农人计划2022 & tag=跟着快手学做菜,behavior=effective_view,40,0.00039335234536335925,0.6349206349206349,0.8771237517331797
city_level=一线城市 & theme=10,behavior=effective_view,59,0.0005801947094109549,0.6344086021505376,0.8764163938688788
tag=快小菜 & theme=12,behavior=effective_view,85,0.0008358737338971384,0.6343283582089553,0.8763055392782049
tag=女人,behavior=effective_view,52,0.000511358048972367,0.6341463414634146,0.8760540886213101
tag=刀法,behavior=effective_view,26,0.0002556790244861835,0.6341463414634146,0.8760540886213101
gender=F & tag=零食,behavior=effective_view,26,0.0002556790244861835,0.6341463414634146,0.8760540886213101
city_level=四线城市 & tag=搞笑段子,behavior=effective_view,26,0.0002556790244861835,0.6341463414634146,0.8760540886213101
tag=二次元 & tag=奥特曼,behavior=effective_view,26,0.0002556790244861835,0.6341463414634146,0.8760540886213101
tag=刀法 & theme=12,behavior=effective_view,26,0.0002556790244861835,0.6341463414634146,0.8760540886213101
tag=生活小妙招 & theme=11,behavior=effective_view,26,0.0002556790244861835,0.6341463414634146,0.8760540886213101
gender=F & tag=医学科普,behavior=effective_view,26,0.0002556790244861835,0.6341463414634146,0.8760540886213101
gender=F & theme=27,behavior=effective_view,71,0.0006982004130199626,0.6339285714285714,0.8757532458710966
tag=剧星计划,behavior=effective_view,114,0.0011210541842855738,0.6333333333333333,0.8749309423538467
tag=剧星计划 & theme=39,behavior=effective_view,114,0.0011210541842855738,0.6333333333333333,0.8749309423538467
gender=F & tag=暑期不断片,behavior=effective_view,95,0.0009342118202379781,0.6333333333333333,0.8749309423538467
tag=医学知识科普,behavior=effective_view,38,0.0003736847280951913,0.6333333333333333,0.8749309423538467
age_group=46-60 & tag=快手放映厅,behavior=effective_view,38,0.0003736847280951913,0.6333333333333333,0.8749309423538467
city_level=新一线城市 & tag=新光合计划,behavior=effective_view,50,0.000491690431704199,0.6329113924050633,0.8743480436580748
gender=M & tag=好吃,behavior=effective_view,31,0.0003048480676566034,0.6326530612244898,0.8739911669055613
tag=48H倒计时 & tag=零食推荐,behavior=effective_view,31,0.0003048480676566034,0.6326530612244898,0.8739911669055613
tag=48H倒计时 & theme=12,behavior=effective_view,31,0.0003048480676566034,0.6326530612244898,0.8739911669055613
gender=M & tag=快说车,behavior=effective_view,43,0.00042285377126561116,0.6323529411764706,0.8735765600901412
age_group=26-35 & tag=音乐,behavior=effective_view,79,0.0007768708820926344,0.632,0.8730889824752072
gender=F & tag=好物分享,behavior=effective_view,120,0.0011800570360900777,0.631578947368421,0.872507310934584
city_level=新一线城市 & tag=影视剪辑,behavior=effective_view,48,0.0004720228144360311,0.631578947368421,0.872507310934584
tag=抗战剧,behavior=effective_view,36,0.0003540171108270233,0.631578947368421,0.872507310934584
gender=M & tag=真人真事爱心传递,behavior=effective_view,36,0.0003540171108270233,0.631578947368421,0.872507310934584
gender=M & tag=搞笑夫妻日常,behavior=effective_view,36,0.0003540171108270233,0.631578947368421,0.872507310934584
tag=抗战剧 & theme=39,behavior=effective_view,36,0.0003540171108270233,0.631578947368421,0.872507310934584
gender=M & tag=思维格局,behavior=effective_view,24,0.00023601140721801555,0.631578947368421,0.872507310934584
tag=刚出生的宝宝 & theme=25,behavior=effective_view,24,0.00023601140721801555,0.631578947368421,0.872507310934584
tag=儿童视频 & tag=萌娃搞笑瞬间,behavior=effective_view,24,0.00023601140721801555,0.631578947368421,0.872507310934584
tag=萌娃搞笑日常 & theme=25,behavior=effective_view,24,0.00023601140721801555,0.631578947368421,0.872507310934584
age_group=26-35 & tag=秋天的第一首歌,behavior=effective_view,24,0.00023601140721801555,0.631578947368421,0.872507310934584
age_group=60+ & tag=传统文化,behavior=effective_view,24,0.00023601140721801555,0.631578947368421,0.872507310934584
tag=我在快手追好剧 & tag=集合吧光合创作者,behavior=effective_view,24,0.00023601140721801555,0.631578947368421,0.872507310934584
tag=爱音乐爱唱歌 & tag=爱音乐爱快手,behavior=effective_view,41,0.0004031861539974432,0.6307692307692307,0.8713887118180013
age_group=60+ & theme=26,behavior=effective_view,41,0.0004031861539974432,0.6307692307692307,0.8713887118180013
tag=秋天的第一首歌 & theme=2,behavior=effective_view,116,0.0011407218015537417,0.6304347826086957,0.8709266817481084
tag=麻将攻略,behavior=effective_view,29,0.0002851804503884354,0.6304347826086957,0.8709266817481084
age_group=36-45 & tag=家乡美食,behavior=effective_view,29,0.0002851804503884354,0.6304347826086957,0.8709266817481084
tag=麻将攻略 & theme=11,behavior=effective_view,29,0.0002851804503884354,0.6304347826086957,0.8709266817481084
gender=F & tag=全诺1号更静音的高端轮胎,behavior=effective_view,29,0.0002851804503884354,0.6304347826086957,0.8709266817481084
gender=F & tag=全诺轮胎一路无忧,behavior=effective_view,29,0.0002851804503884354,0.6304347826086957,0.8709266817481084
gender=F & tag=儿童视频,behavior=effective_view,29,0.0002851804503884354,0.6304347826086957,0.8709266817481084
tag=我在快手追好剧 & tag=抗战剧,behavior=effective_view,29,0.0002851804503884354,0.6304347826086957,0.8709266817481084
gender=M & theme=10,behavior=effective_view,595,0.005851116137279969,0.6302966101694916,0.8707358006810976
city_level=新一线城市 & tag=创作灵感,behavior=effective_view,46,0.00045235519716786313,0.6301369863013698,0.8705152851105324
tag=哑铃健身,behavior=effective_view,34,0.00033434949355885536,0.6296296296296297,0.8698143871354033
tag=生活不易,behavior=effective_view,34,0.00033434949355885536,0.6296296296296297,0.8698143871354033
tag=天生我有戏 & theme=25,behavior=effective_view,34,0.00033434949355885536,0.6296296296296297,0.8698143871354033
city_level=四线城市 & tag=持续更新下集更精彩,behavior=effective_view,34,0.00033434949355885536,0.6296296296296297,0.8698143871354033
city_level=三线城市 & tag=夫妻,behavior=effective_view,34,0.00033434949355885536,0.6296296296296297,0.8698143871354033
tag=哑铃健身 & tag=居家锻炼,behavior=effective_view,34,0.00033434949355885536,0.6296296296296297,0.8698143871354033
tag=哑铃健身 & theme=7,behavior=effective_view,34,0.00033434949355885536,0.6296296296296297,0.8698143871354033
city_level=四线城市 & theme=4,behavior=effective_view,265,0.002605959288032255,0.6294536817102138,0.8695713203791826
age_group=36-45 & theme=16,behavior=effective_view,112,0.0011013865670174059,0.6292134831460674,0.8692394932906343
gender=M & tag=快手荐片官,behavior=effective_view,39,0.00038351853672927524,0.6290322580645161,0.8689891362937188
tag=外卖小哥 & theme=11,behavior=effective_view,39,0.00038351853672927524,0.6290322580645161,0.8689891362937188
tag=我的探店日记 & tag=美食探店,behavior=effective_view,39,0.00038351853672927524,0.6290322580645161,0.8689891362937188
tag=周杰伦让大家交作业,behavior=effective_view,44,0.00043268757989969517,0.6285714285714286,0.8683525142158479
tag=见义勇为 & theme=39,behavior=effective_view,44,0.00043268757989969517,0.6285714285714286,0.8683525142158479
tag=保护野生动物人人有责,behavior=effective_view,22,0.00021634378994984759,0.6285714285714286,0.8683525142158479
tag=创作者加油计划,behavior=effective_view,22,0.00021634378994984759,0.6285714285714286,0.8683525142158479
city_level=三线城市 & tag=热门用快影,behavior=effective_view,22,0.00021634378994984759,0.6285714285714286,0.8683525142158479
tag=搞笑视频 & tag=萌娃搞笑瞬间,behavior=effective_view,22,0.00021634378994984759,0.6285714285714286,0.8683525142158479
tag=天生我有戏 & theme=12,behavior=effective_view,22,0.00021634378994984759,0.6285714285714286,0.8683525142158479
age_group=46-60 & tag=感谢快手平台推荐我要上热门,behavior=effective_view,22,0.00021634378994984759,0.6285714285714286,0.8683525142158479
tag=爱音乐爱唱歌 & tag=集结吧光合创作者,behavior=effective_view,22,0.00021634378994984759,0.6285714285714286,0.8683525142158479
tag=情景剧,behavior=effective_view,49,0.00048185662307011505,0.6282051282051282,0.8678464812821557
tag=农村自建房 & theme=36,behavior=effective_view,54,0.0005310256662405349,0.627906976744186,0.8674345940105458
tag=宝宝育儿小知识,behavior=effective_view,27,0.00026551283312026746,0.627906976744186,0.8674345940105458
city_level=二线城市 & tag=我在快手涨知识,behavior=effective_view,27,0.00026551283312026746,0.627906976744186,0.8674345940105458
tag=萌娃搞笑瞬间 & theme=9,behavior=effective_view,27,0.00026551283312026746,0.627906976744186,0.8674345940105458
city_level=四线城市 & tag=剧星计划,behavior=effective_view,27,0.00026551283312026746,0.627906976744186,0.8674345940105458
tag=快手粉条 & theme=2,behavior=effective_view,27,0.00026551283312026746,0.627906976744186,0.8674345940105458
tag=退伍不褪色 & theme=11,behavior=effective_view,27,0.00026551283312026746,0.627906976744186,0.8674345940105458
tag=宝宝育儿小知识 & theme=25,behavior=effective_view,27,0.00026551283312026746,0.627906976744186,0.8674345940105458
tag=好剧推荐 & tag=持续更新下集更精彩,behavior=effective_view,27,0.00026551283312026746,0.627906976744186,0.8674345940105458
tag=农村自建房,behavior=effective_view,64,0.0006293637525813748,0.6274509803921569,0.8668046487716129
age_group=19-25 & theme=2,behavior=effective_view,281,0.0027633002261775986,0.6272321428571429,0.8665023313020358
tag=钓鱼 & theme=11,behavior=effective_view,37,0.0003638509194611073,0.6271186440677966,0.8663455361398483
city_level=一线城市 & theme=15,behavior=effective_view,37,0.0003638509194611073,0.6271186440677966,0.8663455361398483
gender=M & tag=中医,behavior=effective_view,42,0.0004130199626315272,0.6268656716417911,0.8659960623455201
theme=4,behavior=effective_view,1150,0.011308879929196578,0.6267029972752044,0.8657713326031182
gender=F & tag=爱音乐爱唱歌,behavior=effective_view,77,0.0007572032648244665,0.6260162601626016,0.8648226259466778
age_group=26-35 & theme=4,behavior=effective_view,262,0.002576457862130003,0.6252983293556086,0.8638308261400874
city_level=四线城市 & tag=光合计划,behavior=effective_view,75,0.0007375356475562985,0.625,0.8634186931123489
age_group=36-45 & tag=集合吧光合创作者,behavior=effective_view,75,0.0007375356475562985,0.625,0.8634186931123489
gender=F & tag=护肤,behavior=effective_view,45,0.0004425213885337791,0.625,0.8634186931123489
tag=集结吧光合创作者 & theme=38,behavior=effective_view,40,0.00039335234536335925,0.625,0.8634186931123489
gender=M & tag=农村美食,behavior=effective_view,40,0.00039335234536335925,0.625,0.8634186931123489
city_level=新一线城市 & tag=记录我的农村生活,behavior=effective_view,40,0.00039335234536335925,0.625,0.8634186931123489
gender=F & tag=剧星计划,behavior=effective_view,40,0.00039335234536335925,0.625,0.8634186931123489
gender=M & tag=农民爱唱歌,behavior=effective_view,30,0.00029501425902251943,0.625,0.8634186931123489
city_level=新一线城市 & tag=三农,behavior=effective_view,30,0.00029501425902251943,0.625,0.8634186931123489
gender=M & tag=女人,behavior=effective_view,30,0.00029501425902251943,0.625,0.8634186931123489
tag=COS巅峰对决 & theme=20,behavior=effective_view,30,0.00029501425902251943,0.625,0.8634186931123489
tag=经典歌曲,behavior=effective_view,25,0.0002458452158520995,0.625,0.8634186931123489
tag=每天分享汽车知识,behavior=effective_view,25,0.0002458452158520995,0.625,0.8634186931123489
gender=M & tag=悬疑,behavior=effective_view,25,0.0002458452158520995,0.625,0.8634186931123489
tag=每天分享汽车知识 & theme=18,behavior=effective_view,25,0.0002458452158520995,0.625,0.8634186931123489
tag=卡车人逐梦计划,behavior=effective_view,20,0.00019667617268167962,0.625,0.8634186931123489
tag=企业家,behavior=effective_view,20,0.00019667617268167962,0.625,0.8634186931123489
tag=情侣日常 & tag=男朋友,behavior=effective_view,20,0.00019667617268167962,0.625,0.8634186931123489
tag=男朋友 & theme=11,behavior=effective_view,20,0.00019667617268167962,0.625,0.8634186931123489
age_group=26-35 & tag=经典老歌,behavior=effective_view,20,0.00019667617268167962,0.625,0.8634186931123489
tag=经典歌曲 & theme=2,behavior=effective_view,20,0.00019667617268167962,0.625,0.8634186931123489
age_group=46-60 & tag=在快手看海外,behavior=effective_view,20,0.00019667617268167962,0.625,0.8634186931123489
tag=卡车人逐梦计划 & theme=11,behavior=effective_view,20,0.00019667617268167962,0.625,0.8634186931123489
age_group=36-45 & tag=健康,behavior=effective_view,20,0.00019667617268167962,0.625,0.8634186931123489
gender=F & tag=视频解说,behavior=effective_view,20,0.00019667617268167962,0.625,0.8634186931123489
tag=搞笑视频 & tag=陈翔六点半,behavior=effective_view,20,0.00019667617268167962,0.625,0.8634186931123489
theme=27,behavior=effective_view,404,0.003972858688169928,0.624420401854714,0.8626179957153358
age_group=36-45 & theme=2,behavior=effective_view,440,0.004326875798996952,0.624113475177305,0.8621939857462321
gender=M & tag=创业,behavior=effective_view,58,0.0005703609007768709,0.6236559139784946,0.8615618787185588
city_level=五线城市 & theme=10,behavior=effective_view,169,0.0016619136591601927,0.6236162361623616,0.861507065009517
tag=艾特你想艾特的人 & theme=2,behavior=effective_view,53,0.000521191857606451,0.6235294117647059,0.8613871197167904
gender=M & tag=爱音乐爱快手,behavior=effective_view,96,0.0009440456288720622,0.6233766233766234,0.8611760471562129
gender=F & tag=集合吧光合计划创作者,behavior=effective_view,48,0.0004720228144360311,0.6233766233766234,0.8611760471562129
tag=儿童 & tag=玩具,behavior=effective_view,38,0.0003736847280951913,0.6229508196721312,0.8605878121513247
city_level=五线城市 & tag=好物推荐,behavior=effective_view,38,0.0003736847280951913,0.6229508196721312,0.8605878121513247
tag=大侠霍元甲 & tag=怀旧经典影视,behavior=effective_view,38,0.0003736847280951913,0.6229508196721312,0.8605878121513247
tag=大侠霍元甲 & tag=经典影视,behavior=effective_view,38,0.0003736847280951913,0.6229508196721312,0.8605878121513247
tag=怀旧经典影视 & tag=经典影视,behavior=effective_view,38,0.0003736847280951913,0.6229508196721312,0.8605878121513247
age_group=26-35 & tag=家乡美食,behavior=effective_view,33,0.00032451568492477135,0.6226415094339622,0.860160509364755
gender=M & theme=27,behavior=effective_view,333,0.0032746582751499655,0.6224299065420561,0.8598681863369336
age_group=26-35 & theme=27,behavior=effective_view,89,0.0008752089684334743,0.6223776223776224,0.8597959573370523
gender=M & tag=情感音乐分享,behavior=effective_view,28,0.00027534664175435147,0.6222222222222222,0.8595812766985161
age_group=60+ & tag=老板,behavior=effective_view,28,0.00027534664175435147,0.6222222222222222,0.8595812766985161
city_level=四线城市 & tag=全诺1号更静音的高端轮胎,behavior=effective_view,28,0.00027534664175435147,0.6222222222222222,0.8595812766985161
city_level=四线城市 & tag=全诺轮胎一路无忧,behavior=effective_view,28,0.00027534664175435147,0.6222222222222222,0.8595812766985161
city_level=三线城市 & tag=儿童,behavior=effective_view,28,0.00027534664175435147,0.6222222222222222,0.8595812766985161
tag=中医,behavior=effective_view,51,0.0005015242403382831,0.6219512195121951,0.8592068946093617
gender=F & tag=百善孝为先,behavior=effective_view,51,0.0005015242403382831,0.6219512195121951,0.8592068946093617
age_group=19-25 & theme=8,behavior=effective_view,74,0.0007277018389222146,0.6218487394957983,0.8590653215504378
tag=减肥 & theme=7,behavior=effective_view,23,0.00022617759858393157,0.6216216216216216,0.8587515650414712
gender=M & tag=戒烟,behavior=effective_view,23,0.00022617759858393157,0.6216216216216216,0.8587515650414712
tag=三农 & theme=12,behavior=effective_view,23,0.00022617759858393157,0.6216216216216216,0.8587515650414712
city_level=四线城市 & tag=记录农村美好生活,behavior=effective_view,23,0.00022617759858393157,0.6216216216216216,0.8587515650414712
tag=我在快手整活 & theme=19,behavior=effective_view,23,0.00022617759858393157,0.6216216216216216,0.8587515650414712
gender=M & tag=象棋,behavior=effective_view,23,0.00022617759858393157,0.6216216216216216,0.8587515650414712
city_level=一线城市 & tag=快手影视新热计划,behavior=effective_view,23,0.00022617759858393157,0.6216216216216216,0.8587515650414712
tag=鞋狗的日常 & theme=5,behavior=effective_view,23,0.00022617759858393157,0.6216216216216216,0.8587515650414712
tag=表情包 & theme=9,behavior=effective_view,23,0.00022617759858393157,0.6216216216216216,0.8587515650414712
gender=M & tag=冬季必备,behavior=effective_view,23,0.00022617759858393157,0.6216216216216216,0.8587515650414712
city_level=五线城市 & tag=真人真事传递正能量,behavior=effective_view,23,0.00022617759858393157,0.6216216216216216,0.8587515650414712
gender=F & tag=情侣,behavior=effective_view,133,0.0013078965483331695,0.6214953271028038,0.8585770929640553
tag=善义之举传递正能量,behavior=effective_view,41,0.0004031861539974432,0.6212121212121212,0.8581858525480316
tag=正义之道,behavior=effective_view,41,0.0004031861539974432,0.6212121212121212,0.8581858525480316
tag=善义之举传递正能量 & tag=正义之道,behavior=effective_view,41,0.0004031861539974432,0.6212121212121212,0.8581858525480316
tag=善义之举传递正能量 & tag=见义勇为,behavior=effective_view,41,0.0004031861539974432,0.6212121212121212,0.8581858525480316
tag=善义之举传递正能量 & theme=39,behavior=effective_view,41,0.0004031861539974432,0.6212121212121212,0.8581858525480316
tag=正义之道 & tag=见义勇为,behavior=effective_view,41,0.0004031861539974432,0.6212121212121212,0.8581858525480316
tag=正义之道 & theme=39,behavior=effective_view,41,0.0004031861539974432,0.6212121212121212,0.8581858525480316
city_level=五线城市 & theme=8,behavior=effective_view,77,0.0007572032648244665,0.6209677419354839,0.8578482499309789
tag=2022光合创作者大会 & theme=15,behavior=effective_view,54,0.0005310256662405349,0.6206896551724138,0.857464081435712
tag=喜欢 & tag=玩具,behavior=effective_view,36,0.0003540171108270233,0.6206896551724138,0.857464081435712
tag=我在快手追剧 & theme=39,behavior=effective_view,49,0.00048185662307011505,0.620253164556962,0.8568610827849132
tag=提升幸福感好物,behavior=effective_view,31,0.0003048480676566034,0.62,0.8565113435674501
age_group=60+ & tag=手工,behavior=effective_view,31,0.0003048480676566034,0.62,0.8565113435674501
gender=M & tag=工厂实拍,behavior=effective_view,31,0.0003048480676566034,0.62,0.8565113435674501
city_level=三线城市 & tag=快手音乐人,behavior=effective_view,31,0.0003048480676566034,0.62,0.8565113435674501
gender=M & tag=运动一夏,behavior=effective_view,31,0.0003048480676566034,0.62,0.8565113435674501
gender=M & tag=健身教学,behavior=effective_view,31,0.0003048480676566034,0.62,0.8565113435674501
gender=M & tag=哑铃健身,behavior=effective_view,31,0.0003048480676566034,0.62,0.8565113435674501
gender=F & tag=快手暴汗健身房,behavior=effective_view,44,0.00043268757989969517,0.6197183098591549,0.8561221971142162
tag=创作灵感 & theme=12,behavior=effective_view,101,0.000993214672042482,0.6196319018404908,0.8560028270365372
city_level=五线城市 & tag=集合吧光合创作者,behavior=effective_view,96,0.0009440456288720622,0.6193548387096774,0.8556200726584309
city_level=二线城市 & tag=好物分享,behavior=effective_view,52,0.000511358048972367,0.6190476190476191,0.8551956579398503
tag=视频解说,behavior=effective_view,39,0.00038351853672927524,0.6190476190476191,0.8551956579398503
gender=F & tag=可怜天下父母心,behavior=effective_view,39,0.00038351853672927524,0.6190476190476191,0.8551956579398503
tag=恋爱日常,behavior=effective_view,26,0.0002556790244861835,0.6190476190476191,0.8551956579398503
city_level=五线城市 & tag=医学科普,behavior=effective_view,26,0.0002556790244861835,0.6190476190476191,0.8551956579398503
city_level=四线城市 & tag=快手农技人,behavior=effective_view,26,0.0002556790244861835,0.6190476190476191,0.8551956579398503
tag=持续更新下集更精彩 & tag=精彩片段,behavior=effective_view,26,0.0002556790244861835,0.6190476190476191,0.8551956579398503
city_level=三线城市 & tag=喜欢,behavior=effective_view,26,0.0002556790244861835,0.6190476190476191,0.8551956579398503
tag=记录我的农村生活 & theme=25,behavior=effective_view,26,0.0002556790244861835,0.6190476190476191,0.8551956579398503
tag=2022光合创作者大会 & tag=集结吧光合创作者,behavior=effective_view,60,0.0005900285180450389,0.6185567010309279,0.8545174694720153
city_level=四线城市 & theme=23,behavior=effective_view,34,0.00033434949355885536,0.6181818181818182,0.8539995800965777
gender=M & tag=男朋友,behavior=effective_view,21,0.0002065099813157636,0.6176470588235294,0.8532608261345566
gender=M & tag=快手剧好看,behavior=effective_view,21,0.0002065099813157636,0.6176470588235294,0.8532608261345566
age_group=60+ & tag=社会正能量,behavior=effective_view,21,0.0002065099813157636,0.6176470588235294,0.8532608261345566
gender=M & tag=驾驶技巧,behavior=effective_view,21,0.0002065099813157636,0.6176470588235294,0.8532608261345566
city_level=四线城市 & tag=伤感音乐,behavior=effective_view,21,0.0002065099813157636,0.6176470588235294,0.8532608261345566
age_group=36-45 & tag=跟着快手学做菜,behavior=effective_view,21,0.0002065099813157636,0.6176470588235294,0.8532608261345566
age_group=46-60 & tag=家庭共情,behavior=effective_view,29,0.0002851804503884354,0.6170212765957447,0.8523963268172976
age_group=36-45 & tag=生活小妙招,behavior=effective_view,29,0.0002851804503884354,0.6170212765957447,0.8523963268172976
age_group=36-45 & tag=搞笑段子,behavior=effective_view,29,0.0002851804503884354,0.6170212765957447,0.8523963268172976
gender=M & tag=一路格桑花,behavior=effective_view,29,0.0002851804503884354,0.6170212765957447,0.8523963268172976
tag=视频解说 & theme=39,behavior=effective_view,37,0.0003638509194611073,0.6166666666666667,0.8519064438708509
age_group=19-25 & tag=情感,behavior=effective_view,90,0.0008850427770675582,0.6164383561643836,0.8515910397820428
city_level=五线城市 & tag=游戏,behavior=effective_view,45,0.0004425213885337791,0.6164383561643836,0.8515910397820428
age_group=26-35 & theme=30,behavior=effective_view,56,0.0005506932835087029,0.6153846153846154,0.8501353286029281
city_level=新一线城市 & theme=27,behavior=effective_view,56,0.0005506932835087029,0.6153846153846154,0.8501353286029281
gender=F & tag=快手音乐人,behavior=effective_view,48,0.0004720228144360311,0.6153846153846154,0.8501353286029281
tag=周杰伦让大家交作业 & tag=快手暴汗健身房,behavior=effective_view,40,0.00039335234536335925,0.6153846153846154,0.8501353286029281
tag=周杰伦让大家交作业 & theme=7,behavior=effective_view,40,0.00039335234536335925,0.6153846153846154,0.8501353286029281
age_group=60+ & tag=感谢快手平台推荐我要上热门,behavior=effective_view,40,0.00039335234536335925,0.6153846153846154,0.8501353286029281
tag=剪辑 & theme=39,behavior=effective_view,40,0.00039335234536335925,0.6153846153846154,0.8501353286029281
gender=F & tag=健美比赛,behavior=effective_view,32,0.0003146818762906874,0.6153846153846154,0.8501353286029281
city_level=四线城市 & tag=朝阳1号高端轮胎新标杆,behavior=effective_view,32,0.0003146818762906874,0.6153846153846154,0.8501353286029281
tag=民间故事正能量 & theme=38,behavior=effective_view,32,0.0003146818762906874,0.6153846153846154,0.8501353286029281
tag=剧情 & tag=生活不易,behavior=effective_view,32,0.0003146818762906874,0.6153846153846154,0.8501353286029281
tag=正能量 & tag=生活不易,behavior=effective_view,32,0.0003146818762906874,0.6153846153846154,0.8501353286029281
tag=生活不易 & theme=39,behavior=effective_view,32,0.0003146818762906874,0.6153846153846154,0.8501353286029281
tag=高性能实用工具,behavior=effective_view,24,0.00023601140721801555,0.6153846153846154,0.8501353286029281
tag=疫情,behavior=effective_view,24,0.00023601140721801555,0.6153846153846154,0.8501353286029281
tag=情感 & tag=情感语录,behavior=effective_view,24,0.00023601140721801555,0.6153846153846154,0.8501353286029281
city_level=新一线城市 & tag=剧情,behavior=effective_view,24,0.00023601140721801555,0.6153846153846154,0.8501353286029281
gender=M & tag=高性能实用工具,behavior=effective_view,24,0.00023601140721801555,0.6153846153846154,0.8501353286029281
gender=M & tag=抗击疫情我们在一起,behavior=effective_view,24,0.00023601140721801555,0.6153846153846154,0.8501353286029281
age_group=19-25 & tag=美妆百万新星计划,behavior=effective_view,24,0.00023601140721801555,0.6153846153846154,0.8501353286029281
age_group=26-35 & theme=10,behavior=effective_view,179,0.0017602517455010327,0.6151202749140894,0.8497701501971708
tag=居家锻炼 & theme=7,behavior=effective_view,59,0.0005801947094109549,0.6145833333333334,0.8490283815604764
city_level=四线城市 & tag=好物分享,behavior=effective_view,59,0.0005801947094109549,0.6145833333333334,0.8490283815604764
tag=秋天的第一首歌,behavior=effective_view,121,0.0011898908447241616,0.6142131979695431,0.8485170506931509
age_group=60+ & theme=5,behavior=effective_view,148,0.001455403677844429,0.6141078838174274,0.8483715623610133
tag=手工制作,behavior=effective_view,35,0.0003441833021929393,0.6140350877192983,0.8482709967419567
gender=F & tag=我在快手涨知识,behavior=effective_view,35,0.0003441833021929393,0.6140350877192983,0.8482709967419567
gender=F & tag=搞笑段子,behavior=effective_view,35,0.0003441833021929393,0.6140350877192983,0.8482709967419567
age_group=26-35 & tag=专治各种不开心,behavior=effective_view,35,0.0003441833021929393,0.6140350877192983,0.8482709967419567
city_level=四线城市 & tag=热爱快手支持正能量,behavior=effective_view,35,0.0003441833021929393,0.6140350877192983,0.8482709967419567
tag=农村手艺人,behavior=effective_view,27,0.00026551283312026746,0.6136363636363636,0.847720171419397
age_group=46-60 & tag=快手美食,behavior=effective_view,27,0.00026551283312026746,0.6136363636363636,0.847720171419397
tag=农村手艺人 & theme=15,behavior=effective_view,27,0.00026551283312026746,0.6136363636363636,0.847720171419397
age_group=36-45 & tag=家庭,behavior=effective_view,27,0.00026551283312026746,0.6136363636363636,0.847720171419397
city_level=五线城市 & tag=剧星计划,behavior=effective_view,38,0.0003736847280951913,0.6129032258064516,0.8467073635682388
tag=我在快手整活 & tag=秋天的第一首歌,behavior=effective_view,68,0.0006686989871177107,0.6126126126126126,0.8463058901857977
tag=法国斗牛犬,behavior=effective_view,30,0.00029501425902251943,0.6122448979591837,0.8457979034569948
tag=法国斗牛犬 & theme=17,behavior=effective_view,30,0.00029501425902251943,0.6122448979591837,0.8457979034569948
city_level=三线城市 & tag=我的乡村生活,behavior=effective_view,30,0.00029501425902251943,0.6122448979591837,0.8457979034569948
tag=经典老歌 & theme=2,behavior=effective_view,112,0.0011013865670174059,0.6120218579234973,0.8454897803591962
tag=2022光合创作者大会 & theme=2,behavior=effective_view,85,0.0008358737338971384,0.6115107913669064,0.8447837572897801
tag=经典老歌,behavior=effective_view,118,0.0011603894188219098,0.6113989637305699,0.8446292707751888
tag=美妆百万新星计划,behavior=effective_view,66,0.0006490313698495427,0.6111111111111112,0.8442316110431856
city_level=三线城市 & tag=爱音乐爱唱歌,behavior=effective_view,44,0.00043268757989969517,0.6111111111111112,0.8442316110431856
tag=快手热点 & theme=12,behavior=effective_view,44,0.00043268757989969517,0.6111111111111112,0.8442316110431856
city_level=新一线城市 & tag=热门,behavior=effective_view,33,0.00032451568492477135,0.6111111111111112,0.8442316110431856
gender=M & tag=蛇形刁手,behavior=effective_view,33,0.00032451568492477135,0.6111111111111112,0.8442316110431856
tag=早餐,behavior=effective_view,22,0.00021634378994984759,0.6111111111111112,0.8442316110431856
tag=夏天你好,behavior=effective_view,22,0.00021634378994984759,0.6111111111111112,0.8442316110431856
tag=饺子,behavior=effective_view,22,0.00021634378994984759,0.6111111111111112,0.8442316110431856
age_group=60+ & tag=快手光合作者助手,behavior=effective_view,22,0.00021634378994984759,0.6111111111111112,0.8442316110431856
tag=儿童视频 & tag=搞笑视频,behavior=effective_view,22,0.00021634378994984759,0.6111111111111112,0.8442316110431856
age_group=19-25 & tag=手机摄影,behavior=effective_view,22,0.00021634378994984759,0.6111111111111112,0.8442316110431856
city_level=新一线城市 & tag=快手放映厅,behavior=effective_view,22,0.00021634378994984759,0.6111111111111112,0.8442316110431856
tag=饺子 & theme=12,behavior=effective_view,22,0.00021634378994984759,0.6111111111111112,0.8442316110431856
gender=F & theme=4,behavior=effective_view,708,0.006962336512931458,0.6108714408973253,0.8439005138547616
tag=健康科普,behavior=effective_view,61,0.0005998623266791228,0.61,0.8426966444776525
tag=阿拉斯加犬,behavior=effective_view,25,0.0002458452158520995,0.6097560975609756,0.8423597005974135
gender=F & tag=快手农技人,behavior=effective_view,25,0.0002458452158520995,0.6097560975609756,0.8423597005974135
tag=快手热点 & theme=19,behavior=effective_view,25,0.0002458452158520995,0.6097560975609756,0.8423597005974135
age_group=60+ & tag=见义勇为,behavior=effective_view,25,0.0002458452158520995,0.6097560975609756,0.8423597005974135
gender=M & tag=水电工,behavior=effective_view,25,0.0002458452158520995,0.6097560975609756,0.8423597005974135
tag=快手热度 & theme=39,behavior=effective_view,25,0.0002458452158520995,0.6097560975609756,0.8423597005974135
tag=快手热点 & tag=快手美食,behavior=effective_view,25,0.0002458452158520995,0.6097560975609756,0.8423597005974135
tag=阿拉斯加犬 & theme=17,behavior=effective_view,25,0.0002458452158520995,0.6097560975609756,0.8423597005974135
tag=居家锻炼,behavior=effective_view,64,0.0006293637525813748,0.6095238095238096,0.8420388016638526
tag=快手光合计划 & theme=39,behavior=effective_view,39,0.00038351853672927524,0.609375,0.8418332257845401
tag=原创解说,behavior=effective_view,28,0.00027534664175435147,0.6086956521739131,0.8408947272050702
tag=原创解说 & theme=39,behavior=effective_view,28,0.00027534664175435147,0.6086956521739131,0.8408947272050702
age_group=46-60 & tag=爱音乐爱快手,behavior=effective_view,45,0.0004425213885337791,0.6081081081081081,0.840083052757961
tag=健身教学,behavior=effective_view,31,0.0003048480676566034,0.6078431372549019,0.8397170034975
age_group=46-60 & tag=找工作,behavior=effective_view,31,0.0003048480676566034,0.6078431372549019,0.8397170034975
gender=M & tag=电工,behavior=effective_view,31,0.0003048480676566034,0.6078431372549019,0.8397170034975
tag=健身教学 & tag=哑铃健身,behavior=effective_view,31,0.0003048480676566034,0.6078431372549019,0.8397170034975
tag=健身教学 & tag=居家锻炼,behavior=effective_view,31,0.0003048480676566034,0.6078431372549019,0.8397170034975
tag=健身教学 & theme=7,behavior=effective_view,31,0.0003048480676566034,0.6078431372549019,0.8397170034975
city_level=四线城市 & theme=27,behavior=effective_view,82,0.0008063723079948864,0.6074074074074074,0.839115055824742
tag=民间故事正能量,behavior=effective_view,34,0.00033434949355885536,0.6071428571428571,0.8387495875948531
city_level=四线城市 & tag=剧星大赛,behavior=effective_view,34,0.00033434949355885536,0.6071428571428571,0.8387495875948531
age_group=36-45 & theme=4,behavior=effective_view,194,0.0019077588750122923,0.60625,0.8375161323189783
tag=婚姻 & theme=19,behavior=effective_view,40,0.00039335234536335925,0.6060606060606061,0.8372544902907625
tag=犯我中华虽远必诛,behavior=effective_view,20,0.00019667617268167962,0.6060606060606061,0.8372544902907625
age_group=26-35 & tag=快手美食,behavior=effective_view,20,0.00019667617268167962,0.6060606060606061,0.8372544902907625
age_group=60+ & tag=男人,behavior=effective_view,20,0.00019667617268167962,0.6060606060606061,0.8372544902907625
tag=今天拍点啥 & theme=2,behavior=effective_view,20,0.00019667617268167962,0.6060606060606061,0.8372544902907625
gender=M & tag=推文,behavior=effective_view,20,0.00019667617268167962,0.6060606060606061,0.8372544902907625
gender=M & tag=每日一笑,behavior=effective_view,20,0.00019667617268167962,0.6060606060606061,0.8372544902907625
tag=犯我中华虽远必诛 & theme=39,behavior=effective_view,20,0.00019667617268167962,0.6060606060606061,0.8372544902907625
gender=M & tag=快手游戏热点,behavior=effective_view,20,0.00019667617268167962,0.6060606060606061,0.8372544902907625
gender=M & tag=伤感音乐,behavior=effective_view,69,0.0006785327957517947,0.6052631578947368,0.836152839645643
tag=打麻将,behavior=effective_view,23,0.00022617759858393157,0.6052631578947368,0.836152839645643
age_group=60+ & tag=fyp,behavior=effective_view,23,0.00022617759858393157,0.6052631578947368,0.836152839645643
age_group=26-35 & tag=夫妻日常,behavior=effective_view,23,0.00022617759858393157,0.6052631578947368,0.836152839645643
city_level=五线城市 & tag=萌宠,behavior=effective_view,23,0.00022617759858393157,0.6052631578947368,0.836152839645643
city_level=三线城市 & tag=找工作,behavior=effective_view,23,0.00022617759858393157,0.6052631578947368,0.836152839645643
tag=快影10秒智能成片 & theme=39,behavior=effective_view,23,0.00022617759858393157,0.6052631578947368,0.836152839645643
tag=情感 & theme=2,behavior=effective_view,23,0.00022617759858393157,0.6052631578947368,0.836152839645643
tag=妆前妆后 & tag=美妆百万新星计划,behavior=effective_view,23,0.00022617759858393157,0.6052631578947368,0.836152839645643
tag=我在快手追剧,behavior=effective_view,52,0.000511358048972367,0.6046511627906976,0.83530738682497
tag=戒烟,behavior=effective_view,26,0.0002556790244861835,0.6046511627906976,0.83530738682497
tag=水电工,behavior=effective_view,29,0.0002851804503884354,0.6041666666666666,0.8346380700086038
age_group=26-35 & tag=我的乡村生活,behavior=effective_view,29,0.0002851804503884354,0.6041666666666666,0.8346380700086038
tag=好物分享,behavior=effective_view,264,0.002596125479398171,0.6041189931350115,0.8345722104591674
city_level=新一线城市 & theme=16,behavior=effective_view,93,0.0009145442029698102,0.6038961038961039,0.8342642956825812
gender=M & tag=短剧MCN影响力大赛,behavior=effective_view,41,0.0004031861539974432,0.6029411764705882,0.8329450921789717
age_group=46-60 & tag=好物分享,behavior=effective_view,53,0.000521191857606451,0.6022727272727273,0.8320216497264452
city_level=五线城市 & theme=4,behavior=effective_view,235,0.0023109450290097356,0.6010230179028133,0.830295213836939
tag=零食,behavior=effective_view,54,0.0005310256662405349,0.6,0.8288819453878549
tag=中医 & theme=16,behavior=effective_view,45,0.0004425213885337791,0.6,0.8288819453878549
gender=M & tag=居家锻炼,behavior=effective_view,45,0.0004425213885337791,0.6,0.8288819453878549
age_group=60+ & tag=全诺1号更静音的高端轮胎,behavior=effective_view,39,0.00038351853672927524,0.6,0.8288819453878549
age_group=60+ & tag=全诺轮胎一路无忧,behavior=effective_view,39,0.00038351853672927524,0.6,0.8288819453878549
age_group=60+ & tag=秋天的第一首歌,behavior=effective_view,36,0.0003540171108270233,0.6,0.8288819453878549
age_group=26-35 & tag=精彩片段,behavior=effective_view,36,0.0003540171108270233,0.6,0.8288819453878549
tag=翻唱 & theme=2,behavior=effective_view,36,0.0003540171108270233,0.6,0.8288819453878549
city_level=一线城市 & theme=4,behavior=effective_view,36,0.0003540171108270233,0.6,0.8288819453878549
tag=蛇形刁手,behavior=effective_view,33,0.00032451568492477135,0.6,0.8288819453878549
tag=蛇形刁手 & theme=39,behavior=effective_view,33,0.00032451568492477135,0.6,0.8288819453878549
city_level=一线城市 & tag=追剧一夏,behavior=effective_view,33,0.00032451568492477135,0.6,0.8288819453878549
tag=COS巅峰对决,behavior=effective_view,30,0.00029501425902251943,0.6,0.8288819453878549
gender=F & tag=快手三农,behavior=effective_view,24,0.00023601140721801555,0.6,0.8288819453878549
tag=创作灵感 & theme=15,behavior=effective_view,24,0.00023601140721801555,0.6,0.8288819453878549
gender=F & tag=奇幻,behavior=effective_view,24,0.00023601140721801555,0.6,0.8288819453878549
tag=快手影视高热计划 & tag=快手放映厅,behavior=effective_view,24,0.00023601140721801555,0.6,0.8288819453878549
gender=M & tag=懒人神器,behavior=effective_view,24,0.00023601140721801555,0.6,0.8288819453878549
tag=特色美食,behavior=effective_view,21,0.0002065099813157636,0.6,0.8288819453878549
age_group=60+ & tag=中医,behavior=effective_view,21,0.0002065099813157636,0.6,0.8288819453878549
age_group=60+ & tag=经典影视,behavior=effective_view,21,0.0002065099813157636,0.6,0.8288819453878549
tag=特色美食 & theme=12,behavior=effective_view,21,0.0002065099813157636,0.6,0.8288819453878549
gender=M & tag=农村手艺人,behavior=effective_view,21,0.0002065099813157636,0.6,0.8288819453878549
theme=8,behavior=effective_view,314,0.00308781591110237,0.5992366412213741,0.8278273882054277
age_group=26-35 & tag=好物分享,behavior=effective_view,52,0.000511358048972367,0.5977011494252874,0.8257061524936486
city_level=五线城市 & tag=我在快手整活,behavior=effective_view,206,0.0020257645786213,0.5971014492753624,0.8248776847821165
city_level=五线城市 & tag=情侣,behavior=effective_view,68,0.0006686989871177107,0.5964912280701754,0.8240346825493293
city_level=四线城市 & tag=家乡美食,behavior=effective_view,34,0.00033434949355885536,0.5964912280701754,0.8240346825493293
gender=F & tag=善待老人,behavior=effective_view,34,0.00033434949355885536,0.5964912280701754,0.8240346825493293
tag=快手快看新车计划,behavior=effective_view,59,0.0005801947094109549,0.5959595959595959,0.8233002487859163
tag=快手快看新车计划 & theme=18,behavior=effective_view,59,0.0005801947094109549,0.5959595959595959,0.8233002487859163
tag=电影剪辑,behavior=effective_view,28,0.00027534664175435147,0.5957446808510638,0.8230033500304942
tag=音乐推荐,behavior=effective_view,28,0.00027534664175435147,0.5957446808510638,0.8230033500304942
tag=电影剪辑 & theme=39,behavior=effective_view,28,0.00027534664175435147,0.5957446808510638,0.8230033500304942
tag=音乐推荐 & theme=2,behavior=effective_view,28,0.00027534664175435147,0.5957446808510638,0.8230033500304942
tag=居家好物 & theme=36,behavior=effective_view,28,0.00027534664175435147,0.5957446808510638,0.8230033500304942
city_level=三线城市 & tag=手机摄影,behavior=effective_view,25,0.0002458452158520995,0.5952380952380952,0.8223035172498561
city_level=三线城市 & theme=10,behavior=effective_view,163,0.001602910807355689,0.5948905109489051,0.8218233400135058
age_group=60+ & tag=剧星计划,behavior=effective_view,44,0.00043268757989969517,0.5945945945945946,0.8214145404744508
tag=孝敬父母不能等,behavior=effective_view,22,0.00021634378994984759,0.5945945945945946,0.8214145404744508
gender=M & tag=手工制作,behavior=effective_view,22,0.00021634378994984759,0.5945945945945946,0.8214145404744508
tag=三农 & tag=种植小技巧,behavior=effective_view,22,0.00021634378994984759,0.5945945945945946,0.8214145404744508
gender=M & tag=经典老歌,behavior=effective_view,82,0.0008063723079948864,0.5942028985507246,0.820873424176378
city_level=五线城市 & tag=百善孝为先,behavior=effective_view,35,0.0003441833021929393,0.5932203389830508,0.8195160476998564
gender=M & tag=我的探店日记,behavior=effective_view,35,0.0003441833021929393,0.5932203389830508,0.8195160476998564
tag=快手弹幕 & theme=2,behavior=effective_view,32,0.0003146818762906874,0.5925925925925926,0.8186488349509677
tag=搞笑 & tag=搞笑段子,behavior=effective_view,45,0.0004425213885337791,0.5921052631578947,0.8179756040011725
tag=打击人贩子,behavior=effective_view,29,0.0002851804503884354,0.5918367346938775,0.8176046400084283
city_level=新一线城市 & tag=集合吧光合创作者,behavior=effective_view,42,0.0004130199626315272,0.5915492957746479,0.8172075517908428
age_group=60+ & tag=经典老歌,behavior=effective_view,39,0.00038351853672927524,0.5909090909090909,0.8163231280334935
tag=真人真事爱心传递 & theme=19,behavior=effective_view,26,0.0002556790244861835,0.5909090909090909,0.8163231280334935
gender=M & tag=快手快看新车计划,behavior=effective_view,49,0.00048185662307011505,0.5903614457831325,0.8155665727711825
tag=翻唱,behavior=effective_view,36,0.0003540171108270233,0.5901639344262295,0.8152937167749392
gender=F & theme=26,behavior=effective_view,105,0.0010325499065788179,0.5898876404494382,0.8149120249599696
tag=这歌唱的太好听了,behavior=effective_view,23,0.00022617759858393157,0.5897435897435898,0.8147130232444727
tag=五金工具,behavior=effective_view,23,0.00022617759858393157,0.5897435897435898,0.8147130232444727
tag=我的探店日记,behavior=effective_view,40,0.00039335234536335925,0.5882352941176471,0.8126293582233871
tag=我的探店日记 & theme=12,behavior=effective_view,40,0.00039335234536335925,0.5882352941176471,0.8126293582233871
tag=致敬中国军人,behavior=effective_view,30,0.00029501425902251943,0.5882352941176471,0.8126293582233871
city_level=二线城市 & tag=三农,behavior=effective_view,30,0.00029501425902251943,0.5882352941176471,0.8126293582233871
tag=看一次笑十次,behavior=effective_view,20,0.00019667617268167962,0.5882352941176471,0.8126293582233871
tag=训犬,behavior=effective_view,20,0.00019667617268167962,0.5882352941176471,0.8126293582233871
tag=训犬学校,behavior=effective_view,20,0.00019667617268167962,0.5882352941176471,0.8126293582233871
tag=这歌唱的太好听了 & theme=2,behavior=effective_view,20,0.00019667617268167962,0.5882352941176471,0.8126293582233871
tag=搞笑配音 & tag=搞笑配音视频,behavior=effective_view,20,0.00019667617268167962,0.5882352941176471,0.8126293582233871
city_level=二线城市 & tag=快手美食家,behavior=effective_view,20,0.00019667617268167962,0.5882352941176471,0.8126293582233871
tag=训犬 & tag=训犬学校,behavior=effective_view,20,0.00019667617268167962,0.5882352941176471,0.8126293582233871
tag=训犬 & theme=17,behavior=effective_view,20,0.00019667617268167962,0.5882352941176471,0.8126293582233871
tag=训犬学校 & theme=17,behavior=effective_view,20,0.00019667617268167962,0.5882352941176471,0.8126293582233871
tag=快手美食家,behavior=effective_view,141,0.0013865670174058413,0.5875,0.8116135715256079
city_level=三线城市 & tag=好物分享,behavior=effective_view,54,0.0005310256662405349,0.5869565217391305,0.810862772662032
tag=法斗,behavior=effective_view,27,0.00026551283312026746,0.5869565217391305,0.810862772662032
tag=法斗 & theme=17,behavior=effective_view,27,0.00026551283312026746,0.5869565217391305,0.810862772662032
age_group=46-60 & tag=经典老歌,behavior=effective_view,27,0.00026551283312026746,0.5869565217391305,0.810862772662032
tag=打击人贩子 & tag=正能量专递,behavior=effective_view,27,0.00026551283312026746,0.5869565217391305,0.810862772662032
tag=打击人贩子 & theme=39,behavior=effective_view,27,0.00026551283312026746,0.5869565217391305,0.810862772662032
tag=穿搭 & theme=5,behavior=effective_view,44,0.00043268757989969517,0.5866666666666667,0.8104623466014581
tag=电工,behavior=effective_view,34,0.00033434949355885536,0.5862068965517241,0.8098271880226168
tag=伤感情歌,behavior=effective_view,58,0.0005703609007768709,0.5858585858585859,0.8093460072810704
tag=伤感情歌 & theme=2,behavior=effective_view,58,0.0005703609007768709,0.5858585858585859,0.8093460072810704
tag=数码科技,behavior=effective_view,41,0.0004031861539974432,0.5857142857142857,0.8091466609738583
tag=创意美食,behavior=effective_view,24,0.00023601140721801555,0.5853658536585366,0.8086653125735169
tag=法国斗牛犬 & tag=法斗,behavior=effective_view,24,0.00023601140721801555,0.5853658536585366,0.8086653125735169
tag=法国斗牛犬 & tag=萌宠,behavior=effective_view,24,0.00023601140721801555,0.5853658536585366,0.8086653125735169
tag=法斗 & tag=萌宠,behavior=effective_view,24,0.00023601140721801555,0.5853658536585366,0.8086653125735169
tag=创意美食 & theme=12,behavior=effective_view,24,0.00023601140721801555,0.5853658536585366,0.8086653125735169
age_group=26-35 & tag=持续更新下集更精彩,behavior=effective_view,24,0.00023601140721801555,0.5853658536585366,0.8086653125735169
gender=F & tag=快小菜,behavior=effective_view,38,0.0003736847280951913,0.5846153846153846,0.8076285621727817
gender=M & tag=健康科普,behavior=effective_view,38,0.0003736847280951913,0.5846153846153846,0.8076285621727817
gender=M & tag=弹弓,behavior=effective_view,45,0.0004425213885337791,0.5844155844155844,0.8073525442089495
city_level=五线城市 & theme=26,behavior=effective_view,52,0.000511358048972367,0.5842696629213483,0.807150958055589
tag=快手美食家 & theme=12,behavior=effective_view,139,0.0013668994001376734,0.5840336134453782,0.8068248628075059
age_group=36-45 & theme=27,behavior=effective_view,63,0.0006195299439472907,0.5833333333333334,0.8058574469048589
tag=穿搭,behavior=effective_view,56,0.0005506932835087029,0.5833333333333334,0.8058574469048589
tag=颜值,behavior=effective_view,28,0.00027534664175435147,0.5833333333333334,0.8058574469048589
city_level=一线城市 & theme=16,behavior=effective_view,28,0.00027534664175435147,0.5833333333333334,0.8058574469048589
age_group=26-35 & tag=快手美食家,behavior=effective_view,28,0.00027534664175435147,0.5833333333333334,0.8058574469048589
tag=数码,behavior=effective_view,21,0.0002065099813157636,0.5833333333333334,0.8058574469048589
tag=数码 & theme=27,behavior=effective_view,21,0.0002065099813157636,0.5833333333333334,0.8058574469048589
tag=打麻将 & theme=11,behavior=effective_view,21,0.0002065099813157636,0.5833333333333334,0.8058574469048589
gender=M & tag=五金工具,behavior=effective_view,21,0.0002065099813157636,0.5833333333333334,0.8058574469048589
gender=M & tag=好物分享,behavior=effective_view,144,0.0014160684433080933,0.582995951417004,0.805391363939616
tag=弹弓,behavior=effective_view,46,0.00045235519716786313,0.5822784810126582,0.8044002001654288
tag=伤感音乐,behavior=effective_view,85,0.0008358737338971384,0.5821917808219178,0.8042804264608181
tag=伤感音乐 & theme=2,behavior=effective_view,85,0.0008358737338971384,0.5821917808219178,0.8042804264608181
age_group=19-25 & theme=27,behavior=effective_view,121,0.0011898908447241616,0.5817307692307693,0.8036435528199555
gender=M & tag=电影剪辑,behavior=effective_view,25,0.0002458452158520995,0.5813953488372093,0.8031801796393943
tag=上快手看欧冠 & theme=2,behavior=effective_view,25,0.0002458452158520995,0.5813953488372093,0.8031801796393943
age_group=46-60 & tag=爱音乐爱唱歌,behavior=effective_view,65,0.0006391975612154587,0.5803571428571429,0.8017459293186097
age_group=19-25 & tag=游戏,behavior=effective_view,47,0.0004621890058019471,0.5802469135802469,0.8015936508894893
age_group=19-25 & theme=4,behavior=effective_view,264,0.002596125479398171,0.5802197802197803,0.8015561669684751
tag=数码科技 & theme=27,behavior=effective_view,40,0.00039335234536335925,0.5797101449275363,0.8008521211476859
tag=夏日暴击 & theme=2,behavior=effective_view,51,0.0005015242403382831,0.5795454545454546,0.8006246063405417
age_group=46-60 & tag=伤感音乐,behavior=effective_view,22,0.00021634378994984759,0.5789473684210527,0.7997983683567021
city_level=五线城市 & theme=27,behavior=effective_view,74,0.0007277018389222146,0.578125,0.7986622911289226
tag=手机,behavior=effective_view,52,0.000511358048972367,0.5777777777777777,0.7981826140771935
age_group=36-45 & tag=快手美食家,behavior=effective_view,26,0.0002556790244861835,0.5777777777777777,0.7981826140771935
age_group=46-60 & tag=好物推荐,behavior=effective_view,30,0.00029501425902251943,0.5769230769230769,0.797001870565245
tag=伤感歌曲,behavior=effective_view,49,0.00048185662307011505,0.5764705882352941,0.7963767710589194
tag=伤感歌曲 & theme=2,behavior=effective_view,49,0.00048185662307011505,0.5764705882352941,0.7963767710589194
tag=女人 & theme=19,behavior=effective_view,34,0.00033434949355885536,0.576271186440678,0.7961013034798606
tag=快小菜 & tag=我是爆款王,behavior=effective_view,61,0.0005998623266791228,0.5754716981132075,0.7949968344128796
age_group=46-60 & tag=情侣,behavior=effective_view,42,0.0004130199626315272,0.5753424657534246,0.7948183037965731
city_level=二线城市 & tag=情侣,behavior=effective_view,46,0.00045235519716786313,0.575,0.7943451976633609
tag=每周打卡,behavior=effective_view,23,0.00022617759858393157,0.575,0.7943451976633609
tag=生活小妙招 & theme=5,behavior=effective_view,23,0.00022617759858393157,0.575,0.7943451976633609
age_group=60+ & tag=伤感情歌,behavior=effective_view,23,0.00022617759858393157,0.575,0.7943451976633609
city_level=三线城市 & tag=快手美食,behavior=effective_view,23,0.00022617759858393157,0.575,0.7943451976633609
city_level=三线城市 & tag=快手美食家,behavior=effective_view,23,0.00022617759858393157,0.575,0.7943451976633609
tag=这也太好看了吧,behavior=effective_view,31,0.0003048480676566034,0.5740740740740741,0.79306605885875
gender=M & tag=数码科技,behavior=effective_view,35,0.0003441833021929393,0.5737704918032787,0.7926466690867464
age_group=19-25 & tag=正能量,behavior=effective_view,39,0.00038351853672927524,0.5735294117647058,0.7923136242678024
tag=手机 & theme=27,behavior=effective_view,51,0.0005015242403382831,0.5730337078651685,0.7916288242468277
gender=M & theme=8,behavior=effective_view,178,0.0017504179368669486,0.572347266881029,0.7906805266829484
city_level=新一线城市 & theme=4,behavior=effective_view,107,0.001052217523846986,0.5721925133689839,0.7904667393627492
tag=健康科普 & theme=16,behavior=effective_view,44,0.00043268757989969517,0.5714285714285714,0.7894113765598617
tag=搞笑小品,behavior=effective_view,40,0.00039335234536335925,0.5714285714285714,0.7894113765598617
tag=搞笑小品 & theme=9,behavior=effective_view,40,0.00039335234536335925,0.5714285714285714,0.7894113765598617
tag=传播农业小知识,behavior=effective_view,28,0.00027534664175435147,0.5714285714285714,0.7894113765598617
gender=M & tag=零食,behavior=effective_view,28,0.00027534664175435147,0.5714285714285714,0.7894113765598617
tag=传播农业小知识 & theme=13,behavior=effective_view,28,0.00027534664175435147,0.5714285714285714,0.7894113765598617
tag=职业拳击,behavior=effective_view,20,0.00019667617268167962,0.5714285714285714,0.7894113765598617
tag=童话魔法,behavior=effective_view,20,0.00019667617268167962,0.5714285714285714,0.7894113765598617
tag=手机 & tag=数码,behavior=effective_view,20,0.00019667617268167962,0.5714285714285714,0.7894113765598617
tag=职业拳击 & theme=7,behavior=effective_view,20,0.00019667617268167962,0.5714285714285714,0.7894113765598617
city_level=五线城市 & tag=怀旧经典影视,behavior=effective_view,20,0.00019667617268167962,0.5714285714285714,0.7894113765598617
tag=古彩戏法 & tag=热爱快手支持正能量,behavior=effective_view,20,0.00019667617268167962,0.5714285714285714,0.7894113765598617
tag=古彩戏法 & tag=童话魔法,behavior=effective_view,20,0.00019667617268167962,0.5714285714285714,0.7894113765598617
tag=热爱快手支持正能量 & tag=童话魔法,behavior=effective_view,20,0.00019667617268167962,0.5714285714285714,0.7894113765598617
tag=童话魔法 & theme=15,behavior=effective_view,20,0.00019667617268167962,0.5714285714285714,0.7894113765598617
gender=M & tag=口罩防护,behavior=effective_view,20,0.00019667617268167962,0.5714285714285714,0.7894113765598617
tag=经典老歌 & tag=音乐,behavior=effective_view,20,0.00019667617268167962,0.5714285714285714,0.7894113765598617
gender=M & tag=伤感情歌,behavior=effective_view,45,0.0004425213885337791,0.569620253164557,0.7869132392922673
city_level=五线城市 & tag=快手美食家,behavior=effective_view,33,0.00032451568492477135,0.5689655172413793,0.7860087413160693
tag=伤感情歌 & tag=伤感音乐,behavior=effective_view,25,0.0002458452158520995,0.5681818181818182,0.78492608464759
tag=卡点,behavior=effective_view,21,0.0002065099813157636,0.5675675675675675,0.7840775159074302
tag=平价好物,behavior=effective_view,21,0.0002065099813157636,0.5675675675675675,0.7840775159074302
tag=元气打糕,behavior=effective_view,30,0.00029501425902251943,0.5660377358490566,0.7819640994225046
gender=M & tag=我在快手追剧,behavior=effective_view,30,0.00029501425902251943,0.5660377358490566,0.7819640994225046
tag=元气打糕 & theme=12,behavior=effective_view,30,0.00029501425902251943,0.5660377358490566,0.7819640994225046
age_group=26-35 & tag=情侣,behavior=effective_view,86,0.0008457075425312223,0.5657894736842105,0.7816211327122315
gender=M & tag=手机,behavior=effective_view,43,0.00042285377126561116,0.5657894736842105,0.7816211327122315
age_group=36-45 & tag=好物分享,behavior=effective_view,39,0.00038351853672927524,0.5652173913043478,0.7808308181189937
city_level=五线城市 & tag=农村搞笑段子,behavior=effective_view,26,0.0002556790244861835,0.5652173913043478,0.7808308181189937
age_group=60+ & tag=好物推荐,behavior=effective_view,22,0.00021634378994984759,0.5641025641025641,0.7792907178860173
gender=F & tag=表情包,behavior=effective_view,22,0.00021634378994984759,0.5641025641025641,0.7792907178860173
gender=M & tag=伤感歌曲,behavior=effective_view,40,0.00039335234536335925,0.5633802816901409,0.7782929064674694
city_level=五线城市 & theme=5,behavior=effective_view,152,0.0014947389123807651,0.562962962962963,0.7777163932034195
gender=F & tag=好物推荐,behavior=effective_view,36,0.0003540171108270233,0.5625,0.777076823801114
city_level=四线城市 & tag=秋天的第一首歌,behavior=effective_view,27,0.00026551283312026746,0.5625,0.777076823801114
tag=好物推荐 & theme=27,behavior=effective_view,27,0.00026551283312026746,0.5625,0.777076823801114
city_level=三线城市 & theme=5,behavior=effective_view,150,0.001475071295112597,0.5617977528089888,0.7761066904380665
city_level=四线城市 & tag=快手热度,behavior=effective_view,23,0.00022617759858393157,0.5609756097560976,0.7749709245496205
gender=M & tag=音乐推荐,behavior=effective_view,23,0.00022617759858393157,0.5609756097560976,0.7749709245496205
gender=M & tag=文案,behavior=effective_view,23,0.00022617759858393157,0.5609756097560976,0.7749709245496205
tag=美妆百万新星计划 & theme=4,behavior=effective_view,51,0.0005015242403382831,0.5604395604395604,0.7742303885490952
city_level=四线城市 & tag=情侣,behavior=effective_view,84,0.0008260399252630544,0.56,0.7736231490286646
gender=F & tag=周杰伦让大家交作业,behavior=effective_view,28,0.00027534664175435147,0.56,0.7736231490286646
tag=这也太好看了吧 & theme=5,behavior=effective_view,28,0.00027534664175435147,0.56,0.7736231490286646
tag=弹弓 & theme=15,behavior=effective_view,33,0.00032451568492477135,0.559322033898305,0.7726865592598646
tag=创作灵感 & tag=集结吧光合创作者,behavior=effective_view,24,0.00023601140721801555,0.5581395348837209,0.7710529724538184
tag=好物分享 & theme=36,behavior=effective_view,45,0.0004425213885337791,0.5555555555555556,0.7674832827665323
tag=口罩防护,behavior=effective_view,25,0.0002458452158520995,0.5555555555555556,0.7674832827665323
tag=创作灵感 & tag=快小菜,behavior=effective_view,46,0.00045235519716786313,0.5542168674698795,0.7656339254586612
tag=创作灵感 & tag=我是爆款王,behavior=effective_view,46,0.00045235519716786313,0.5542168674698795,0.7656339254586612
city_level=四线城市 & tag=零食推荐,behavior=effective_view,31,0.0003048480676566034,0.5535714285714286,0.7647422710423661
tag=妈呀太香了,behavior=effective_view,26,0.0002556790244861835,0.5531914893617021,0.7642173964568875
tag=热爱快手支持正能量 & theme=15,behavior=effective_view,21,0.0002065099813157636,0.5526315789473685,0.7634438970677612
city_level=四线城市 & tag=短剧MCN影响力大赛,behavior=effective_view,21,0.0002065099813157636,0.5526315789473685,0.7634438970677612
age_group=26-35 & tag=好剧推荐,behavior=effective_view,32,0.0003146818762906874,0.5517241379310345,0.7621902946095217
tag=我在快手整活 & tag=艾特你想艾特的人,behavior=effective_view,44,0.00043268757989969517,0.55,0.759808449938867
gender=M & tag=搞笑小品,behavior=effective_view,33,0.00032451568492477135,0.55,0.759808449938867
gender=F & tag=秋天的第一首歌,behavior=effective_view,39,0.00038351853672927524,0.5492957746478874,0.7588355838057826
gender=F & tag=手机摄影,behavior=effective_view,34,0.00033434949355885536,0.5483870967741935,0.7575802726663189
age_group=19-25 & tag=好物推荐,behavior=effective_view,46,0.00045235519716786313,0.5476190476190477,0.7565192358698676
gender=M & tag=民间故事正能量,behavior=effective_view,23,0.00022617759858393157,0.5476190476190477,0.7565192358698676
city_level=五线城市 & tag=经典老歌,behavior=effective_view,26,0.0002556790244861835,0.5416666666666666,0.7482962006973689
tag=情感 & tag=手机摄影,behavior=effective_view,26,0.0002556790244861835,0.5416666666666666,0.7482962006973689
tag=2022新农人计划,behavior=effective_view,20,0.00019667617268167962,0.5405405405405406,0.7467404913404099
city_level=五线城市 & tag=伤感音乐,behavior=effective_view,20,0.00019667617268167962,0.5405405405405406,0.7467404913404099
tag=2022新农人计划 & theme=13,behavior=effective_view,20,0.00019667617268167962,0.5405405405405406,0.7467404913404099
city_level=四线城市 & tag=好物推荐,behavior=effective_view,27,0.00026551283312026746,0.54,0.7459937508490694
gender=F & theme=5,behavior=effective_view,308,0.003028813059297866,0.5394045534150613,0.7451711593095719
tag=情侣,behavior=effective_view,319,0.00313698495427279,0.5388513513513513,0.7444069273049709
age_group=60+ & tag=快手暴汗健身房,behavior=effective_view,21,0.0002065099813157636,0.5384615384615384,0.743868412527562
tag=小时候的味道,behavior=effective_view,22,0.00021634378994984759,0.5365853658536586,0.7412765365257239
age_group=36-45 & tag=零食推荐,behavior=effective_view,22,0.00021634378994984759,0.5365853658536586,0.7412765365257239
gender=F & tag=天气预报求雨舞,behavior=effective_view,22,0.00021634378994984759,0.5365853658536586,0.7412765365257239
gender=M & tag=快手美食家,behavior=effective_view,74,0.0007277018389222146,0.5362318840579711,0.7407882120616095
city_level=新一线城市 & tag=情侣,behavior=effective_view,30,0.00029501425902251943,0.5357142857142857,0.7400731655248703
city_level=四线城市 & theme=5,behavior=effective_view,138,0.0013570655915035893,0.5348837209302325,0.7389257652682426
age_group=46-60 & theme=5,behavior=effective_view,117,0.0011505556101878258,0.5318181818181819,0.7346908152301441
age_group=60+ & tag=情侣,behavior=effective_view,42,0.0004130199626315272,0.5316455696202531,0.7344523566727827
city_level=二线城市 & theme=5,behavior=effective_view,119,0.0011702232274559937,0.5288888888888889,0.7306440851937387
theme=5,behavior=effective_view,636,0.006254302291277412,0.5282392026578073,0.7297465632152211
tag=糖果,behavior=effective_view,20,0.00019667617268167962,0.5263157894736842,0.7270894257788201
tag=古彩戏法,behavior=effective_view,20,0.00019667617268167962,0.5263157894736842,0.7270894257788201
tag=120w超级快充,behavior=effective_view,20,0.00019667617268167962,0.5263157894736842,0.7270894257788201
tag=糖果 & theme=12,behavior=effective_view,20,0.00019667617268167962,0.5263157894736842,0.7270894257788201
tag=古彩戏法 & theme=15,behavior=effective_view,20,0.00019667617268167962,0.5263157894736842,0.7270894257788201
tag=120w超级快充 & tag=好物推荐,behavior=effective_view,20,0.00019667617268167962,0.5263157894736842,0.7270894257788201
tag=120w超级快充 & tag=数据线,behavior=effective_view,20,0.00019667617268167962,0.5263157894736842,0.7270894257788201
tag=120w超级快充 & theme=27,behavior=effective_view,20,0.00019667617268167962,0.5263157894736842,0.7270894257788201
tag=好物推荐 & tag=数据线,behavior=effective_view,20,0.00019667617268167962,0.5263157894736842,0.7270894257788201
age_group=19-25 & tag=情侣,behavior=effective_view,93,0.0009145442029698102,0.5254237288135594,0.7258570708198729
age_group=19-25 & theme=10,behavior=effective_view,104,0.001022716097944734,0.5252525252525253,0.7256205582519942
tag=快手影视高热计划 & tag=暑期不断片,behavior=effective_view,21,0.0002065099813157636,0.525,0.7252717022143731
gender=M & tag=致敬中国军人,behavior=effective_view,23,0.00022617759858393157,0.5227272727272727,0.7221319978757826
tag=集合吧光合创作者 & theme=2,behavior=effective_view,24,0.00023601140721801555,0.5217391304347826,0.7207669090329173
age_group=26-35 & tag=三农,behavior=effective_view,28,0.00027534664175435147,0.5185185185185185,0.7163177305820968
gender=M & theme=5,behavior=effective_view,328,0.0032254892319795456,0.5181674565560821,0.7158327490448035
tag=零食 & theme=12,behavior=effective_view,33,0.00032451568492477135,0.515625,0.7123204218176877
age_group=19-25 & theme=5,behavior=effective_view,107,0.001052217523846986,0.5144230769230769,0.7106600012540101
tag=热,behavior=effective_view,21,0.0002065099813157636,0.5121951219512195,0.7075821485018273
gender=M & tag=翻唱,behavior=effective_view,22,0.00021634378994984759,0.5116279069767442,0.706798558082667
gender=M & tag=美妆百万新星计划,behavior=effective_view,22,0.00021634378994984759,0.5116279069767442,0.706798558082667
city_level=新一线城市 & tag=好物分享,behavior=effective_view,25,0.0002458452158520995,0.5102040816326531,0.7048315862141623
age_group=26-35 & theme=5,behavior=effective_view,140,0.0013767332087717573,0.5072463768115942,0.7007456060042252
age_group=36-45 & tag=情侣,behavior=effective_view,56,0.0005506932835087029,0.5045045045045045,0.6969577919177158
tag=好物推荐,behavior=effective_view,139,0.0013668994001376734,0.5036231884057971,0.6957402802470521
tag=快手游戏热点,behavior=effective_view,28,0.00027534664175435147,0.5,0.6907349544898791
tag=快手游戏热点 & theme=3,behavior=effective_view,28,0.00027534664175435147,0.5,0.6907349544898791
city_level=三线城市 & tag=好物推荐,behavior=effective_view,27,0.00026551283312026746,0.5,0.6907349544898791
gender=M & tag=穿搭,behavior=effective_view,25,0.0002458452158520995,0.5,0.6907349544898791
tag=纯音乐,behavior=effective_view,24,0.00023601140721801555,0.5,0.6907349544898791
tag=黑枸杞桑葚玫瑰茶,behavior=effective_view,23,0.00022617759858393157,0.5,0.6907349544898791
gender=M & tag=数据线,behavior=effective_view,22,0.00021634378994984759,0.5,0.6907349544898791
city_level=三线城市 & tag=情侣,behavior=effective_view,79,0.0007768708820926344,0.4968553459119497,0.6863907094930873
tag=文案,behavior=effective_view,49,0.00048185662307011505,0.494949494949495,0.683757833737456
age_group=19-25 & tag=好物分享,behavior=effective_view,43,0.00042285377126561116,0.4942528735632184,0.6827954722543632
gender=M & tag=情侣,behavior=effective_view,186,0.0018290884059396204,0.49206349206349204,0.6797709075932142
city_level=二线城市 & tag=好物推荐,behavior=effective_view,24,0.00023601140721801555,0.4897959183673469,0.6766383227655958
tag=数据线,behavior=effective_view,23,0.00022617759858393157,0.48936170212765956,0.6760384660964773
tag=数据线 & theme=27,behavior=effective_view,23,0.00022617759858393157,0.48936170212765956,0.6760384660964773
gender=M & tag=好物推荐,behavior=effective_view,103,0.00101288228931065,0.4858490566037736,0.6711858520043165
gender=F & tag=小小喵,behavior=effective_view,27,0.00026551283312026746,0.48214285714285715,0.6660658489723834
gender=F & tag=零食推荐,behavior=effective_view,36,0.0003540171108270233,0.48,0.6631055563102839
age_group=36-45 & theme=5,behavior=effective_view,124,0.0012193922706264136,0.47876447876447875,0.6613987209015058
age_group=19-25 & tag=小小喵,behavior=effective_view,33,0.00032451568492477135,0.4782608695652174,0.6607029999468409
gender=M & tag=纯音乐,behavior=effective_view,22,0.00021634378994984759,0.4782608695652174,0.6607029999468409
age_group=26-35 & theme=26,behavior=effective_view,42,0.0004130199626315272,0.4772727272727273,0.6593379111039754
city_level=二线城市 & tag=旅行,behavior=effective_view,27,0.00026551283312026746,0.47368421052631576,0.654380483200938
city_level=三线城市 & theme=8,behavior=effective_view,64,0.0006293637525813748,0.46715328467153283,0.6453582056547775
tag=情感 & theme=26,behavior=effective_view,35,0.0003441833021929393,0.4666666666666667,0.6446859575238871
age_group=46-60 & theme=8,behavior=effective_view,52,0.000511358048972367,0.4642857142857143,0.6413967434548877
age_group=26-35 & tag=零食推荐,behavior=effective_view,27,0.00026551283312026746,0.4576271186440678,0.6321980939398893
tag=情感 & tag=文案,behavior=effective_view,25,0.0002458452158520995,0.45454545454545453,0.6279408677180719
city_level=新一线城市 & theme=5,behavior=effective_view,59,0.0005801947094109549,0.45038167938931295,0.6221887376321048
gender=F & tag=文案,behavior=effective_view,26,0.0002556790244861835,0.4482758620689655,0.6192796143702364
age_group=19-25 & tag=快手美食家,behavior=effective_view,30,0.00029501425902251943,0.44776119402985076,0.6185686159610857
tag=好物分享 & tag=弹弓,behavior=effective_view,20,0.00019667617268167962,0.4444444444444444,0.6139866262132258
tag=好物分享 & theme=15,behavior=effective_view,20,0.00019667617268167962,0.4444444444444444,0.6139866262132258
tag=车载音乐 & theme=2,behavior=effective_view,20,0.00019667617268167962,0.4444444444444444,0.6139866262132258
tag=零食推荐,behavior=effective_view,84,0.0008260399252630544,0.4397905759162304,0.6075574468811502
tag=零食推荐 & theme=12,behavior=effective_view,82,0.0008063723079948864,0.43617021276595747,0.602556024129469
tag=车载音乐,behavior=effective_view,20,0.00019667617268167962,0.43478260869565216,0.6006390908607644
tag=小小喵,behavior=effective_view,62,0.0006096961353132068,0.43356643356643354,0.5989589815156993
age_group=36-45 & tag=旅行,behavior=effective_view,34,0.00033434949355885536,0.43037974683544306,0.5945566696874909
city_level=四线城市 & tag=勤俭节约不浪费粮食传播正能量,behavior=effective_view,23,0.00022617759858393157,0.42592592592592593,0.588403850121008
city_level=四线城市 & tag=我爱吃美食,behavior=effective_view,23,0.00022617759858393157,0.42592592592592593,0.588403850121008
city_level=四线城市 & tag=珍惜粮食拒绝浪费,behavior=effective_view,23,0.00022617759858393157,0.42592592592592593,0.588403850121008
gender=F & tag=快手本地生活,behavior=effective_view,23,0.00022617759858393157,0.42592592592592593,0.588403850121008
tag=面具之下是更美的面具,behavior=effective_view,20,0.00019667617268167962,0.425531914893617,0.5878595357360673
tag=幸福乡村丰收季,behavior=effective_view,35,0.0003441833021929393,0.42168674698795183,0.5825475519794161
city_level=二线城市 & tag=国庆假期,behavior=effective_view,20,0.00019667617268167962,0.4166666666666667,0.5756124620748992
tag=文案 & theme=26,behavior=effective_view,20,0.00019667617268167962,0.4166666666666667,0.5756124620748992
gender=M & tag=零食推荐,behavior=effective_view,48,0.0004720228144360311,0.41379310344827586,0.5716427209571413
tag=快手本地生活 & theme=12,behavior=effective_view,38,0.0003736847280951913,0.40860215053763443,0.5644715757121592
tag=球鞋,behavior=effective_view,22,0.00021634378994984759,0.4074074074074074,0.5628210740287903
age_group=26-35 & tag=旅行,behavior=effective_view,37,0.0003638509194611073,0.4065934065934066,0.5616965563983631
tag=快手本地生活,behavior=effective_view,39,0.00038351853672927524,0.40625,0.5612221505230267
age_group=26-35 & tag=国庆假期,behavior=effective_view,36,0.0003540171108270233,0.4044943820224719,0.5587968171154077
tag=天气预报求雨舞,behavior=effective_view,31,0.0003048480676566034,0.4025974025974026,0.5561761971217208
gender=M & tag=小小喵,behavior=effective_view,35,0.0003441833021929393,0.40229885057471265,0.5557637564861097
city_level=五线城市 & tag=旅行,behavior=effective_view,27,0.00026551283312026746,0.39705882352941174,0.5485248168007862
gender=M & tag=勤俭节约不浪费粮食传播正能量,behavior=effective_view,40,0.00039335234536335925,0.39603960396039606,0.5471167956355478
gender=M & tag=我爱吃美食,behavior=effective_view,40,0.00039335234536335925,0.39603960396039606,0.5471167956355478
gender=F & tag=国庆假期,behavior=effective_view,37,0.0003638509194611073,0.39361702127659576,0.5437700705558622
gender=M & tag=珍惜粮食拒绝浪费,behavior=effective_view,40,0.00039335234536335925,0.39215686274509803,0.5417529054822581
city_level=五线城市 & tag=国庆假期,behavior=effective_view,25,0.0002458452158520995,0.390625,0.539636683195218
gender=F & tag=旅行,behavior=effective_view,39,0.00038351853672927524,0.39,0.5387732645021057
tag=好物推荐 & theme=11,behavior=effective_view,26,0.0002556790244861835,0.3880597014925373,0.5360928004996076
tag=球鞋 & theme=5,behavior=effective_view,20,0.00019667617268167962,0.38461538461538464,0.5313345803768301
age_group=26-35 & tag=好物推荐,behavior=effective_view,23,0.00022617759858393157,0.38333333333333336,0.5295634651089073
tag=旅行,behavior=effective_view,136,0.0013373979742354214,0.38309859154929576,0.5292391763978791
tag=每个人都有一块庇护之地,behavior=effective_view,26,0.0002556790244861835,0.38235294117647056,0.5282090828452016
tag=旅行 & theme=10,behavior=effective_view,135,0.0013275641656013374,0.3813559322033898,0.5268317449499077
gender=M & tag=旅行,behavior=effective_view,97,0.0009538794375061461,0.3803921568627451,0.5255003183177903
tag=咱村好物丰收了,behavior=effective_view,28,0.00027534664175435147,0.3783783783783784,0.5227183439382869
tag=我把丰收唱给你听,behavior=effective_view,28,0.00027534664175435147,0.3783783783783784,0.5227183439382869
tag=咱村好物丰收了 & tag=幸福乡村丰收季,behavior=effective_view,28,0.00027534664175435147,0.3783783783783784,0.5227183439382869
tag=咱村好物丰收了 & tag=我把丰收唱给你听,behavior=effective_view,28,0.00027534664175435147,0.3783783783783784,0.5227183439382869
tag=咱村好物丰收了 & theme=2,behavior=effective_view,28,0.00027534664175435147,0.3783783783783784,0.5227183439382869
tag=幸福乡村丰收季 & tag=我把丰收唱给你听,behavior=effective_view,28,0.00027534664175435147,0.3783783783783784,0.5227183439382869
tag=幸福乡村丰收季 & theme=2,behavior=effective_view,28,0.00027534664175435147,0.3783783783783784,0.5227183439382869
tag=我把丰收唱给你听 & theme=2,behavior=effective_view,28,0.00027534664175435147,0.3783783783783784,0.5227183439382869
city_level=四线城市 & tag=旅行,behavior=effective_view,32,0.0003146818762906874,0.3764705882352941,0.5200827892629678
tag=暗黑破坏神不朽,behavior=effective_view,25,0.0002458452158520995,0.373134328358209,0.5154738466342381
tag=暗黑破坏神不朽 & tag=每个人都有一块庇护之地,behavior=effective_view,25,0.0002458452158520995,0.373134328358209,0.5154738466342381
gender=M & tag=每个人都有一块庇护之地,behavior=effective_view,24,0.00023601140721801555,0.36923076923076925,0.5100811971617568
tag=多功能去污,behavior=effective_view,23,0.00022617759858393157,0.36507936507936506,0.5043461572465784
tag=多功能去污 & tag=好物推荐,behavior=effective_view,23,0.00022617759858393157,0.36507936507936506,0.5043461572465784
tag=多功能去污 & tag=小小喵,behavior=effective_view,23,0.00022617759858393157,0.36507936507936506,0.5043461572465784
tag=多功能去污 & theme=11,behavior=effective_view,23,0.00022617759858393157,0.36507936507936506,0.5043461572465784
tag=小小喵 & theme=11,behavior=effective_view,23,0.00022617759858393157,0.36507936507936506,0.5043461572465784
tag=珍惜粮食拒绝浪费,behavior=effective_view,66,0.0006490313698495427,0.36464088397790057,0.5037404087992489
tag=珍惜粮食拒绝浪费 & theme=12,behavior=effective_view,66,0.0006490313698495427,0.36464088397790057,0.5037404087992489
city_level=四线城市 & tag=国庆假期,behavior=effective_view,28,0.00027534664175435147,0.36363636363636365,0.5023526941744575
tag=暗黑破坏神不朽 & theme=3,behavior=effective_view,24,0.00023601140721801555,0.36363636363636365,0.5023526941744575
tag=每个人都有一块庇护之地 & theme=3,behavior=effective_view,24,0.00023601140721801555,0.36363636363636365,0.5023526941744575
tag=潮鞋,behavior=effective_view,23,0.00022617759858393157,0.359375,0.49646574853960057
gender=M & tag=暗黑破坏神不朽,behavior=effective_view,23,0.00022617759858393157,0.359375,0.49646574853960057
tag=勤俭节约不浪费粮食传播正能量,behavior=effective_view,63,0.0006195299439472907,0.3559322033898305,0.4917096286199139
tag=我爱吃美食,behavior=effective_view,63,0.0006195299439472907,0.3559322033898305,0.4917096286199139
tag=勤俭节约不浪费粮食传播正能量 & tag=我爱吃美食,behavior=effective_view,63,0.0006195299439472907,0.3559322033898305,0.4917096286199139
tag=勤俭节约不浪费粮食传播正能量 & tag=珍惜粮食拒绝浪费,behavior=effective_view,63,0.0006195299439472907,0.3559322033898305,0.4917096286199139
tag=勤俭节约不浪费粮食传播正能量 & theme=12,behavior=effective_view,63,0.0006195299439472907,0.3559322033898305,0.4917096286199139
tag=我爱吃美食 & tag=珍惜粮食拒绝浪费,behavior=effective_view,63,0.0006195299439472907,0.3559322033898305,0.4917096286199139
tag=我爱吃美食 & theme=12,behavior=effective_view,63,0.0006195299439472907,0.3559322033898305,0.4917096286199139
tag=国庆假期,behavior=effective_view,114,0.0011210541842855738,0.35403726708074534,0.48909183112947957
tag=国庆假期 & tag=情侣,behavior=effective_view,114,0.0011210541842855738,0.35403726708074534,0.48909183112947957
tag=国庆假期 & tag=旅行,behavior=effective_view,114,0.0011210541842855738,0.35403726708074534,0.48909183112947957
tag=国庆假期 & theme=10,behavior=effective_view,114,0.0011210541842855738,0.35403726708074534,0.48909183112947957
tag=情侣 & tag=旅行,behavior=effective_view,114,0.0011210541842855738,0.35403726708074534,0.48909183112947957
tag=情侣 & theme=10,behavior=effective_view,114,0.0011210541842855738,0.35403726708074534,0.48909183112947957
age_group=19-25 & tag=国庆假期,behavior=effective_view,36,0.0003540171108270233,0.35294117647058826,0.4875776149340323
age_group=19-25 & tag=旅行,behavior=effective_view,37,0.0003638509194611073,0.3490566037735849,0.4822111946438778
age_group=36-45 & tag=国庆假期,behavior=effective_view,22,0.00021634378994984759,0.3384615384615385,0.4675744307316105
tag=好物推荐 & tag=小小喵,behavior=effective_view,25,0.0002458452158520995,0.33783783783783783,0.4667128070877561
gender=M & tag=国庆假期,behavior=effective_view,77,0.0007572032648244665,0.33771929824561403,0.4665490482080762
gender=F & tag=珍惜粮食拒绝浪费,behavior=effective_view,26,0.0002556790244861835,0.3291139240506329,0.45466098270219885
city_level=三线城市 & tag=旅行,behavior=effective_view,26,0.0002556790244861835,0.3132530120481928,0.432749610041852
gender=F & tag=勤俭节约不浪费粮食传播正能量,behavior=effective_view,23,0.00022617759858393157,0.3026315789473684,0.4180764198228215
gender=F & tag=我爱吃美食,behavior=effective_view,23,0.00022617759858393157,0.3026315789473684,0.4180764198228215
city_level=三线城市 & tag=国庆假期,behavior=effective_view,21,0.0002065099813157636,0.27631578947368424,0.3817219485338806
tag=备婚的小仙女,behavior=effective_view,31,0.0003048480676566034,0.21379310344827587,0.2953487391611897
tag=备婚日常,behavior=effective_view,23,0.00022617759858393157,0.1678832116788321,0.23192560515718566
tag=结婚倒计时,behavior=effective_view,23,0.00022617759858393157,0.1678832116788321,0.23192560515718566
tag=备婚日常 & tag=备婚的小仙女,behavior=effective_view,23,0.00022617759858393157,0.1678832116788321,0.23192560515718566
tag=备婚日常 & tag=结婚倒计时,behavior=effective_view,23,0.00022617759858393157,0.1678832116788321,0.23192560515718566
tag=备婚日常 & theme=11,behavior=effective_view,23,0.00022617759858393157,0.1678832116788321,0.23192560515718566
tag=备婚的小仙女 & tag=结婚倒计时,behavior=effective_view,23,0.00022617759858393157,0.1678832116788321,0.23192560515718566
tag=备婚的小仙女 & theme=11,behavior=effective_view,23,0.00022617759858393157,0.1678832116788321,0.23192560515718566
tag=结婚倒计时 & theme=11,behavior=effective_view,23,0.00022617759858393157,0.1678832116788321,0.23192560515718566
